organizationId,company_name,asset_name,data_type,metric,unit,month,reportedYear,total_value,customer_id,level,immediate_parent_name,top_parent_name,is_negative,is_zero,is_sparse_metric
354342113419,Frontier Developments Ltd.,Maldives Beach Resort,Electricity Consumption,Electricity,kWh,2026-01,2026,10.0,1704,0,,Frontier Developments Ltd.,False,False,False
354342113419,Frontier Developments Ltd.,Alexandra Business Park,Electricity Consumption,Electricity,kWh,2026-01,2026,31300.0,1704,0,,Frontier Developments Ltd.,False,False,False
354342113419,Frontier Developments Ltd.,Raffles Place Centre,Electricity Consumption,Electricity,kWh,2026-02,2026,1134061.4568,1704,0,,Frontier Developments Ltd.,False,False,False
354342113419,Frontier Developments Ltd.,Maldives Beach Resort,Electricity Consumption,Electricity,kWh,2026-02,2026,0.0,1704,0,,Frontier Developments Ltd.,False,True,False
354342113419,Frontier Developments Ltd.,Alexandra Business Park,Electricity Consumption,Electricity,kWh,2026-02,2026,18920.0,1704,0,,Frontier Developments Ltd.,False,False,False
354342113419,Frontier Developments Ltd.,Raffles Place Centre,Electricity Consumption,Electricity,kWh,2026-03,2026,119735.042,1704,0,,Frontier Developments Ltd.,False,False,False
354342113419,Frontier Developments Ltd.,Maldives Beach Resort,Electricity Consumption,Electricity,kWh,2026-03,2026,0.0,1704,0,,Frontier Developments Ltd.,False,True,False
354342113419,Frontier Developments Ltd.,Alexandra Business Park,Electricity Consumption,Electricity,kWh,2026-03,2026,17380.121,1704,0,,Frontier Developments Ltd.,False,False,False
354342113419,Frontier Developments Ltd.,Maldives Beach Resort,Electricity Consumption,Electricity,kWh,2026-04,2026,0.0,1704,0,,Frontier Developments Ltd.,False,True,False
354342113419,Frontier Developments Ltd.,Alexandra Business Park,Electricity Consumption,Electricity,kWh,2026-04,2026,17380.121,1704,0,,Frontier Developments Ltd.,False,False,False
354342113419,Frontier Developments Ltd.,Maldives Beach Resort,Electricity Consumption,Electricity,kWh,2026-05,2026,0.0,1704,0,,Frontier Developments Ltd.,False,True,False
354342113419,Frontier Developments Ltd.,Alexandra Business Park,Electricity Consumption,Electricity,kWh,2026-05,2026,17380.121,1704,0,,Frontier Developments Ltd.,False,False,False
354342113419,Frontier Developments Ltd.,Maldives Beach Resort,Electricity Consumption,Electricity,kWh,2026-06,2026,0.0,1704,0,,Frontier Developments Ltd.,False,True,False
354342113419,Frontier Developments Ltd.,Alexandra Business Park,Electricity Consumption,Electricity,kWh,2026-06,2026,17380.121,1704,0,,Frontier Developments Ltd.,False,False,False
354342113419,Frontier Developments Ltd.,Maldives Beach Resort,Electricity Consumption,Electricity,kWh,2026-07,2026,0.0,1704,0,,Frontier Developments Ltd.,False,True,False
354342113419,Frontier Developments Ltd.,Alexandra Business Park,Electricity Consumption,Electricity,kWh,2026-07,2026,17380.121,1704,0,,Frontier Developments Ltd.,False,False,False
354342113419,Frontier Developments Ltd.,Maldives Beach Resort,Electricity Consumption,Electricity,kWh,2026-08,2026,0.0,1704,0,,Frontier Developments Ltd.,False,True,False
354342113419,Frontier Developments Ltd.,Alexandra Business Park,Electricity Consumption,Electricity,kWh,2026-08,2026,17380.121,1704,0,,Frontier Developments Ltd.,False,False,False
354342113419,Frontier Developments Ltd.,Maldives Beach Resort,Electricity Consumption,Electricity,kWh,2026-09,2026,0.0,1704,0,,Frontier Developments Ltd.,False,True,False
354342113419,Frontier Developments Ltd.,Alexandra Business Park,Electricity Consumption,Electricity,kWh,2026-09,2026,17380.121,1704,0,,Frontier Developments Ltd.,False,False,False
354342113419,Frontier Developments Ltd.,Maldives Beach Resort,Electricity Consumption,Electricity,kWh,2026-10,2026,0.0,1704,0,,Frontier Developments Ltd.,False,True,False
354342113419,Frontier Developments Ltd.,Alexandra Business Park,Electricity Consumption,Electricity,kWh,2026-10,2026,17380.121,1704,0,,Frontier Developments Ltd.,False,False,False
354342113419,Frontier Developments Ltd.,Maldives Beach Resort,Electricity Consumption,Electricity,kWh,2026-11,2026,0.0,1704,0,,Frontier Developments Ltd.,False,True,False
354342113419,Frontier Developments Ltd.,Alexandra Business Park,Electricity Consumption,Electricity,kWh,2026-11,2026,17380.121,1704,0,,Frontier Developments Ltd.,False,False,False
354342113419,Frontier Developments Ltd.,Maldives Beach Resort,Electricity Consumption,Electricity,kWh,2026-12,2026,0.0,1704,0,,Frontier Developments Ltd.,False,True,False
354342113419,Frontier Developments Ltd.,Alexandra Business Park,Electricity Consumption,Electricity,kWh,2026-12,2026,18320.0,1704,0,,Frontier Developments Ltd.,False,False,False
354342113419,Frontier Developments Ltd.,Maldives Beach Resort,Stationary Asset Combustion,Diesel,litre,2026-01,2026,10.0,1704,0,,Frontier Developments Ltd.,False,False,False
354342113419,Frontier Developments Ltd.,Maldives Beach Resort,Stationary Asset Combustion,Diesel,litre,2026-02,2026,0.0,1704,0,,Frontier Developments Ltd.,False,True,False
354342113419,Frontier Developments Ltd.,Maldives Beach Resort,Stationary Asset Combustion,Diesel,litre,2026-03,2026,0.0,1704,0,,Frontier Developments Ltd.,False,True,False
354342113419,Frontier Developments Ltd.,Maldives Beach Resort,Stationary Asset Combustion,Diesel,litre,2026-04,2026,0.0,1704,0,,Frontier Developments Ltd.,False,True,False
354342113419,Frontier Developments Ltd.,Maldives Beach Resort,Stationary Asset Combustion,Diesel,litre,2026-05,2026,0.0,1704,0,,Frontier Developments Ltd.,False,True,False
354342113419,Frontier Developments Ltd.,Maldives Beach Resort,Stationary Asset Combustion,Diesel,litre,2026-06,2026,0.0,1704,0,,Frontier Developments Ltd.,False,True,False
354342113419,Frontier Developments Ltd.,Maldives Beach Resort,Stationary Asset Combustion,Diesel,litre,2026-07,2026,0.0,1704,0,,Frontier Developments Ltd.,False,True,False
354342113419,Frontier Developments Ltd.,Maldives Beach Resort,Stationary Asset Combustion,Diesel,litre,2026-08,2026,0.0,1704,0,,Frontier Developments Ltd.,False,True,False
354342113419,Frontier Developments Ltd.,Maldives Beach Resort,Stationary Asset Combustion,Diesel,litre,2026-09,2026,0.0,1704,0,,Frontier Developments Ltd.,False,True,False
354342113419,Frontier Developments Ltd.,Maldives Beach Resort,Stationary Asset Combustion,Diesel,litre,2026-10,2026,0.0,1704,0,,Frontier Developments Ltd.,False,True,False
354342113419,Frontier Developments Ltd.,Maldives Beach Resort,Stationary Asset Combustion,Diesel,litre,2026-11,2026,0.0,1704,0,,Frontier Developments Ltd.,False,True,False
354342113419,Frontier Developments Ltd.,Maldives Beach Resort,Stationary Asset Combustion,Diesel,litre,2026-12,2026,0.0,1704,0,,Frontier Developments Ltd.,False,True,False
354342113419,Frontier Developments Ltd.,Maldives Beach Resort,Water,Newater,m³,2026-01,2026,99.0,1704,0,,Frontier Developments Ltd.,False,False,False
354342113419,Frontier Developments Ltd.,Maldives Beach Resort,Water,Newater,m³,2026-02,2026,0.0,1704,0,,Frontier Developments Ltd.,False,True,False
354342113419,Frontier Developments Ltd.,Maldives Beach Resort,Water,Newater,m³,2026-03,2026,0.0,1704,0,,Frontier Developments Ltd.,False,True,False
354342113419,Frontier Developments Ltd.,Maldives Beach Resort,Water,Newater,m³,2026-04,2026,0.0,1704,0,,Frontier Developments Ltd.,False,True,False
354342113419,Frontier Developments Ltd.,Maldives Beach Resort,Water,Newater,m³,2026-05,2026,0.0,1704,0,,Frontier Developments Ltd.,False,True,False
354342113419,Frontier Developments Ltd.,Maldives Beach Resort,Water,Newater,m³,2026-06,2026,0.0,1704,0,,Frontier Developments Ltd.,False,True,False
354342113419,Frontier Developments Ltd.,Maldives Beach Resort,Water,Newater,m³,2026-07,2026,0.0,1704,0,,Frontier Developments Ltd.,False,True,False
354342113419,Frontier Developments Ltd.,Maldives Beach Resort,Water,Newater,m³,2026-08,2026,0.0,1704,0,,Frontier Developments Ltd.,False,True,False
354342113419,Frontier Developments Ltd.,Maldives Beach Resort,Water,Newater,m³,2026-09,2026,0.0,1704,0,,Frontier Developments Ltd.,False,True,False
354342113419,Frontier Developments Ltd.,Maldives Beach Resort,Water,Newater,m³,2026-10,2026,0.0,1704,0,,Frontier Developments Ltd.,False,True,False
354342113419,Frontier Developments Ltd.,Maldives Beach Resort,Water,Newater,m³,2026-11,2026,0.0,1704,0,,Frontier Developments Ltd.,False,True,False
354342113419,Frontier Developments Ltd.,Maldives Beach Resort,Water,Newater,m³,2026-12,2026,0.0,1704,0,,Frontier Developments Ltd.,False,True,False
354342113419,Frontier Developments Ltd.,Alexandra Business Park,Water,Potable water,m³,2026-01,2026,489.9,1704,0,,Frontier Developments Ltd.,False,False,False
354342113419,Frontier Developments Ltd.,Alexandra Business Park,Water,Potable water,m³,2026-02,2026,489.9,1704,0,,Frontier Developments Ltd.,False,False,False
354342113419,Frontier Developments Ltd.,Alexandra Business Park,Water,Potable water,m³,2026-03,2026,489.9,1704,0,,Frontier Developments Ltd.,False,False,False
354342113419,Frontier Developments Ltd.,Alexandra Business Park,Water,Potable water,m³,2026-04,2026,489.9,1704,0,,Frontier Developments Ltd.,False,False,False
354342113419,Frontier Developments Ltd.,Alexandra Business Park,Water,Potable water,m³,2026-05,2026,489.9,1704,0,,Frontier Developments Ltd.,False,False,False
354342113419,Frontier Developments Ltd.,Alexandra Business Park,Water,Potable water,m³,2026-06,2026,489.9,1704,0,,Frontier Developments Ltd.,False,False,False
354342113419,Frontier Developments Ltd.,Alexandra Business Park,Water,Potable water,m³,2026-07,2026,489.9,1704,0,,Frontier Developments Ltd.,False,False,False
354342113419,Frontier Developments Ltd.,Alexandra Business Park,Water,Potable water,m³,2026-08,2026,489.9,1704,0,,Frontier Developments Ltd.,False,False,False
354342113419,Frontier Developments Ltd.,Alexandra Business Park,Water,Potable water,m³,2026-09,2026,489.9,1704,0,,Frontier Developments Ltd.,False,False,False
354342113419,Frontier Developments Ltd.,Alexandra Business Park,Water,Potable water,m³,2026-10,2026,489.9,1704,0,,Frontier Developments Ltd.,False,False,False
354342113419,Frontier Developments Ltd.,Alexandra Business Park,Water,Potable water,m³,2026-11,2026,489.9,1704,0,,Frontier Developments Ltd.,False,False,False
354342113419,Frontier Developments Ltd.,Alexandra Business Park,Water,Potable water,m³,2026-12,2026,489.9,1704,0,,Frontier Developments Ltd.,False,False,False
214832269481,Crestline Real Estate Pte. Ltd.,Riverside Walk Mall,Electricity Consumption,Electricity,kWh,2025-01,2025,2642349.31,1705,1,Frontier Developments Ltd.,Frontier Developments Ltd.,False,False,False
214832269481,Crestline Real Estate Pte. Ltd.,Tanjong Pagar Plaza,Electricity Consumption,Electricity,kWh,2025-01,2025,785543.51,1705,1,Frontier Developments Ltd.,Frontier Developments Ltd.,False,False,False
763595448017,Apex Holdings Pte. Ltd.,Dempsey Hill Estate,Electricity Consumption,Electricity,kWh,2025-01,2025,975928.0,1721,2,Crestline Real Estate Pte. Ltd.,Frontier Developments Ltd.,False,False,False
354342113419,Frontier Developments Ltd.,Maldives Beach Resort,Electricity Consumption,Electricity,kWh,2025-01,2025,21494.0,1704,0,,Frontier Developments Ltd.,False,False,False
223005401501,Delta Asset Management Ltd.,Melbourne Central Tower,Electricity Consumption,Electricity,kWh,2025-01,2025,3048.0,1719,2,Kestrel Properties Pte. Ltd.,Frontier Developments Ltd.,False,False,False
223005401501,Delta Asset Management Ltd.,Sydney Harbour Suites,Electricity Consumption,Electricity,kWh,2025-01,2025,3048.0,1719,2,Kestrel Properties Pte. Ltd.,Frontier Developments Ltd.,False,False,False
354342113419,Frontier Developments Ltd.,Alexandra Business Park,Electricity Consumption,Electricity,kWh,2025-01,2025,7240.0,1704,0,,Frontier Developments Ltd.,False,False,False
354342113419,Frontier Developments Ltd.,Orchard Grand Residences,Electricity Consumption,Electricity,kWh,2025-01,2025,536.0,1704,0,,Frontier Developments Ltd.,False,False,False
354342113419,Frontier Developments Ltd.,Sentosa Cove Villas,Electricity Consumption,Electricity,kWh,2025-01,2025,352089.46,1704,0,,Frontier Developments Ltd.,False,False,False
214832269481,Crestline Real Estate Pte. Ltd.,City Plaza Commercial,Electricity Consumption,Electricity,kWh,2025-01,2025,781407.6,1705,1,Frontier Developments Ltd.,Frontier Developments Ltd.,False,False,False
354342113419,Frontier Developments Ltd.,Jurong Lake District Tower,Electricity Consumption,Electricity,kWh,2025-01,2025,131.0,1704,0,,Frontier Developments Ltd.,False,False,False
763595448017,Apex Holdings Pte. Ltd.,Dempsey Hill Estate,Renewable Energy,Electricity,kWh,2025-01,2025,92589.0,1721,2,Crestline Real Estate Pte. Ltd.,Frontier Developments Ltd.,False,False,False
214832269481,Crestline Real Estate Pte. Ltd.,City Plaza Commercial,Electricity Consumption,Electricity,kWh,2025-02,2025,741383.01,1705,1,Frontier Developments Ltd.,Frontier Developments Ltd.,False,False,False
763595448017,Apex Holdings Pte. Ltd.,Dempsey Hill Estate,Electricity Consumption,Electricity,kWh,2025-02,2025,854193.0,1721,2,Crestline Real Estate Pte. Ltd.,Frontier Developments Ltd.,False,False,False
214832269481,Crestline Real Estate Pte. Ltd.,Tanjong Pagar Plaza,Electricity Consumption,Electricity,kWh,2025-02,2025,751569.27,1705,1,Frontier Developments Ltd.,Frontier Developments Ltd.,False,False,False
354342113419,Frontier Developments Ltd.,Jurong Lake District Tower,Electricity Consumption,Electricity,kWh,2025-02,2025,253.0,1704,0,,Frontier Developments Ltd.,False,False,False
354342113419,Frontier Developments Ltd.,Sentosa Cove Villas,Electricity Consumption,Electricity,kWh,2025-02,2025,343334.52,1704,0,,Frontier Developments Ltd.,False,False,False
223005401501,Delta Asset Management Ltd.,Melbourne Central Tower,Electricity Consumption,Electricity,kWh,2025-02,2025,177.0,1719,2,Kestrel Properties Pte. Ltd.,Frontier Developments Ltd.,False,False,False
214832269481,Crestline Real Estate Pte. Ltd.,Riverside Walk Mall,Electricity Consumption,Electricity,kWh,2025-02,2025,2471831.92,1705,1,Frontier Developments Ltd.,Frontier Developments Ltd.,False,False,False
354342113419,Frontier Developments Ltd.,Alexandra Business Park,Electricity Consumption,Electricity,kWh,2025-02,2025,58664.0,1704,0,,Frontier Developments Ltd.,False,False,False
354342113419,Frontier Developments Ltd.,Maldives Beach Resort,Electricity Consumption,Electricity,kWh,2025-02,2025,33560.0,1704,0,,Frontier Developments Ltd.,False,False,False
354342113419,Frontier Developments Ltd.,Orchard Grand Residences,Electricity Consumption,Electricity,kWh,2025-02,2025,453.0,1704,0,,Frontier Developments Ltd.,False,False,False
223005401501,Delta Asset Management Ltd.,Sydney Harbour Suites,Electricity Consumption,Electricity,kWh,2025-02,2025,177.0,1719,2,Kestrel Properties Pte. Ltd.,Frontier Developments Ltd.,False,False,False
763595448017,Apex Holdings Pte. Ltd.,Dempsey Hill Estate,Renewable Energy,Electricity,kWh,2025-02,2025,120670.0,1721,2,Crestline Real Estate Pte. Ltd.,Frontier Developments Ltd.,False,False,False
354342113419,Frontier Developments Ltd.,Alexandra Business Park,Electricity Consumption,Electricity,kWh,2025-03,2025,52176.78,1704,0,,Frontier Developments Ltd.,False,False,False
214832269481,Crestline Real Estate Pte. Ltd.,Riverside Walk Mall,Electricity Consumption,Electricity,kWh,2025-03,2025,2728984.63,1705,1,Frontier Developments Ltd.,Frontier Developments Ltd.,False,False,False
763595448017,Apex Holdings Pte. Ltd.,Dempsey Hill Estate,Electricity Consumption,Electricity,kWh,2025-03,2025,964811.0,1721,2,Crestline Real Estate Pte. Ltd.,Frontier Developments Ltd.,False,False,False
354342113419,Frontier Developments Ltd.,Maldives Beach Resort,Electricity Consumption,Electricity,kWh,2025-03,2025,32676.0,1704,0,,Frontier Developments Ltd.,False,False,False
354342113419,Frontier Developments Ltd.,Orchard Grand Residences,Electricity Consumption,Electricity,kWh,2025-03,2025,468.0,1704,0,,Frontier Developments Ltd.,False,False,False
214832269481,Crestline Real Estate Pte. Ltd.,City Plaza Commercial,Electricity Consumption,Electricity,kWh,2025-03,2025,790889.49,1705,1,Frontier Developments Ltd.,Frontier Developments Ltd.,False,False,False
214832269481,Crestline Real Estate Pte. Ltd.,Tanjong Pagar Plaza,Electricity Consumption,Electricity,kWh,2025-03,2025,810158.28,1705,1,Frontier Developments Ltd.,Frontier Developments Ltd.,False,False,False
354342113419,Frontier Developments Ltd.,Jurong Lake District Tower,Electricity Consumption,Electricity,kWh,2025-03,2025,120.0,1704,0,,Frontier Developments Ltd.,False,False,False
223005401501,Delta Asset Management Ltd.,Sydney Harbour Suites,Electricity Consumption,Electricity,kWh,2025-03,2025,817.5,1719,2,Kestrel Properties Pte. Ltd.,Frontier Developments Ltd.,False,False,False
354342113419,Frontier Developments Ltd.,Sentosa Cove Villas,Electricity Consumption,Electricity,kWh,2025-03,2025,397372.23,1704,0,,Frontier Developments Ltd.,False,False,False
223005401501,Delta Asset Management Ltd.,Melbourne Central Tower,Electricity Consumption,Electricity,kWh,2025-03,2025,817.5,1719,2,Kestrel Properties Pte. Ltd.,Frontier Developments Ltd.,False,False,False
763595448017,Apex Holdings Pte. Ltd.,Dempsey Hill Estate,Renewable Energy,Electricity,kWh,2025-03,2025,129411.0,1721,2,Crestline Real Estate Pte. Ltd.,Frontier Developments Ltd.,False,False,False
223005401501,Delta Asset Management Ltd.,Melbourne Central Tower,Electricity Consumption,Electricity,kWh,2025-04,2025,2561.0,1719,2,Kestrel Properties Pte. Ltd.,Frontier Developments Ltd.,False,False,False
214832269481,Crestline Real Estate Pte. Ltd.,Riverside Walk Mall,Electricity Consumption,Electricity,kWh,2025-04,2025,2721005.8,1705,1,Frontier Developments Ltd.,Frontier Developments Ltd.,False,False,False
214832269481,Crestline Real Estate Pte. Ltd.,City Plaza Commercial,Electricity Consumption,Electricity,kWh,2025-04,2025,782270.51,1705,1,Frontier Developments Ltd.,Frontier Developments Ltd.,False,False,False
223005401501,Delta Asset Management Ltd.,Sydney Harbour Suites,Electricity Consumption,Electricity,kWh,2025-04,2025,2561.0,1719,2,Kestrel Properties Pte. Ltd.,Frontier Developments Ltd.,False,False,False
354342113419,Frontier Developments Ltd.,Orchard Grand Residences,Electricity Consumption,Electricity,kWh,2025-04,2025,487.0,1704,0,,Frontier Developments Ltd.,False,False,False
354342113419,Frontier Developments Ltd.,Jurong Lake District Tower,Electricity Consumption,Electricity,kWh,2025-04,2025,222.0,1704,0,,Frontier Developments Ltd.,False,False,False
763595448017,Apex Holdings Pte. Ltd.,Dempsey Hill Estate,Electricity Consumption,Electricity,kWh,2025-04,2025,1017418.0,1721,2,Crestline Real Estate Pte. Ltd.,Frontier Developments Ltd.,False,False,False
354342113419,Frontier Developments Ltd.,Sentosa Cove Villas,Electricity Consumption,Electricity,kWh,2025-04,2025,397467.04,1704,0,,Frontier Developments Ltd.,False,False,False
354342113419,Frontier Developments Ltd.,Alexandra Business Park,Electricity Consumption,Electricity,kWh,2025-04,2025,14008.0,1704,0,,Frontier Developments Ltd.,False,False,False
354342113419,Frontier Developments Ltd.,Maldives Beach Resort,Electricity Consumption,Electricity,kWh,2025-04,2025,11989.0,1704,0,,Frontier Developments Ltd.,False,False,False
214832269481,Crestline Real Estate Pte. Ltd.,Tanjong Pagar Plaza,Electricity Consumption,Electricity,kWh,2025-04,2025,827454.44,1705,1,Frontier Developments Ltd.,Frontier Developments Ltd.,False,False,False
763595448017,Apex Holdings Pte. Ltd.,Dempsey Hill Estate,Renewable Energy,Electricity,kWh,2025-04,2025,100811.0,1721,2,Crestline Real Estate Pte. Ltd.,Frontier Developments Ltd.,False,False,False
354342113419,Frontier Developments Ltd.,Sentosa Cove Villas,Electricity Consumption,Electricity,kWh,2025-05,2025,414212.35,1704,0,,Frontier Developments Ltd.,False,False,False
214832269481,Crestline Real Estate Pte. Ltd.,Tanjong Pagar Plaza,Electricity Consumption,Electricity,kWh,2025-05,2025,848852.4,1705,1,Frontier Developments Ltd.,Frontier Developments Ltd.,False,False,False
223005401501,Delta Asset Management Ltd.,Sydney Harbour Suites,Electricity Consumption,Electricity,kWh,2025-05,2025,1347.0,1719,2,Kestrel Properties Pte. Ltd.,Frontier Developments Ltd.,False,False,False
354342113419,Frontier Developments Ltd.,Alexandra Business Park,Electricity Consumption,Electricity,kWh,2025-05,2025,34189.36,1704,0,,Frontier Developments Ltd.,False,False,False
214832269481,Crestline Real Estate Pte. Ltd.,Riverside Walk Mall,Electricity Consumption,Electricity,kWh,2025-05,2025,2913003.42,1705,1,Frontier Developments Ltd.,Frontier Developments Ltd.,False,False,False
763595448017,Apex Holdings Pte. Ltd.,Dempsey Hill Estate,Electricity Consumption,Electricity,kWh,2025-05,2025,1074676.0,1721,2,Crestline Real Estate Pte. Ltd.,Frontier Developments Ltd.,False,False,False
214832269481,Crestline Real Estate Pte. Ltd.,City Plaza Commercial,Electricity Consumption,Electricity,kWh,2025-05,2025,786424.47,1705,1,Frontier Developments Ltd.,Frontier Developments Ltd.,False,False,False
354342113419,Frontier Developments Ltd.,Jurong Lake District Tower,Electricity Consumption,Electricity,kWh,2025-05,2025,213.0,1704,0,,Frontier Developments Ltd.,False,False,False
354342113419,Frontier Developments Ltd.,Maldives Beach Resort,Electricity Consumption,Electricity,kWh,2025-05,2025,26878.0,1704,0,,Frontier Developments Ltd.,False,False,False
223005401501,Delta Asset Management Ltd.,Melbourne Central Tower,Electricity Consumption,Electricity,kWh,2025-05,2025,1347.0,1719,2,Kestrel Properties Pte. Ltd.,Frontier Developments Ltd.,False,False,False
354342113419,Frontier Developments Ltd.,Orchard Grand Residences,Electricity Consumption,Electricity,kWh,2025-05,2025,518.0,1704,0,,Frontier Developments Ltd.,False,False,False
763595448017,Apex Holdings Pte. Ltd.,Dempsey Hill Estate,Renewable Energy,Electricity,kWh,2025-05,2025,122040.0,1721,2,Crestline Real Estate Pte. Ltd.,Frontier Developments Ltd.,False,False,False
214832269481,Crestline Real Estate Pte. Ltd.,Riverside Walk Mall,Electricity Consumption,Electricity,kWh,2025-06,2025,2810876.0,1705,1,Frontier Developments Ltd.,Frontier Developments Ltd.,False,False,False
763595448017,Apex Holdings Pte. Ltd.,Dempsey Hill Estate,Electricity Consumption,Electricity,kWh,2025-06,2025,1055620.0,1721,2,Crestline Real Estate Pte. Ltd.,Frontier Developments Ltd.,False,False,False
354342113419,Frontier Developments Ltd.,Alexandra Business Park,Electricity Consumption,Electricity,kWh,2025-06,2025,28667.09,1704,0,,Frontier Developments Ltd.,False,False,False
354342113419,Frontier Developments Ltd.,Jurong Lake District Tower,Electricity Consumption,Electricity,kWh,2025-06,2025,247.0,1704,0,,Frontier Developments Ltd.,False,False,False
214832269481,Crestline Real Estate Pte. Ltd.,City Plaza Commercial,Electricity Consumption,Electricity,kWh,2025-06,2025,769537.69,1705,1,Frontier Developments Ltd.,Frontier Developments Ltd.,False,False,False
214832269481,Crestline Real Estate Pte. Ltd.,Tanjong Pagar Plaza,Electricity Consumption,Electricity,kWh,2025-06,2025,837321.62,1705,1,Frontier Developments Ltd.,Frontier Developments Ltd.,False,False,False
354342113419,Frontier Developments Ltd.,Orchard Grand Residences,Electricity Consumption,Electricity,kWh,2025-06,2025,743.0,1704,0,,Frontier Developments Ltd.,False,False,False
354342113419,Frontier Developments Ltd.,Maldives Beach Resort,Electricity Consumption,Electricity,kWh,2025-06,2025,22079.0,1704,0,,Frontier Developments Ltd.,False,False,False
354342113419,Frontier Developments Ltd.,Sentosa Cove Villas,Electricity Consumption,Electricity,kWh,2025-06,2025,399489.85,1704,0,,Frontier Developments Ltd.,False,False,False
763595448017,Apex Holdings Pte. Ltd.,Dempsey Hill Estate,Renewable Energy,Electricity,kWh,2025-06,2025,86683.0,1721,2,Crestline Real Estate Pte. Ltd.,Frontier Developments Ltd.,False,False,False
354342113419,Frontier Developments Ltd.,Jurong Lake District Tower,Electricity Consumption,Electricity,kWh,2025-07,2025,120.0,1704,0,,Frontier Developments Ltd.,False,False,False
354342113419,Frontier Developments Ltd.,Sentosa Cove Villas,Electricity Consumption,Electricity,kWh,2025-07,2025,422285.5,1704,0,,Frontier Developments Ltd.,False,False,False
214832269481,Crestline Real Estate Pte. Ltd.,Riverside Walk Mall,Electricity Consumption,Electricity,kWh,2025-07,2025,2977267.52,1705,1,Frontier Developments Ltd.,Frontier Developments Ltd.,False,False,False
354342113419,Frontier Developments Ltd.,Orchard Grand Residences,Electricity Consumption,Electricity,kWh,2025-07,2025,539.0,1704,0,,Frontier Developments Ltd.,False,False,False
763595448017,Apex Holdings Pte. Ltd.,Dempsey Hill Estate,Electricity Consumption,Electricity,kWh,2025-07,2025,1022722.0,1721,2,Crestline Real Estate Pte. Ltd.,Frontier Developments Ltd.,False,False,False
354342113419,Frontier Developments Ltd.,Maldives Beach Resort,Electricity Consumption,Electricity,kWh,2025-07,2025,24078.0,1704,0,,Frontier Developments Ltd.,False,False,False
354342113419,Frontier Developments Ltd.,Alexandra Business Park,Electricity Consumption,Electricity,kWh,2025-07,2025,32012.71,1704,0,,Frontier Developments Ltd.,False,False,False
214832269481,Crestline Real Estate Pte. Ltd.,City Plaza Commercial,Electricity Consumption,Electricity,kWh,2025-07,2025,822525.87,1705,1,Frontier Developments Ltd.,Frontier Developments Ltd.,False,False,False
223005401501,Delta Asset Management Ltd.,Sydney Harbour Suites,Electricity Consumption,Electricity,kWh,2025-07,2025,169.5,1719,2,Kestrel Properties Pte. Ltd.,Frontier Developments Ltd.,False,False,False
214832269481,Crestline Real Estate Pte. Ltd.,Tanjong Pagar Plaza,Electricity Consumption,Electricity,kWh,2025-07,2025,893663.08,1705,1,Frontier Developments Ltd.,Frontier Developments Ltd.,False,False,False
223005401501,Delta Asset Management Ltd.,Melbourne Central Tower,Electricity Consumption,Electricity,kWh,2025-07,2025,169.5,1719,2,Kestrel Properties Pte. Ltd.,Frontier Developments Ltd.,False,False,False
763595448017,Apex Holdings Pte. Ltd.,Dempsey Hill Estate,Renewable Energy,Electricity,kWh,2025-07,2025,113798.0,1721,2,Crestline Real Estate Pte. Ltd.,Frontier Developments Ltd.,False,False,False
354342113419,Frontier Developments Ltd.,Sentosa Cove Villas,Electricity Consumption,Electricity,kWh,2025-08,2025,433045.18,1704,0,,Frontier Developments Ltd.,False,False,False
214832269481,Crestline Real Estate Pte. Ltd.,Tanjong Pagar Plaza,Electricity Consumption,Electricity,kWh,2025-08,2025,835302.83,1705,1,Frontier Developments Ltd.,Frontier Developments Ltd.,False,False,False
354342113419,Frontier Developments Ltd.,Orchard Grand Residences,Electricity Consumption,Electricity,kWh,2025-08,2025,557.0,1704,0,,Frontier Developments Ltd.,False,False,False
354342113419,Frontier Developments Ltd.,Alexandra Business Park,Electricity Consumption,Electricity,kWh,2025-08,2025,31251.68,1704,0,,Frontier Developments Ltd.,False,False,False
354342113419,Frontier Developments Ltd.,Jurong Lake District Tower,Electricity Consumption,Electricity,kWh,2025-08,2025,123.0,1704,0,,Frontier Developments Ltd.,False,False,False
223005401501,Delta Asset Management Ltd.,Melbourne Central Tower,Electricity Consumption,Electricity,kWh,2025-08,2025,845.0,1719,2,Kestrel Properties Pte. Ltd.,Frontier Developments Ltd.,False,False,False
214832269481,Crestline Real Estate Pte. Ltd.,City Plaza Commercial,Electricity Consumption,Electricity,kWh,2025-08,2025,799779.38,1705,1,Frontier Developments Ltd.,Frontier Developments Ltd.,False,False,False
763595448017,Apex Holdings Pte. Ltd.,Dempsey Hill Estate,Electricity Consumption,Electricity,kWh,2025-08,2025,1001160.0,1721,2,Crestline Real Estate Pte. Ltd.,Frontier Developments Ltd.,False,False,False
223005401501,Delta Asset Management Ltd.,Sydney Harbour Suites,Electricity Consumption,Electricity,kWh,2025-08,2025,845.0,1719,2,Kestrel Properties Pte. Ltd.,Frontier Developments Ltd.,False,False,False
354342113419,Frontier Developments Ltd.,Maldives Beach Resort,Electricity Consumption,Electricity,kWh,2025-08,2025,24172.0,1704,0,,Frontier Developments Ltd.,False,False,False
214832269481,Crestline Real Estate Pte. Ltd.,Riverside Walk Mall,Electricity Consumption,Electricity,kWh,2025-08,2025,2880734.92,1705,1,Frontier Developments Ltd.,Frontier Developments Ltd.,False,False,False
763595448017,Apex Holdings Pte. Ltd.,Dempsey Hill Estate,Renewable Energy,Electricity,kWh,2025-08,2025,116207.0,1721,2,Crestline Real Estate Pte. Ltd.,Frontier Developments Ltd.,False,False,False
214832269481,Crestline Real Estate Pte. Ltd.,Riverside Walk Mall,Electricity Consumption,Electricity,kWh,2025-09,2025,2785566.9,1705,1,Frontier Developments Ltd.,Frontier Developments Ltd.,False,False,False
354342113419,Frontier Developments Ltd.,Alexandra Business Park,Electricity Consumption,Electricity,kWh,2025-09,2025,31330.21,1704,0,,Frontier Developments Ltd.,False,False,False
354342113419,Frontier Developments Ltd.,Sentosa Cove Villas,Electricity Consumption,Electricity,kWh,2025-09,2025,422935.69,1704,0,,Frontier Developments Ltd.,False,False,False
354342113419,Frontier Developments Ltd.,Jurong Lake District Tower,Electricity Consumption,Electricity,kWh,2025-09,2025,118.0,1704,0,,Frontier Developments Ltd.,False,False,False
214832269481,Crestline Real Estate Pte. Ltd.,City Plaza Commercial,Electricity Consumption,Electricity,kWh,2025-09,2025,794792.61,1705,1,Frontier Developments Ltd.,Frontier Developments Ltd.,False,False,False
354342113419,Frontier Developments Ltd.,Maldives Beach Resort,Electricity Consumption,Electricity,kWh,2025-09,2025,21526.0,1704,0,,Frontier Developments Ltd.,False,False,False
763595448017,Apex Holdings Pte. Ltd.,Dempsey Hill Estate,Electricity Consumption,Electricity,kWh,2025-09,2025,925368.0,1721,2,Crestline Real Estate Pte. Ltd.,Frontier Developments Ltd.,False,False,False
214832269481,Crestline Real Estate Pte. Ltd.,Tanjong Pagar Plaza,Electricity Consumption,Electricity,kWh,2025-09,2025,765959.66,1705,1,Frontier Developments Ltd.,Frontier Developments Ltd.,False,False,False
354342113419,Frontier Developments Ltd.,Orchard Grand Residences,Electricity Consumption,Electricity,kWh,2025-09,2025,536.0,1704,0,,Frontier Developments Ltd.,False,False,False
763595448017,Apex Holdings Pte. Ltd.,Dempsey Hill Estate,Renewable Energy,Electricity,kWh,2025-09,2025,121624.0,1721,2,Crestline Real Estate Pte. Ltd.,Frontier Developments Ltd.,False,False,False
223005401501,Delta Asset Management Ltd.,Sydney Harbour Suites,Electricity Consumption,Electricity,kWh,2025-10,2025,800.0,1719,2,Kestrel Properties Pte. Ltd.,Frontier Developments Ltd.,False,False,False
354342113419,Frontier Developments Ltd.,Maldives Beach Resort,Electricity Consumption,Electricity,kWh,2025-10,2025,14677.0,1704,0,,Frontier Developments Ltd.,False,False,False
214832269481,Crestline Real Estate Pte. Ltd.,Tanjong Pagar Plaza,Electricity Consumption,Electricity,kWh,2025-10,2025,767424.58,1705,1,Frontier Developments Ltd.,Frontier Developments Ltd.,False,False,False
354342113419,Frontier Developments Ltd.,Alexandra Business Park,Electricity Consumption,Electricity,kWh,2025-10,2025,29618.62,1704,0,,Frontier Developments Ltd.,False,False,False
763595448017,Apex Holdings Pte. Ltd.,Dempsey Hill Estate,Electricity Consumption,Electricity,kWh,2025-10,2025,1021200.0,1721,2,Crestline Real Estate Pte. Ltd.,Frontier Developments Ltd.,False,False,False
354342113419,Frontier Developments Ltd.,Orchard Grand Residences,Electricity Consumption,Electricity,kWh,2025-10,2025,510.0,1704,0,,Frontier Developments Ltd.,False,False,False
354342113419,Frontier Developments Ltd.,Jurong Lake District Tower,Electricity Consumption,Electricity,kWh,2025-10,2025,112.0,1704,0,,Frontier Developments Ltd.,False,False,False
354342113419,Frontier Developments Ltd.,Sentosa Cove Villas,Electricity Consumption,Electricity,kWh,2025-10,2025,441916.01,1704,0,,Frontier Developments Ltd.,False,False,False
214832269481,Crestline Real Estate Pte. Ltd.,City Plaza Commercial,Electricity Consumption,Electricity,kWh,2025-10,2025,813355.03,1705,1,Frontier Developments Ltd.,Frontier Developments Ltd.,False,False,False
214832269481,Crestline Real Estate Pte. Ltd.,Riverside Walk Mall,Electricity Consumption,Electricity,kWh,2025-10,2025,2917867.78,1705,1,Frontier Developments Ltd.,Frontier Developments Ltd.,False,False,False
223005401501,Delta Asset Management Ltd.,Melbourne Central Tower,Electricity Consumption,Electricity,kWh,2025-10,2025,800.0,1719,2,Kestrel Properties Pte. Ltd.,Frontier Developments Ltd.,False,False,False
763595448017,Apex Holdings Pte. Ltd.,Dempsey Hill Estate,Renewable Energy,Electricity,kWh,2025-10,2025,94663.0,1721,2,Crestline Real Estate Pte. Ltd.,Frontier Developments Ltd.,False,False,False
223005401501,Delta Asset Management Ltd.,Melbourne Central Tower,Electricity Consumption,Electricity,kWh,2025-11,2025,2047.0,1719,2,Kestrel Properties Pte. Ltd.,Frontier Developments Ltd.,False,False,False
354342113419,Frontier Developments Ltd.,Maldives Beach Resort,Electricity Consumption,Electricity,kWh,2025-11,2025,14506.0,1704,0,,Frontier Developments Ltd.,False,False,False
354342113419,Frontier Developments Ltd.,Alexandra Business Park,Electricity Consumption,Electricity,kWh,2025-11,2025,30440.83,1704,0,,Frontier Developments Ltd.,False,False,False
763595448017,Apex Holdings Pte. Ltd.,Dempsey Hill Estate,Electricity Consumption,Electricity,kWh,2025-11,2025,961971.0,1721,2,Crestline Real Estate Pte. Ltd.,Frontier Developments Ltd.,False,False,False
214832269481,Crestline Real Estate Pte. Ltd.,Riverside Walk Mall,Electricity Consumption,Electricity,kWh,2025-11,2025,2765170.31,1705,1,Frontier Developments Ltd.,Frontier Developments Ltd.,False,False,False
354342113419,Frontier Developments Ltd.,Sentosa Cove Villas,Electricity Consumption,Electricity,kWh,2025-11,2025,422086.83,1704,0,,Frontier Developments Ltd.,False,False,False
223005401501,Delta Asset Management Ltd.,Sydney Harbour Suites,Electricity Consumption,Electricity,kWh,2025-11,2025,2047.0,1719,2,Kestrel Properties Pte. Ltd.,Frontier Developments Ltd.,False,False,False
214832269481,Crestline Real Estate Pte. Ltd.,City Plaza Commercial,Electricity Consumption,Electricity,kWh,2025-11,2025,766989.12,1705,1,Frontier Developments Ltd.,Frontier Developments Ltd.,False,False,False
214832269481,Crestline Real Estate Pte. Ltd.,Tanjong Pagar Plaza,Electricity Consumption,Electricity,kWh,2025-11,2025,716669.91,1705,1,Frontier Developments Ltd.,Frontier Developments Ltd.,False,False,False
354342113419,Frontier Developments Ltd.,Jurong Lake District Tower,Electricity Consumption,Electricity,kWh,2025-11,2025,125.0,1704,0,,Frontier Developments Ltd.,False,False,False
354342113419,Frontier Developments Ltd.,Orchard Grand Residences,Electricity Consumption,Electricity,kWh,2025-11,2025,594.0,1704,0,,Frontier Developments Ltd.,False,False,False
763595448017,Apex Holdings Pte. Ltd.,Dempsey Hill Estate,Renewable Energy,Electricity,kWh,2025-11,2025,77532.0,1721,2,Crestline Real Estate Pte. Ltd.,Frontier Developments Ltd.,False,False,False
763595448017,Apex Holdings Pte. Ltd.,Dempsey Hill Estate,Electricity Consumption,Electricity,kWh,2025-12,2025,954693.0,1721,2,Crestline Real Estate Pte. Ltd.,Frontier Developments Ltd.,False,False,False
354342113419,Frontier Developments Ltd.,Jurong Lake District Tower,Electricity Consumption,Electricity,kWh,2025-12,2025,107.0,1704,0,,Frontier Developments Ltd.,False,False,False
354342113419,Frontier Developments Ltd.,Maldives Beach Resort,Electricity Consumption,Electricity,kWh,2025-12,2025,8465.0,1704,0,,Frontier Developments Ltd.,False,False,False
214832269481,Crestline Real Estate Pte. Ltd.,City Plaza Commercial,Electricity Consumption,Electricity,kWh,2025-12,2025,777323.87,1705,1,Frontier Developments Ltd.,Frontier Developments Ltd.,False,False,False
223005401501,Delta Asset Management Ltd.,Sydney Harbour Suites,Electricity Consumption,Electricity,kWh,2025-12,2025,1421.5,1719,2,Kestrel Properties Pte. Ltd.,Frontier Developments Ltd.,False,False,False
214832269481,Crestline Real Estate Pte. Ltd.,Riverside Walk Mall,Electricity Consumption,Electricity,kWh,2025-12,2025,2666863.74,1705,1,Frontier Developments Ltd.,Frontier Developments Ltd.,False,False,False
354342113419,Frontier Developments Ltd.,Alexandra Business Park,Electricity Consumption,Electricity,kWh,2025-12,2025,10870.0,1704,0,,Frontier Developments Ltd.,False,False,False
214832269481,Crestline Real Estate Pte. Ltd.,Tanjong Pagar Plaza,Electricity Consumption,Electricity,kWh,2025-12,2025,767424.58,1705,1,Frontier Developments Ltd.,Frontier Developments Ltd.,False,False,False
223005401501,Delta Asset Management Ltd.,Melbourne Central Tower,Electricity Consumption,Electricity,kWh,2025-12,2025,1421.5,1719,2,Kestrel Properties Pte. Ltd.,Frontier Developments Ltd.,False,False,False
763595448017,Apex Holdings Pte. Ltd.,Dempsey Hill Estate,Renewable Energy,Electricity,kWh,2025-12,2025,100586.0,1721,2,Crestline Real Estate Pte. Ltd.,Frontier Developments Ltd.,False,False,False
198912225902,Emerald Hospitality Group Pte. Ltd.,Suntec City Annexe,Renewable Energy,Electricity,kWh,2025-12,2025,100.0,1716,1,Frontier Developments Ltd.,Frontier Developments Ltd.,False,False,False
354342113419,Frontier Developments Ltd.,Alexandra Business Park,Stationary Asset Combustion,Diesel,litre,2025-12,2025,0.0,1704,0,,Frontier Developments Ltd.,False,True,False
214832269481,Crestline Real Estate Pte. Ltd.,Tanjong Pagar Plaza,Stationary Asset Combustion,Diesel,litre,2025-12,2025,248.0,1705,1,Frontier Developments Ltd.,Frontier Developments Ltd.,False,False,False
354342113419,Frontier Developments Ltd.,Sentosa Cove Villas,Stationary Asset Combustion,Diesel,litre,2025-12,2025,300.0,1704,0,,Frontier Developments Ltd.,False,False,False
214832269481,Crestline Real Estate Pte. Ltd.,City Plaza Commercial,Stationary Asset Combustion,Diesel,litre,2025-12,2025,542.0,1705,1,Frontier Developments Ltd.,Frontier Developments Ltd.,False,False,False
214832269481,Crestline Real Estate Pte. Ltd.,Riverside Walk Mall,Stationary Asset Combustion,Diesel,litre,2025-12,2025,165.0,1705,1,Frontier Developments Ltd.,Frontier Developments Ltd.,False,False,False
763595448017,Apex Holdings Pte. Ltd.,Dempsey Hill Estate,Stationary Asset Combustion,Diesel 100 mineral diesel,litre,2025-01,2025,467909.0,1721,2,Crestline Real Estate Pte. Ltd.,Frontier Developments Ltd.,False,False,False
763595448017,Apex Holdings Pte. Ltd.,Dempsey Hill Estate,Stationary Asset Combustion,Diesel 100 mineral diesel,litre,2025-02,2025,489345.0,1721,2,Crestline Real Estate Pte. Ltd.,Frontier Developments Ltd.,False,False,False
763595448017,Apex Holdings Pte. Ltd.,Dempsey Hill Estate,Stationary Asset Combustion,Diesel 100 mineral diesel,litre,2025-03,2025,509408.0,1721,2,Crestline Real Estate Pte. Ltd.,Frontier Developments Ltd.,False,False,False
763595448017,Apex Holdings Pte. Ltd.,Dempsey Hill Estate,Stationary Asset Combustion,Diesel 100 mineral diesel,litre,2025-04,2025,533551.0,1721,2,Crestline Real Estate Pte. Ltd.,Frontier Developments Ltd.,False,False,False
763595448017,Apex Holdings Pte. Ltd.,Dempsey Hill Estate,Stationary Asset Combustion,Diesel 100 mineral diesel,litre,2025-05,2025,550953.0,1721,2,Crestline Real Estate Pte. Ltd.,Frontier Developments Ltd.,False,False,False
763595448017,Apex Holdings Pte. Ltd.,Dempsey Hill Estate,Stationary Asset Combustion,Diesel 100 mineral diesel,litre,2025-06,2025,489028.0,1721,2,Crestline Real Estate Pte. Ltd.,Frontier Developments Ltd.,False,False,False
763595448017,Apex Holdings Pte. Ltd.,Dempsey Hill Estate,Stationary Asset Combustion,Diesel 100 mineral diesel,litre,2025-07,2025,571113.0,1721,2,Crestline Real Estate Pte. Ltd.,Frontier Developments Ltd.,False,False,False
763595448017,Apex Holdings Pte. Ltd.,Dempsey Hill Estate,Stationary Asset Combustion,Diesel 100 mineral diesel,litre,2025-08,2025,552962.0,1721,2,Crestline Real Estate Pte. Ltd.,Frontier Developments Ltd.,False,False,False
763595448017,Apex Holdings Pte. Ltd.,Dempsey Hill Estate,Stationary Asset Combustion,Diesel 100 mineral diesel,litre,2025-09,2025,522448.0,1721,2,Crestline Real Estate Pte. Ltd.,Frontier Developments Ltd.,False,False,False
763595448017,Apex Holdings Pte. Ltd.,Dempsey Hill Estate,Stationary Asset Combustion,Diesel 100 mineral diesel,litre,2025-10,2025,609287.0,1721,2,Crestline Real Estate Pte. Ltd.,Frontier Developments Ltd.,False,False,False
763595448017,Apex Holdings Pte. Ltd.,Dempsey Hill Estate,Stationary Asset Combustion,Diesel 100 mineral diesel,litre,2025-11,2025,571113.0,1721,2,Crestline Real Estate Pte. Ltd.,Frontier Developments Ltd.,False,False,False
763595448017,Apex Holdings Pte. Ltd.,Dempsey Hill Estate,Stationary Asset Combustion,Diesel 100 mineral diesel,litre,2025-12,2025,556082.0,1721,2,Crestline Real Estate Pte. Ltd.,Frontier Developments Ltd.,False,False,False
763595448017,Apex Holdings Pte. Ltd.,Dempsey Hill Estate,Stationary Asset Combustion,Petrol 100 mineral petrol,litre,2025-01,2025,64669.0,1721,2,Crestline Real Estate Pte. Ltd.,Frontier Developments Ltd.,False,False,False
763595448017,Apex Holdings Pte. Ltd.,Dempsey Hill Estate,Stationary Asset Combustion,Petrol 100 mineral petrol,litre,2025-02,2025,53400.0,1721,2,Crestline Real Estate Pte. Ltd.,Frontier Developments Ltd.,False,False,False
763595448017,Apex Holdings Pte. Ltd.,Dempsey Hill Estate,Stationary Asset Combustion,Petrol 100 mineral petrol,litre,2025-03,2025,63731.0,1721,2,Crestline Real Estate Pte. Ltd.,Frontier Developments Ltd.,False,False,False
763595448017,Apex Holdings Pte. Ltd.,Dempsey Hill Estate,Stationary Asset Combustion,Petrol 100 mineral petrol,litre,2025-04,2025,50980.0,1721,2,Crestline Real Estate Pte. Ltd.,Frontier Developments Ltd.,False,False,False
763595448017,Apex Holdings Pte. Ltd.,Dempsey Hill Estate,Stationary Asset Combustion,Petrol 100 mineral petrol,litre,2025-05,2025,58829.0,1721,2,Crestline Real Estate Pte. Ltd.,Frontier Developments Ltd.,False,False,False
763595448017,Apex Holdings Pte. Ltd.,Dempsey Hill Estate,Stationary Asset Combustion,Petrol 100 mineral petrol,litre,2025-06,2025,60810.0,1721,2,Crestline Real Estate Pte. Ltd.,Frontier Developments Ltd.,False,False,False
763595448017,Apex Holdings Pte. Ltd.,Dempsey Hill Estate,Stationary Asset Combustion,Petrol 100 mineral petrol,litre,2025-07,2025,59205.0,1721,2,Crestline Real Estate Pte. Ltd.,Frontier Developments Ltd.,False,False,False
763595448017,Apex Holdings Pte. Ltd.,Dempsey Hill Estate,Stationary Asset Combustion,Petrol 100 mineral petrol,litre,2025-08,2025,69673.0,1721,2,Crestline Real Estate Pte. Ltd.,Frontier Developments Ltd.,False,False,False
763595448017,Apex Holdings Pte. Ltd.,Dempsey Hill Estate,Stationary Asset Combustion,Petrol 100 mineral petrol,litre,2025-09,2025,70272.0,1721,2,Crestline Real Estate Pte. Ltd.,Frontier Developments Ltd.,False,False,False
763595448017,Apex Holdings Pte. Ltd.,Dempsey Hill Estate,Stationary Asset Combustion,Petrol 100 mineral petrol,litre,2025-10,2025,60111.0,1721,2,Crestline Real Estate Pte. Ltd.,Frontier Developments Ltd.,False,False,False
763595448017,Apex Holdings Pte. Ltd.,Dempsey Hill Estate,Stationary Asset Combustion,Petrol 100 mineral petrol,litre,2025-11,2025,64669.0,1721,2,Crestline Real Estate Pte. Ltd.,Frontier Developments Ltd.,False,False,False
763595448017,Apex Holdings Pte. Ltd.,Dempsey Hill Estate,Stationary Asset Combustion,Petrol 100 mineral petrol,litre,2025-12,2025,53400.0,1721,2,Crestline Real Estate Pte. Ltd.,Frontier Developments Ltd.,False,False,False
763595448017,Apex Holdings Pte. Ltd.,Dempsey Hill Estate,Waste,Food waste,kg,2025-12,2025,166024.0,1721,2,Crestline Real Estate Pte. Ltd.,Frontier Developments Ltd.,False,False,True
214832269481,Crestline Real Estate Pte. Ltd.,Tanjong Pagar Plaza,Waste,Glass,kg,2025-12,2025,435.0,1705,1,Frontier Developments Ltd.,Frontier Developments Ltd.,False,False,False
214832269481,Crestline Real Estate Pte. Ltd.,Riverside Walk Mall,Waste,Glass,kg,2025-12,2025,680.0,1705,1,Frontier Developments Ltd.,Frontier Developments Ltd.,False,False,False
214832269481,Crestline Real Estate Pte. Ltd.,City Plaza Commercial,Waste,Glass,kg,2025-12,2025,435.0,1705,1,Frontier Developments Ltd.,Frontier Developments Ltd.,False,False,False
354342113419,Frontier Developments Ltd.,Sentosa Cove Villas,Waste,Metals,kg,2025-12,2025,210.0,1704,0,,Frontier Developments Ltd.,False,False,False
214832269481,Crestline Real Estate Pte. Ltd.,City Plaza Commercial,Waste,Metals,kg,2025-12,2025,228.0,1705,1,Frontier Developments Ltd.,Frontier Developments Ltd.,False,False,False
214832269481,Crestline Real Estate Pte. Ltd.,Riverside Walk Mall,Waste,Metals,kg,2025-12,2025,1622.0,1705,1,Frontier Developments Ltd.,Frontier Developments Ltd.,False,False,False
214832269481,Crestline Real Estate Pte. Ltd.,Tanjong Pagar Plaza,Waste,Metals,kg,2025-12,2025,228.0,1705,1,Frontier Developments Ltd.,Frontier Developments Ltd.,False,False,False
214832269481,Crestline Real Estate Pte. Ltd.,City Plaza Commercial,Waste,Mixed recyclables,kg,2025-12,2025,10080.0,1705,1,Frontier Developments Ltd.,Frontier Developments Ltd.,False,False,False
214832269481,Crestline Real Estate Pte. Ltd.,Tanjong Pagar Plaza,Waste,Mixed recyclables,kg,2025-12,2025,10080.0,1705,1,Frontier Developments Ltd.,Frontier Developments Ltd.,False,False,False
354342113419,Frontier Developments Ltd.,Sentosa Cove Villas,Waste,Mixed recyclables,kg,2025-12,2025,6300.0,1704,0,,Frontier Developments Ltd.,False,False,False
214832269481,Crestline Real Estate Pte. Ltd.,Riverside Walk Mall,Waste,Mixed recyclables,kg,2025-12,2025,10460.0,1705,1,Frontier Developments Ltd.,Frontier Developments Ltd.,False,False,False
763595448017,Apex Holdings Pte. Ltd.,Dempsey Hill Estate,Waste,Mixed recyclables,kg,2025-12,2025,70819.0,1721,2,Crestline Real Estate Pte. Ltd.,Frontier Developments Ltd.,False,False,False
354342113419,Frontier Developments Ltd.,Sentosa Cove Villas,Waste,Other waste,kg,2025-12,2025,149800.0,1704,0,,Frontier Developments Ltd.,False,False,False
214832269481,Crestline Real Estate Pte. Ltd.,Riverside Walk Mall,Waste,Other waste,kg,2025-12,2025,845730.0,1705,1,Frontier Developments Ltd.,Frontier Developments Ltd.,False,False,False
763595448017,Apex Holdings Pte. Ltd.,Dempsey Hill Estate,Waste,Other waste,kg,2025-12,2025,120382.0,1721,2,Crestline Real Estate Pte. Ltd.,Frontier Developments Ltd.,False,False,False
214832269481,Crestline Real Estate Pte. Ltd.,Tanjong Pagar Plaza,Waste,Other waste,kg,2025-12,2025,180170.0,1705,1,Frontier Developments Ltd.,Frontier Developments Ltd.,False,False,False
214832269481,Crestline Real Estate Pte. Ltd.,City Plaza Commercial,Waste,Other waste,kg,2025-12,2025,180170.0,1705,1,Frontier Developments Ltd.,Frontier Developments Ltd.,False,False,False
354342113419,Frontier Developments Ltd.,Sentosa Cove Villas,Waste,Plastics average plastics,kg,2025-12,2025,529.0,1704,0,,Frontier Developments Ltd.,False,False,False
214832269481,Crestline Real Estate Pte. Ltd.,Riverside Walk Mall,Waste,Plastics average plastics,kg,2025-12,2025,1340.0,1705,1,Frontier Developments Ltd.,Frontier Developments Ltd.,False,False,False
214832269481,Crestline Real Estate Pte. Ltd.,City Plaza Commercial,Waste,Plastics average plastics,kg,2025-12,2025,350.5,1705,1,Frontier Developments Ltd.,Frontier Developments Ltd.,False,False,False
214832269481,Crestline Real Estate Pte. Ltd.,Tanjong Pagar Plaza,Waste,Plastics average plastics,kg,2025-12,2025,350.5,1705,1,Frontier Developments Ltd.,Frontier Developments Ltd.,False,False,False
763595448017,Apex Holdings Pte. Ltd.,Dempsey Hill Estate,Waste,Plastics waste,kg,2025-12,2025,7034.0,1721,2,Crestline Real Estate Pte. Ltd.,Frontier Developments Ltd.,False,False,True
214832269481,Crestline Real Estate Pte. Ltd.,City Plaza Commercial,Waste,Waste paper unsorted,kg,2025-12,2025,13530.0,1705,1,Frontier Developments Ltd.,Frontier Developments Ltd.,False,False,False
214832269481,Crestline Real Estate Pte. Ltd.,Tanjong Pagar Plaza,Waste,Waste paper unsorted,kg,2025-12,2025,13530.0,1705,1,Frontier Developments Ltd.,Frontier Developments Ltd.,False,False,False
354342113419,Frontier Developments Ltd.,Sentosa Cove Villas,Waste,Waste paper unsorted,kg,2025-12,2025,22750.0,1704,0,,Frontier Developments Ltd.,False,False,False
214832269481,Crestline Real Estate Pte. Ltd.,Riverside Walk Mall,Waste,Waste paper unsorted,kg,2025-12,2025,63870.0,1705,1,Frontier Developments Ltd.,Frontier Developments Ltd.,False,False,False
214832269481,Crestline Real Estate Pte. Ltd.,City Plaza Commercial,Waste,Weee small,kg,2025-12,2025,1332.25,1705,1,Frontier Developments Ltd.,Frontier Developments Ltd.,False,False,False
354342113419,Frontier Developments Ltd.,Sentosa Cove Villas,Waste,Weee small,kg,2025-12,2025,740.0,1704,0,,Frontier Developments Ltd.,False,False,False
214832269481,Crestline Real Estate Pte. Ltd.,Tanjong Pagar Plaza,Waste,Weee small,kg,2025-12,2025,1332.25,1705,1,Frontier Developments Ltd.,Frontier Developments Ltd.,False,False,False
214832269481,Crestline Real Estate Pte. Ltd.,Riverside Walk Mall,Waste,Weee small,kg,2025-12,2025,1028.0,1705,1,Frontier Developments Ltd.,Frontier Developments Ltd.,False,False,False
214832269481,Crestline Real Estate Pte. Ltd.,City Plaza Commercial,Water,Newater,m³,2025-01,2025,348.25,1705,1,Frontier Developments Ltd.,Frontier Developments Ltd.,False,False,False
214832269481,Crestline Real Estate Pte. Ltd.,Riverside Walk Mall,Water,Newater,m³,2025-01,2025,348.25,1705,1,Frontier Developments Ltd.,Frontier Developments Ltd.,False,False,False
214832269481,Crestline Real Estate Pte. Ltd.,Tanjong Pagar Plaza,Water,Newater,m³,2025-01,2025,2391.7,1705,1,Frontier Developments Ltd.,Frontier Developments Ltd.,False,False,False
214832269481,Crestline Real Estate Pte. Ltd.,Tanjong Pagar Plaza,Water,Newater,m³,2025-02,2025,1397.2,1705,1,Frontier Developments Ltd.,Frontier Developments Ltd.,False,False,False
214832269481,Crestline Real Estate Pte. Ltd.,City Plaza Commercial,Water,Newater,m³,2025-02,2025,356.3,1705,1,Frontier Developments Ltd.,Frontier Developments Ltd.,False,False,False
214832269481,Crestline Real Estate Pte. Ltd.,Riverside Walk Mall,Water,Newater,m³,2025-02,2025,356.3,1705,1,Frontier Developments Ltd.,Frontier Developments Ltd.,False,False,False
214832269481,Crestline Real Estate Pte. Ltd.,Riverside Walk Mall,Water,Newater,m³,2025-03,2025,225.65,1705,1,Frontier Developments Ltd.,Frontier Developments Ltd.,False,False,False
214832269481,Crestline Real Estate Pte. Ltd.,City Plaza Commercial,Water,Newater,m³,2025-03,2025,225.65,1705,1,Frontier Developments Ltd.,Frontier Developments Ltd.,False,False,False
214832269481,Crestline Real Estate Pte. Ltd.,Tanjong Pagar Plaza,Water,Newater,m³,2025-03,2025,2035.2,1705,1,Frontier Developments Ltd.,Frontier Developments Ltd.,False,False,False
214832269481,Crestline Real Estate Pte. Ltd.,Riverside Walk Mall,Water,Newater,m³,2025-04,2025,265.95,1705,1,Frontier Developments Ltd.,Frontier Developments Ltd.,False,False,False
214832269481,Crestline Real Estate Pte. Ltd.,Tanjong Pagar Plaza,Water,Newater,m³,2025-04,2025,2410.2,1705,1,Frontier Developments Ltd.,Frontier Developments Ltd.,False,False,False
214832269481,Crestline Real Estate Pte. Ltd.,City Plaza Commercial,Water,Newater,m³,2025-04,2025,265.95,1705,1,Frontier Developments Ltd.,Frontier Developments Ltd.,False,False,False
214832269481,Crestline Real Estate Pte. Ltd.,City Plaza Commercial,Water,Newater,m³,2025-05,2025,241.8,1705,1,Frontier Developments Ltd.,Frontier Developments Ltd.,False,False,False
214832269481,Crestline Real Estate Pte. Ltd.,Tanjong Pagar Plaza,Water,Newater,m³,2025-05,2025,2271.3,1705,1,Frontier Developments Ltd.,Frontier Developments Ltd.,False,False,False
214832269481,Crestline Real Estate Pte. Ltd.,Riverside Walk Mall,Water,Newater,m³,2025-05,2025,241.8,1705,1,Frontier Developments Ltd.,Frontier Developments Ltd.,False,False,False
214832269481,Crestline Real Estate Pte. Ltd.,City Plaza Commercial,Water,Newater,m³,2025-06,2025,249.9,1705,1,Frontier Developments Ltd.,Frontier Developments Ltd.,False,False,False
214832269481,Crestline Real Estate Pte. Ltd.,Tanjong Pagar Plaza,Water,Newater,m³,2025-06,2025,2366.5,1705,1,Frontier Developments Ltd.,Frontier Developments Ltd.,False,False,False
214832269481,Crestline Real Estate Pte. Ltd.,Riverside Walk Mall,Water,Newater,m³,2025-06,2025,249.9,1705,1,Frontier Developments Ltd.,Frontier Developments Ltd.,False,False,False
214832269481,Crestline Real Estate Pte. Ltd.,Tanjong Pagar Plaza,Water,Newater,m³,2025-07,2025,2817.8,1705,1,Frontier Developments Ltd.,Frontier Developments Ltd.,False,False,False
214832269481,Crestline Real Estate Pte. Ltd.,Riverside Walk Mall,Water,Newater,m³,2025-07,2025,-642.25,1705,1,Frontier Developments Ltd.,Frontier Developments Ltd.,True,False,False
214832269481,Crestline Real Estate Pte. Ltd.,City Plaza Commercial,Water,Newater,m³,2025-07,2025,-642.25,1705,1,Frontier Developments Ltd.,Frontier Developments Ltd.,True,False,False
214832269481,Crestline Real Estate Pte. Ltd.,City Plaza Commercial,Water,Newater,m³,2025-08,2025,96.5,1705,1,Frontier Developments Ltd.,Frontier Developments Ltd.,False,False,False
214832269481,Crestline Real Estate Pte. Ltd.,Riverside Walk Mall,Water,Newater,m³,2025-08,2025,96.5,1705,1,Frontier Developments Ltd.,Frontier Developments Ltd.,False,False,False
214832269481,Crestline Real Estate Pte. Ltd.,Tanjong Pagar Plaza,Water,Newater,m³,2025-08,2025,1916.8,1705,1,Frontier Developments Ltd.,Frontier Developments Ltd.,False,False,False
214832269481,Crestline Real Estate Pte. Ltd.,City Plaza Commercial,Water,Newater,m³,2025-09,2025,147.0,1705,1,Frontier Developments Ltd.,Frontier Developments Ltd.,False,False,False
214832269481,Crestline Real Estate Pte. Ltd.,Tanjong Pagar Plaza,Water,Newater,m³,2025-09,2025,2529.6,1705,1,Frontier Developments Ltd.,Frontier Developments Ltd.,False,False,False
214832269481,Crestline Real Estate Pte. Ltd.,Riverside Walk Mall,Water,Newater,m³,2025-09,2025,147.0,1705,1,Frontier Developments Ltd.,Frontier Developments Ltd.,False,False,False
214832269481,Crestline Real Estate Pte. Ltd.,City Plaza Commercial,Water,Newater,m³,2025-10,2025,78.55,1705,1,Frontier Developments Ltd.,Frontier Developments Ltd.,False,False,False
214832269481,Crestline Real Estate Pte. Ltd.,Tanjong Pagar Plaza,Water,Newater,m³,2025-10,2025,1692.3,1705,1,Frontier Developments Ltd.,Frontier Developments Ltd.,False,False,False
214832269481,Crestline Real Estate Pte. Ltd.,Riverside Walk Mall,Water,Newater,m³,2025-10,2025,78.55,1705,1,Frontier Developments Ltd.,Frontier Developments Ltd.,False,False,False
214832269481,Crestline Real Estate Pte. Ltd.,Riverside Walk Mall,Water,Newater,m³,2025-11,2025,171.25,1705,1,Frontier Developments Ltd.,Frontier Developments Ltd.,False,False,False
214832269481,Crestline Real Estate Pte. Ltd.,Tanjong Pagar Plaza,Water,Newater,m³,2025-11,2025,2745.5,1705,1,Frontier Developments Ltd.,Frontier Developments Ltd.,False,False,False
214832269481,Crestline Real Estate Pte. Ltd.,City Plaza Commercial,Water,Newater,m³,2025-11,2025,171.25,1705,1,Frontier Developments Ltd.,Frontier Developments Ltd.,False,False,False
214832269481,Crestline Real Estate Pte. Ltd.,City Plaza Commercial,Water,Newater,m³,2025-12,2025,161.5,1705,1,Frontier Developments Ltd.,Frontier Developments Ltd.,False,False,False
214832269481,Crestline Real Estate Pte. Ltd.,Riverside Walk Mall,Water,Newater,m³,2025-12,2025,161.5,1705,1,Frontier Developments Ltd.,Frontier Developments Ltd.,False,False,False
214832269481,Crestline Real Estate Pte. Ltd.,Tanjong Pagar Plaza,Water,Newater,m³,2025-12,2025,2221.4,1705,1,Frontier Developments Ltd.,Frontier Developments Ltd.,False,False,False
214832269481,Crestline Real Estate Pte. Ltd.,Riverside Walk Mall,Water,Potable water,m³,2025-01,2025,2546.1,1705,1,Frontier Developments Ltd.,Frontier Developments Ltd.,False,False,False
354342113419,Frontier Developments Ltd.,Sentosa Cove Villas,Water,Potable water,m³,2025-01,2025,2158.5,1704,0,,Frontier Developments Ltd.,False,False,False
354342113419,Frontier Developments Ltd.,Orchard Grand Residences,Water,Potable water,m³,2025-01,2025,13.7,1704,0,,Frontier Developments Ltd.,False,False,False
223005401501,Delta Asset Management Ltd.,Sydney Harbour Suites,Water,Potable water,m³,2025-01,2025,6.9,1719,2,Kestrel Properties Pte. Ltd.,Frontier Developments Ltd.,False,False,False
354342113419,Frontier Developments Ltd.,Jurong Lake District Tower,Water,Potable water,m³,2025-01,2025,3.6,1704,0,,Frontier Developments Ltd.,False,False,False
354342113419,Frontier Developments Ltd.,Alexandra Business Park,Water,Potable water,m³,2025-01,2025,77.7,1704,0,,Frontier Developments Ltd.,False,False,False
223005401501,Delta Asset Management Ltd.,Melbourne Central Tower,Water,Potable water,m³,2025-01,2025,6.9,1719,2,Kestrel Properties Pte. Ltd.,Frontier Developments Ltd.,False,False,False
214832269481,Crestline Real Estate Pte. Ltd.,City Plaza Commercial,Water,Potable water,m³,2025-01,2025,2546.1,1705,1,Frontier Developments Ltd.,Frontier Developments Ltd.,False,False,False
214832269481,Crestline Real Estate Pte. Ltd.,Tanjong Pagar Plaza,Water,Potable water,m³,2025-01,2025,2112.8,1705,1,Frontier Developments Ltd.,Frontier Developments Ltd.,False,False,False
354342113419,Frontier Developments Ltd.,Maldives Beach Resort,Water,Potable water,m³,2025-01,2025,1025.1,1704,0,,Frontier Developments Ltd.,False,False,False
214832269481,Crestline Real Estate Pte. Ltd.,Tanjong Pagar Plaza,Water,Potable water,m³,2025-02,2025,2008.0,1705,1,Frontier Developments Ltd.,Frontier Developments Ltd.,False,False,False
354342113419,Frontier Developments Ltd.,Sentosa Cove Villas,Water,Potable water,m³,2025-02,2025,1152.8,1704,0,,Frontier Developments Ltd.,False,False,False
214832269481,Crestline Real Estate Pte. Ltd.,City Plaza Commercial,Water,Potable water,m³,2025-02,2025,1957.55,1705,1,Frontier Developments Ltd.,Frontier Developments Ltd.,False,False,False
354342113419,Frontier Developments Ltd.,Jurong Lake District Tower,Water,Potable water,m³,2025-02,2025,14.1,1704,0,,Frontier Developments Ltd.,False,False,False
354342113419,Frontier Developments Ltd.,Alexandra Business Park,Water,Potable water,m³,2025-02,2025,830.5,1704,0,,Frontier Developments Ltd.,False,False,False
223005401501,Delta Asset Management Ltd.,Melbourne Central Tower,Water,Potable water,m³,2025-02,2025,23.2,1719,2,Kestrel Properties Pte. Ltd.,Frontier Developments Ltd.,False,False,False
223005401501,Delta Asset Management Ltd.,Sydney Harbour Suites,Water,Potable water,m³,2025-02,2025,23.2,1719,2,Kestrel Properties Pte. Ltd.,Frontier Developments Ltd.,False,False,False
214832269481,Crestline Real Estate Pte. Ltd.,Riverside Walk Mall,Water,Potable water,m³,2025-02,2025,1957.55,1705,1,Frontier Developments Ltd.,Frontier Developments Ltd.,False,False,False
354342113419,Frontier Developments Ltd.,Maldives Beach Resort,Water,Potable water,m³,2025-02,2025,612.9,1704,0,,Frontier Developments Ltd.,False,False,False
354342113419,Frontier Developments Ltd.,Orchard Grand Residences,Water,Potable water,m³,2025-02,2025,13.1,1704,0,,Frontier Developments Ltd.,False,False,False
354342113419,Frontier Developments Ltd.,Sentosa Cove Villas,Water,Potable water,m³,2025-03,2025,1600.1,1704,0,,Frontier Developments Ltd.,False,False,False
354342113419,Frontier Developments Ltd.,Alexandra Business Park,Water,Potable water,m³,2025-03,2025,262.7,1704,0,,Frontier Developments Ltd.,False,False,False
214832269481,Crestline Real Estate Pte. Ltd.,City Plaza Commercial,Water,Potable water,m³,2025-03,2025,2291.75,1705,1,Frontier Developments Ltd.,Frontier Developments Ltd.,False,False,False
214832269481,Crestline Real Estate Pte. Ltd.,Riverside Walk Mall,Water,Potable water,m³,2025-03,2025,2291.75,1705,1,Frontier Developments Ltd.,Frontier Developments Ltd.,False,False,False
354342113419,Frontier Developments Ltd.,Maldives Beach Resort,Water,Potable water,m³,2025-03,2025,753.6,1704,0,,Frontier Developments Ltd.,False,False,False
223005401501,Delta Asset Management Ltd.,Melbourne Central Tower,Water,Potable water,m³,2025-03,2025,5.8,1719,2,Kestrel Properties Pte. Ltd.,Frontier Developments Ltd.,False,False,False
214832269481,Crestline Real Estate Pte. Ltd.,Tanjong Pagar Plaza,Water,Potable water,m³,2025-03,2025,2340.1,1705,1,Frontier Developments Ltd.,Frontier Developments Ltd.,False,False,False
354342113419,Frontier Developments Ltd.,Orchard Grand Residences,Water,Potable water,m³,2025-03,2025,-24.3,1704,0,,Frontier Developments Ltd.,True,False,False
354342113419,Frontier Developments Ltd.,Jurong Lake District Tower,Water,Potable water,m³,2025-03,2025,-3.4,1704,0,,Frontier Developments Ltd.,True,False,False
223005401501,Delta Asset Management Ltd.,Sydney Harbour Suites,Water,Potable water,m³,2025-03,2025,5.8,1719,2,Kestrel Properties Pte. Ltd.,Frontier Developments Ltd.,False,False,False
223005401501,Delta Asset Management Ltd.,Sydney Harbour Suites,Water,Potable water,m³,2025-04,2025,6.65,1719,2,Kestrel Properties Pte. Ltd.,Frontier Developments Ltd.,False,False,False
354342113419,Frontier Developments Ltd.,Orchard Grand Residences,Water,Potable water,m³,2025-04,2025,4.3,1704,0,,Frontier Developments Ltd.,False,False,False
214832269481,Crestline Real Estate Pte. Ltd.,City Plaza Commercial,Water,Potable water,m³,2025-04,2025,-2148.85,1705,1,Frontier Developments Ltd.,Frontier Developments Ltd.,True,False,False
223005401501,Delta Asset Management Ltd.,Melbourne Central Tower,Water,Potable water,m³,2025-04,2025,6.65,1719,2,Kestrel Properties Pte. Ltd.,Frontier Developments Ltd.,False,False,False
214832269481,Crestline Real Estate Pte. Ltd.,Riverside Walk Mall,Water,Potable water,m³,2025-04,2025,-2148.85,1705,1,Frontier Developments Ltd.,Frontier Developments Ltd.,True,False,False
354342113419,Frontier Developments Ltd.,Maldives Beach Resort,Water,Potable water,m³,2025-04,2025,958.7,1704,0,,Frontier Developments Ltd.,False,False,False
354342113419,Frontier Developments Ltd.,Sentosa Cove Villas,Water,Potable water,m³,2025-04,2025,1741.5,1704,0,,Frontier Developments Ltd.,False,False,False
214832269481,Crestline Real Estate Pte. Ltd.,Tanjong Pagar Plaza,Water,Potable water,m³,2025-04,2025,2830.7,1705,1,Frontier Developments Ltd.,Frontier Developments Ltd.,False,False,False
354342113419,Frontier Developments Ltd.,Jurong Lake District Tower,Water,Potable water,m³,2025-04,2025,4.1,1704,0,,Frontier Developments Ltd.,False,False,False
354342113419,Frontier Developments Ltd.,Alexandra Business Park,Water,Potable water,m³,2025-04,2025,300.3,1704,0,,Frontier Developments Ltd.,False,False,False
354342113419,Frontier Developments Ltd.,Sentosa Cove Villas,Water,Potable water,m³,2025-05,2025,1900.3,1704,0,,Frontier Developments Ltd.,False,False,False
354342113419,Frontier Developments Ltd.,Maldives Beach Resort,Water,Potable water,m³,2025-05,2025,915.1,1704,0,,Frontier Developments Ltd.,False,False,False
214832269481,Crestline Real Estate Pte. Ltd.,Riverside Walk Mall,Water,Potable water,m³,2025-05,2025,7351.35,1705,1,Frontier Developments Ltd.,Frontier Developments Ltd.,False,False,False
223005401501,Delta Asset Management Ltd.,Sydney Harbour Suites,Water,Potable water,m³,2025-05,2025,4.0,1719,2,Kestrel Properties Pte. Ltd.,Frontier Developments Ltd.,False,False,False
354342113419,Frontier Developments Ltd.,Jurong Lake District Tower,Water,Potable water,m³,2025-05,2025,6.0,1704,0,,Frontier Developments Ltd.,False,False,False
214832269481,Crestline Real Estate Pte. Ltd.,Tanjong Pagar Plaza,Water,Potable water,m³,2025-05,2025,2557.9,1705,1,Frontier Developments Ltd.,Frontier Developments Ltd.,False,False,False
223005401501,Delta Asset Management Ltd.,Melbourne Central Tower,Water,Potable water,m³,2025-05,2025,4.0,1719,2,Kestrel Properties Pte. Ltd.,Frontier Developments Ltd.,False,False,False
354342113419,Frontier Developments Ltd.,Alexandra Business Park,Water,Potable water,m³,2025-05,2025,633.1,1704,0,,Frontier Developments Ltd.,False,False,False
354342113419,Frontier Developments Ltd.,Orchard Grand Residences,Water,Potable water,m³,2025-05,2025,9.3,1704,0,,Frontier Developments Ltd.,False,False,False
214832269481,Crestline Real Estate Pte. Ltd.,City Plaza Commercial,Water,Potable water,m³,2025-05,2025,7351.35,1705,1,Frontier Developments Ltd.,Frontier Developments Ltd.,False,False,False
354342113419,Frontier Developments Ltd.,Alexandra Business Park,Water,Potable water,m³,2025-06,2025,427.3,1704,0,,Frontier Developments Ltd.,False,False,False
354342113419,Frontier Developments Ltd.,Maldives Beach Resort,Water,Potable water,m³,2025-06,2025,316.4,1704,0,,Frontier Developments Ltd.,False,False,False
214832269481,Crestline Real Estate Pte. Ltd.,Riverside Walk Mall,Water,Potable water,m³,2025-06,2025,2692.65,1705,1,Frontier Developments Ltd.,Frontier Developments Ltd.,False,False,False
214832269481,Crestline Real Estate Pte. Ltd.,City Plaza Commercial,Water,Potable water,m³,2025-06,2025,2692.65,1705,1,Frontier Developments Ltd.,Frontier Developments Ltd.,False,False,False
354342113419,Frontier Developments Ltd.,Orchard Grand Residences,Water,Potable water,m³,2025-06,2025,8.7,1704,0,,Frontier Developments Ltd.,False,False,False
354342113419,Frontier Developments Ltd.,Sentosa Cove Villas,Water,Potable water,m³,2025-06,2025,2157.1,1704,0,,Frontier Developments Ltd.,False,False,False
214832269481,Crestline Real Estate Pte. Ltd.,Tanjong Pagar Plaza,Water,Potable water,m³,2025-06,2025,2651.6,1705,1,Frontier Developments Ltd.,Frontier Developments Ltd.,False,False,False
354342113419,Frontier Developments Ltd.,Jurong Lake District Tower,Water,Potable water,m³,2025-06,2025,5.1,1704,0,,Frontier Developments Ltd.,False,False,False
354342113419,Frontier Developments Ltd.,Maldives Beach Resort,Water,Potable water,m³,2025-07,2025,615.3,1704,0,,Frontier Developments Ltd.,False,False,False
214832269481,Crestline Real Estate Pte. Ltd.,City Plaza Commercial,Water,Potable water,m³,2025-07,2025,3459.3,1705,1,Frontier Developments Ltd.,Frontier Developments Ltd.,False,False,False
223005401501,Delta Asset Management Ltd.,Melbourne Central Tower,Water,Potable water,m³,2025-07,2025,0.9,1719,2,Kestrel Properties Pte. Ltd.,Frontier Developments Ltd.,False,False,False
354342113419,Frontier Developments Ltd.,Alexandra Business Park,Water,Potable water,m³,2025-07,2025,706.2,1704,0,,Frontier Developments Ltd.,False,False,False
354342113419,Frontier Developments Ltd.,Sentosa Cove Villas,Water,Potable water,m³,2025-07,2025,2414.7,1704,0,,Frontier Developments Ltd.,False,False,False
354342113419,Frontier Developments Ltd.,Jurong Lake District Tower,Water,Potable water,m³,2025-07,2025,4.7,1704,0,,Frontier Developments Ltd.,False,False,False
214832269481,Crestline Real Estate Pte. Ltd.,Riverside Walk Mall,Water,Potable water,m³,2025-07,2025,3459.3,1705,1,Frontier Developments Ltd.,Frontier Developments Ltd.,False,False,False
223005401501,Delta Asset Management Ltd.,Sydney Harbour Suites,Water,Potable water,m³,2025-07,2025,0.9,1719,2,Kestrel Properties Pte. Ltd.,Frontier Developments Ltd.,False,False,False
214832269481,Crestline Real Estate Pte. Ltd.,Tanjong Pagar Plaza,Water,Potable water,m³,2025-07,2025,2678.7,1705,1,Frontier Developments Ltd.,Frontier Developments Ltd.,False,False,False
354342113419,Frontier Developments Ltd.,Orchard Grand Residences,Water,Potable water,m³,2025-07,2025,12.5,1704,0,,Frontier Developments Ltd.,False,False,False
354342113419,Frontier Developments Ltd.,Maldives Beach Resort,Water,Potable water,m³,2025-08,2025,829.7,1704,0,,Frontier Developments Ltd.,False,False,False
354342113419,Frontier Developments Ltd.,Orchard Grand Residences,Water,Potable water,m³,2025-08,2025,3.5,1704,0,,Frontier Developments Ltd.,False,False,False
354342113419,Frontier Developments Ltd.,Sentosa Cove Villas,Water,Potable water,m³,2025-08,2025,1806.4,1704,0,,Frontier Developments Ltd.,False,False,False
214832269481,Crestline Real Estate Pte. Ltd.,City Plaza Commercial,Water,Potable water,m³,2025-08,2025,2215.4,1705,1,Frontier Developments Ltd.,Frontier Developments Ltd.,False,False,False
223005401501,Delta Asset Management Ltd.,Melbourne Central Tower,Water,Potable water,m³,2025-08,2025,9.8,1719,2,Kestrel Properties Pte. Ltd.,Frontier Developments Ltd.,False,False,False
223005401501,Delta Asset Management Ltd.,Sydney Harbour Suites,Water,Potable water,m³,2025-08,2025,9.8,1719,2,Kestrel Properties Pte. Ltd.,Frontier Developments Ltd.,False,False,False
214832269481,Crestline Real Estate Pte. Ltd.,Riverside Walk Mall,Water,Potable water,m³,2025-08,2025,2215.4,1705,1,Frontier Developments Ltd.,Frontier Developments Ltd.,False,False,False
354342113419,Frontier Developments Ltd.,Alexandra Business Park,Water,Potable water,m³,2025-08,2025,617.0,1704,0,,Frontier Developments Ltd.,False,False,False
214832269481,Crestline Real Estate Pte. Ltd.,Tanjong Pagar Plaza,Water,Potable water,m³,2025-08,2025,2558.3,1705,1,Frontier Developments Ltd.,Frontier Developments Ltd.,False,False,False
354342113419,Frontier Developments Ltd.,Jurong Lake District Tower,Water,Potable water,m³,2025-08,2025,4.6,1704,0,,Frontier Developments Ltd.,False,False,False
214832269481,Crestline Real Estate Pte. Ltd.,Riverside Walk Mall,Water,Potable water,m³,2025-09,2025,3231.85,1705,1,Frontier Developments Ltd.,Frontier Developments Ltd.,False,False,False
214832269481,Crestline Real Estate Pte. Ltd.,Tanjong Pagar Plaza,Water,Potable water,m³,2025-09,2025,2729.8,1705,1,Frontier Developments Ltd.,Frontier Developments Ltd.,False,False,False
354342113419,Frontier Developments Ltd.,Maldives Beach Resort,Water,Potable water,m³,2025-09,2025,895.8,1704,0,,Frontier Developments Ltd.,False,False,False
354342113419,Frontier Developments Ltd.,Sentosa Cove Villas,Water,Potable water,m³,2025-09,2025,1894.7,1704,0,,Frontier Developments Ltd.,False,False,False
214832269481,Crestline Real Estate Pte. Ltd.,City Plaza Commercial,Water,Potable water,m³,2025-09,2025,3231.85,1705,1,Frontier Developments Ltd.,Frontier Developments Ltd.,False,False,False
354342113419,Frontier Developments Ltd.,Orchard Grand Residences,Water,Potable water,m³,2025-09,2025,-2.9,1704,0,,Frontier Developments Ltd.,True,False,False
354342113419,Frontier Developments Ltd.,Alexandra Business Park,Water,Potable water,m³,2025-09,2025,689.4,1704,0,,Frontier Developments Ltd.,False,False,False
354342113419,Frontier Developments Ltd.,Jurong Lake District Tower,Water,Potable water,m³,2025-09,2025,2.2,1704,0,,Frontier Developments Ltd.,False,False,False
214832269481,Crestline Real Estate Pte. Ltd.,City Plaza Commercial,Water,Potable water,m³,2025-10,2025,2204.15,1705,1,Frontier Developments Ltd.,Frontier Developments Ltd.,False,False,False
354342113419,Frontier Developments Ltd.,Maldives Beach Resort,Water,Potable water,m³,2025-10,2025,-1101.6,1704,0,,Frontier Developments Ltd.,True,False,False
214832269481,Crestline Real Estate Pte. Ltd.,Riverside Walk Mall,Water,Potable water,m³,2025-10,2025,2204.15,1705,1,Frontier Developments Ltd.,Frontier Developments Ltd.,False,False,False
214832269481,Crestline Real Estate Pte. Ltd.,Tanjong Pagar Plaza,Water,Potable water,m³,2025-10,2025,3174.1,1705,1,Frontier Developments Ltd.,Frontier Developments Ltd.,False,False,False
354342113419,Frontier Developments Ltd.,Jurong Lake District Tower,Water,Potable water,m³,2025-10,2025,4.0,1704,0,,Frontier Developments Ltd.,False,False,False
354342113419,Frontier Developments Ltd.,Sentosa Cove Villas,Water,Potable water,m³,2025-10,2025,673.0,1704,0,,Frontier Developments Ltd.,False,False,False
223005401501,Delta Asset Management Ltd.,Melbourne Central Tower,Water,Potable water,m³,2025-10,2025,5.75,1719,2,Kestrel Properties Pte. Ltd.,Frontier Developments Ltd.,False,False,False
223005401501,Delta Asset Management Ltd.,Sydney Harbour Suites,Water,Potable water,m³,2025-10,2025,5.75,1719,2,Kestrel Properties Pte. Ltd.,Frontier Developments Ltd.,False,False,False
354342113419,Frontier Developments Ltd.,Alexandra Business Park,Water,Potable water,m³,2025-10,2025,611.2,1704,0,,Frontier Developments Ltd.,False,False,False
354342113419,Frontier Developments Ltd.,Orchard Grand Residences,Water,Potable water,m³,2025-10,2025,0.3,1704,0,,Frontier Developments Ltd.,False,False,False
223005401501,Delta Asset Management Ltd.,Melbourne Central Tower,Water,Potable water,m³,2025-11,2025,8.65,1719,2,Kestrel Properties Pte. Ltd.,Frontier Developments Ltd.,False,False,False
354342113419,Frontier Developments Ltd.,Sentosa Cove Villas,Water,Potable water,m³,2025-11,2025,1686.0,1704,0,,Frontier Developments Ltd.,False,False,False
214832269481,Crestline Real Estate Pte. Ltd.,City Plaza Commercial,Water,Potable water,m³,2025-11,2025,3150.15,1705,1,Frontier Developments Ltd.,Frontier Developments Ltd.,False,False,False
214832269481,Crestline Real Estate Pte. Ltd.,Riverside Walk Mall,Water,Potable water,m³,2025-11,2025,3150.15,1705,1,Frontier Developments Ltd.,Frontier Developments Ltd.,False,False,False
354342113419,Frontier Developments Ltd.,Jurong Lake District Tower,Water,Potable water,m³,2025-11,2025,4.2,1704,0,,Frontier Developments Ltd.,False,False,False
354342113419,Frontier Developments Ltd.,Orchard Grand Residences,Water,Potable water,m³,2025-11,2025,7.9,1704,0,,Frontier Developments Ltd.,False,False,False
223005401501,Delta Asset Management Ltd.,Sydney Harbour Suites,Water,Potable water,m³,2025-11,2025,8.65,1719,2,Kestrel Properties Pte. Ltd.,Frontier Developments Ltd.,False,False,False
354342113419,Frontier Developments Ltd.,Alexandra Business Park,Water,Potable water,m³,2025-11,2025,644.0,1704,0,,Frontier Developments Ltd.,False,False,False
214832269481,Crestline Real Estate Pte. Ltd.,Tanjong Pagar Plaza,Water,Potable water,m³,2025-11,2025,4602.4,1705,1,Frontier Developments Ltd.,Frontier Developments Ltd.,False,False,False
354342113419,Frontier Developments Ltd.,Maldives Beach Resort,Water,Potable water,m³,2025-11,2025,86.5,1704,0,,Frontier Developments Ltd.,False,False,False
354342113419,Frontier Developments Ltd.,Maldives Beach Resort,Water,Potable water,m³,2025-12,2025,398.7,1704,0,,Frontier Developments Ltd.,False,False,False
223005401501,Delta Asset Management Ltd.,Sydney Harbour Suites,Water,Potable water,m³,2025-12,2025,5.5,1719,2,Kestrel Properties Pte. Ltd.,Frontier Developments Ltd.,False,False,False
214832269481,Crestline Real Estate Pte. Ltd.,City Plaza Commercial,Water,Potable water,m³,2025-12,2025,2906.8,1705,1,Frontier Developments Ltd.,Frontier Developments Ltd.,False,False,False
354342113419,Frontier Developments Ltd.,Alexandra Business Park,Water,Potable water,m³,2025-12,2025,617.0,1704,0,,Frontier Developments Ltd.,False,False,False
214832269481,Crestline Real Estate Pte. Ltd.,Riverside Walk Mall,Water,Potable water,m³,2025-12,2025,2906.8,1705,1,Frontier Developments Ltd.,Frontier Developments Ltd.,False,False,False
223005401501,Delta Asset Management Ltd.,Melbourne Central Tower,Water,Potable water,m³,2025-12,2025,5.5,1719,2,Kestrel Properties Pte. Ltd.,Frontier Developments Ltd.,False,False,False
354342113419,Frontier Developments Ltd.,Jurong Lake District Tower,Water,Potable water,m³,2025-12,2025,3.9,1704,0,,Frontier Developments Ltd.,False,False,False
214832269481,Crestline Real Estate Pte. Ltd.,Tanjong Pagar Plaza,Water,Potable water,m³,2025-12,2025,2562.9,1705,1,Frontier Developments Ltd.,Frontier Developments Ltd.,False,False,False
354342113419,Frontier Developments Ltd.,Sentosa Cove Villas,Water,Potable water,m³,2025-12,2025,1639.8,1704,0,,Frontier Developments Ltd.,False,False,False
763595448017,Apex Holdings Pte. Ltd.,Dempsey Hill Estate,Water,Water supply,m³,2025-01,2025,13504.0,1721,2,Crestline Real Estate Pte. Ltd.,Frontier Developments Ltd.,False,False,False
763595448017,Apex Holdings Pte. Ltd.,Dempsey Hill Estate,Water,Water supply,m³,2025-02,2025,11957.0,1721,2,Crestline Real Estate Pte. Ltd.,Frontier Developments Ltd.,False,False,False
763595448017,Apex Holdings Pte. Ltd.,Dempsey Hill Estate,Water,Water supply,m³,2025-03,2025,12668.0,1721,2,Crestline Real Estate Pte. Ltd.,Frontier Developments Ltd.,False,False,False
763595448017,Apex Holdings Pte. Ltd.,Dempsey Hill Estate,Water,Water supply,m³,2025-04,2025,12279.0,1721,2,Crestline Real Estate Pte. Ltd.,Frontier Developments Ltd.,False,False,False
763595448017,Apex Holdings Pte. Ltd.,Dempsey Hill Estate,Water,Water supply,m³,2025-05,2025,11782.0,1721,2,Crestline Real Estate Pte. Ltd.,Frontier Developments Ltd.,False,False,False
763595448017,Apex Holdings Pte. Ltd.,Dempsey Hill Estate,Water,Water supply,m³,2025-06,2025,11805.0,1721,2,Crestline Real Estate Pte. Ltd.,Frontier Developments Ltd.,False,False,False
763595448017,Apex Holdings Pte. Ltd.,Dempsey Hill Estate,Water,Water supply,m³,2025-07,2025,11343.0,1721,2,Crestline Real Estate Pte. Ltd.,Frontier Developments Ltd.,False,False,False
763595448017,Apex Holdings Pte. Ltd.,Dempsey Hill Estate,Water,Water supply,m³,2025-08,2025,11582.0,1721,2,Crestline Real Estate Pte. Ltd.,Frontier Developments Ltd.,False,False,False
763595448017,Apex Holdings Pte. Ltd.,Dempsey Hill Estate,Water,Water supply,m³,2025-09,2025,11441.0,1721,2,Crestline Real Estate Pte. Ltd.,Frontier Developments Ltd.,False,False,False
763595448017,Apex Holdings Pte. Ltd.,Dempsey Hill Estate,Water,Water supply,m³,2025-10,2025,12528.0,1721,2,Crestline Real Estate Pte. Ltd.,Frontier Developments Ltd.,False,False,False
763595448017,Apex Holdings Pte. Ltd.,Dempsey Hill Estate,Water,Water supply,m³,2025-11,2025,12169.0,1721,2,Crestline Real Estate Pte. Ltd.,Frontier Developments Ltd.,False,False,False
763595448017,Apex Holdings Pte. Ltd.,Dempsey Hill Estate,Water,Water supply,m³,2025-12,2025,13437.0,1721,2,Crestline Real Estate Pte. Ltd.,Frontier Developments Ltd.,False,False,False
354342113419,Frontier Developments Ltd.,Alexandra Business Park,Electricity Consumption,Electricity,kWh,2024-01,2024,6946.0,1704,0,,Frontier Developments Ltd.,False,False,False
214832269481,Crestline Real Estate Pte. Ltd.,City Plaza Commercial,Electricity Consumption,Electricity,kWh,2024-01,2024,866298.88,1705,1,Frontier Developments Ltd.,Frontier Developments Ltd.,False,False,False
354342113419,Frontier Developments Ltd.,Jurong Lake District Tower,Electricity Consumption,Electricity,kWh,2024-01,2024,148.0,1704,0,,Frontier Developments Ltd.,False,False,False
763595448017,Apex Holdings Pte. Ltd.,Dempsey Hill Estate,Electricity Consumption,Electricity,kWh,2024-01,2024,1116337.0,1721,2,Crestline Real Estate Pte. Ltd.,Frontier Developments Ltd.,False,False,False
354342113419,Frontier Developments Ltd.,Sentosa Cove Villas,Electricity Consumption,Electricity,kWh,2024-01,2024,377471.5542,1704,0,,Frontier Developments Ltd.,False,False,False
223005401501,Delta Asset Management Ltd.,Melbourne Central Tower,Electricity Consumption,Electricity,kWh,2024-01,2024,19197.5,1719,2,Kestrel Properties Pte. Ltd.,Frontier Developments Ltd.,False,False,False
214832269481,Crestline Real Estate Pte. Ltd.,Tanjong Pagar Plaza,Electricity Consumption,Electricity,kWh,2024-01,2024,770778.83,1705,1,Frontier Developments Ltd.,Frontier Developments Ltd.,False,False,False
214832269481,Crestline Real Estate Pte. Ltd.,Riverside Walk Mall,Electricity Consumption,Electricity,kWh,2024-01,2024,2883253.3,1705,1,Frontier Developments Ltd.,Frontier Developments Ltd.,False,False,False
223005401501,Delta Asset Management Ltd.,Sydney Harbour Suites,Electricity Consumption,Electricity,kWh,2024-01,2024,19197.5,1719,2,Kestrel Properties Pte. Ltd.,Frontier Developments Ltd.,False,False,False
354342113419,Frontier Developments Ltd.,Maldives Beach Resort,Electricity Consumption,Electricity,kWh,2024-01,2024,3211.0,1704,0,,Frontier Developments Ltd.,False,False,False
354342113419,Frontier Developments Ltd.,One Holland Village,Electricity Consumption,Electricity,kWh,2024-01,2024,148.0,1704,0,,Frontier Developments Ltd.,False,False,False
354342113419,Frontier Developments Ltd.,Orchard Grand Residences,Electricity Consumption,Electricity,kWh,2024-01,2024,965.0,1704,0,,Frontier Developments Ltd.,False,False,False
763595448017,Apex Holdings Pte. Ltd.,Dempsey Hill Estate,Renewable Energy,Electricity,kWh,2024-01,2024,88363.0,1721,2,Crestline Real Estate Pte. Ltd.,Frontier Developments Ltd.,False,False,False
354342113419,Frontier Developments Ltd.,Maldives Beach Resort,Electricity Consumption,Electricity,kWh,2024-02,2024,70.0,1704,0,,Frontier Developments Ltd.,False,False,False
223005401501,Delta Asset Management Ltd.,Melbourne Central Tower,Electricity Consumption,Electricity,kWh,2024-02,2024,11153.5,1719,2,Kestrel Properties Pte. Ltd.,Frontier Developments Ltd.,False,False,False
354342113419,Frontier Developments Ltd.,Jurong Lake District Tower,Electricity Consumption,Electricity,kWh,2024-02,2024,136.0,1704,0,,Frontier Developments Ltd.,False,False,False
214832269481,Crestline Real Estate Pte. Ltd.,Tanjong Pagar Plaza,Electricity Consumption,Electricity,kWh,2024-02,2024,731340.04,1705,1,Frontier Developments Ltd.,Frontier Developments Ltd.,False,False,False
354342113419,Frontier Developments Ltd.,Orchard Grand Residences,Electricity Consumption,Electricity,kWh,2024-02,2024,733.0,1704,0,,Frontier Developments Ltd.,False,False,False
354342113419,Frontier Developments Ltd.,Sentosa Cove Villas,Electricity Consumption,Electricity,kWh,2024-02,2024,348803.8002,1704,0,,Frontier Developments Ltd.,False,False,False
223005401501,Delta Asset Management Ltd.,Sydney Harbour Suites,Electricity Consumption,Electricity,kWh,2024-02,2024,11153.5,1719,2,Kestrel Properties Pte. Ltd.,Frontier Developments Ltd.,False,False,False
354342113419,Frontier Developments Ltd.,Alexandra Business Park,Electricity Consumption,Electricity,kWh,2024-02,2024,84336.0,1704,0,,Frontier Developments Ltd.,False,False,False
763595448017,Apex Holdings Pte. Ltd.,Dempsey Hill Estate,Electricity Consumption,Electricity,kWh,2024-02,2024,1136592.0,1721,2,Crestline Real Estate Pte. Ltd.,Frontier Developments Ltd.,False,False,False
214832269481,Crestline Real Estate Pte. Ltd.,City Plaza Commercial,Electricity Consumption,Electricity,kWh,2024-02,2024,799853.46,1705,1,Frontier Developments Ltd.,Frontier Developments Ltd.,False,False,False
354342113419,Frontier Developments Ltd.,One Holland Village,Electricity Consumption,Electricity,kWh,2024-02,2024,136.0,1704,0,,Frontier Developments Ltd.,False,False,False
214832269481,Crestline Real Estate Pte. Ltd.,Riverside Walk Mall,Electricity Consumption,Electricity,kWh,2024-02,2024,2667031.78,1705,1,Frontier Developments Ltd.,Frontier Developments Ltd.,False,False,False
763595448017,Apex Holdings Pte. Ltd.,Dempsey Hill Estate,Renewable Energy,Electricity,kWh,2024-02,2024,86671.0,1721,2,Crestline Real Estate Pte. Ltd.,Frontier Developments Ltd.,False,False,False
354342113419,Frontier Developments Ltd.,One Holland Village,Electricity Consumption,Electricity,kWh,2024-03,2024,98.0,1704,0,,Frontier Developments Ltd.,False,False,False
763595448017,Apex Holdings Pte. Ltd.,Dempsey Hill Estate,Electricity Consumption,Electricity,kWh,2024-03,2024,1195998.0,1721,2,Crestline Real Estate Pte. Ltd.,Frontier Developments Ltd.,False,False,False
214832269481,Crestline Real Estate Pte. Ltd.,Riverside Walk Mall,Electricity Consumption,Electricity,kWh,2024-03,2024,2901137.97,1705,1,Frontier Developments Ltd.,Frontier Developments Ltd.,False,False,False
354342113419,Frontier Developments Ltd.,Sentosa Cove Villas,Electricity Consumption,Electricity,kWh,2024-03,2024,387128.3143,1704,0,,Frontier Developments Ltd.,False,False,False
354342113419,Frontier Developments Ltd.,Alexandra Business Park,Electricity Consumption,Electricity,kWh,2024-03,2024,45211.0,1704,0,,Frontier Developments Ltd.,False,False,False
214832269481,Crestline Real Estate Pte. Ltd.,City Plaza Commercial,Electricity Consumption,Electricity,kWh,2024-03,2024,849371.45,1705,1,Frontier Developments Ltd.,Frontier Developments Ltd.,False,False,False
223005401501,Delta Asset Management Ltd.,Sydney Harbour Suites,Electricity Consumption,Electricity,kWh,2024-03,2024,3642.0,1719,2,Kestrel Properties Pte. Ltd.,Frontier Developments Ltd.,False,False,False
214832269481,Crestline Real Estate Pte. Ltd.,Tanjong Pagar Plaza,Electricity Consumption,Electricity,kWh,2024-03,2024,776305.58,1705,1,Frontier Developments Ltd.,Frontier Developments Ltd.,False,False,False
223005401501,Delta Asset Management Ltd.,Melbourne Central Tower,Electricity Consumption,Electricity,kWh,2024-03,2024,3642.0,1719,2,Kestrel Properties Pte. Ltd.,Frontier Developments Ltd.,False,False,False
354342113419,Frontier Developments Ltd.,Orchard Grand Residences,Electricity Consumption,Electricity,kWh,2024-03,2024,769.0,1704,0,,Frontier Developments Ltd.,False,False,False
354342113419,Frontier Developments Ltd.,Jurong Lake District Tower,Electricity Consumption,Electricity,kWh,2024-03,2024,98.0,1704,0,,Frontier Developments Ltd.,False,False,False
763595448017,Apex Holdings Pte. Ltd.,Dempsey Hill Estate,Renewable Energy,Electricity,kWh,2024-03,2024,106953.0,1721,2,Crestline Real Estate Pte. Ltd.,Frontier Developments Ltd.,False,False,False
214832269481,Crestline Real Estate Pte. Ltd.,City Plaza Commercial,Electricity Consumption,Electricity,kWh,2024-04,2024,840395.96,1705,1,Frontier Developments Ltd.,Frontier Developments Ltd.,False,False,False
214832269481,Crestline Real Estate Pte. Ltd.,Riverside Walk Mall,Electricity Consumption,Electricity,kWh,2024-04,2024,2896154.77,1705,1,Frontier Developments Ltd.,Frontier Developments Ltd.,False,False,False
223005401501,Delta Asset Management Ltd.,Melbourne Central Tower,Electricity Consumption,Electricity,kWh,2024-04,2024,5527.5,1719,2,Kestrel Properties Pte. Ltd.,Frontier Developments Ltd.,False,False,False
354342113419,Frontier Developments Ltd.,Alexandra Business Park,Electricity Consumption,Electricity,kWh,2024-04,2024,33759.0,1704,0,,Frontier Developments Ltd.,False,False,False
354342113419,Frontier Developments Ltd.,Sentosa Cove Villas,Electricity Consumption,Electricity,kWh,2024-04,2024,382171.1094,1704,0,,Frontier Developments Ltd.,False,False,False
354342113419,Frontier Developments Ltd.,One Holland Village,Electricity Consumption,Electricity,kWh,2024-04,2024,255.0,1704,0,,Frontier Developments Ltd.,False,False,False
214832269481,Crestline Real Estate Pte. Ltd.,Tanjong Pagar Plaza,Electricity Consumption,Electricity,kWh,2024-04,2024,805318.01,1705,1,Frontier Developments Ltd.,Frontier Developments Ltd.,False,False,False
763595448017,Apex Holdings Pte. Ltd.,Dempsey Hill Estate,Electricity Consumption,Electricity,kWh,2024-04,2024,1202240.0,1721,2,Crestline Real Estate Pte. Ltd.,Frontier Developments Ltd.,False,False,False
354342113419,Frontier Developments Ltd.,Jurong Lake District Tower,Electricity Consumption,Electricity,kWh,2024-04,2024,255.0,1704,0,,Frontier Developments Ltd.,False,False,False
223005401501,Delta Asset Management Ltd.,Sydney Harbour Suites,Electricity Consumption,Electricity,kWh,2024-04,2024,5527.5,1719,2,Kestrel Properties Pte. Ltd.,Frontier Developments Ltd.,False,False,False
354342113419,Frontier Developments Ltd.,Orchard Grand Residences,Electricity Consumption,Electricity,kWh,2024-04,2024,946.0,1704,0,,Frontier Developments Ltd.,False,False,False
763595448017,Apex Holdings Pte. Ltd.,Dempsey Hill Estate,Renewable Energy,Electricity,kWh,2024-04,2024,100811.0,1721,2,Crestline Real Estate Pte. Ltd.,Frontier Developments Ltd.,False,False,False
354342113419,Frontier Developments Ltd.,Jurong Lake District Tower,Electricity Consumption,Electricity,kWh,2024-05,2024,594.0,1704,0,,Frontier Developments Ltd.,False,False,False
214832269481,Crestline Real Estate Pte. Ltd.,Tanjong Pagar Plaza,Electricity Consumption,Electricity,kWh,2024-05,2024,821135.19,1705,1,Frontier Developments Ltd.,Frontier Developments Ltd.,False,False,False
214832269481,Crestline Real Estate Pte. Ltd.,City Plaza Commercial,Electricity Consumption,Electricity,kWh,2024-05,2024,851061.83,1705,1,Frontier Developments Ltd.,Frontier Developments Ltd.,False,False,False
354342113419,Frontier Developments Ltd.,Orchard Grand Residences,Electricity Consumption,Electricity,kWh,2024-05,2024,1667.0,1704,0,,Frontier Developments Ltd.,False,False,False
223005401501,Delta Asset Management Ltd.,Melbourne Central Tower,Electricity Consumption,Electricity,kWh,2024-05,2024,5330.5,1719,2,Kestrel Properties Pte. Ltd.,Frontier Developments Ltd.,False,False,False
763595448017,Apex Holdings Pte. Ltd.,Dempsey Hill Estate,Electricity Consumption,Electricity,kWh,2024-05,2024,1196716.0,1721,2,Crestline Real Estate Pte. Ltd.,Frontier Developments Ltd.,False,False,False
354342113419,Frontier Developments Ltd.,Sentosa Cove Villas,Electricity Consumption,Electricity,kWh,2024-05,2024,393802.2208,1704,0,,Frontier Developments Ltd.,False,False,False
223005401501,Delta Asset Management Ltd.,Sydney Harbour Suites,Electricity Consumption,Electricity,kWh,2024-05,2024,5330.5,1719,2,Kestrel Properties Pte. Ltd.,Frontier Developments Ltd.,False,False,False
354342113419,Frontier Developments Ltd.,One Holland Village,Electricity Consumption,Electricity,kWh,2024-05,2024,594.0,1704,0,,Frontier Developments Ltd.,False,False,False
214832269481,Crestline Real Estate Pte. Ltd.,Riverside Walk Mall,Electricity Consumption,Electricity,kWh,2024-05,2024,3053323.27,1705,1,Frontier Developments Ltd.,Frontier Developments Ltd.,False,False,False
354342113419,Frontier Developments Ltd.,Alexandra Business Park,Electricity Consumption,Electricity,kWh,2024-05,2024,72184.0,1704,0,,Frontier Developments Ltd.,False,False,False
763595448017,Apex Holdings Pte. Ltd.,Dempsey Hill Estate,Renewable Energy,Electricity,kWh,2024-05,2024,86683.0,1721,2,Crestline Real Estate Pte. Ltd.,Frontier Developments Ltd.,False,False,False
354342113419,Frontier Developments Ltd.,Alexandra Business Park,Electricity Consumption,Electricity,kWh,2024-06,2024,68923.0,1704,0,,Frontier Developments Ltd.,False,False,False
214832269481,Crestline Real Estate Pte. Ltd.,Riverside Walk Mall,Electricity Consumption,Electricity,kWh,2024-06,2024,2864913.71,1705,1,Frontier Developments Ltd.,Frontier Developments Ltd.,False,False,False
223005401501,Delta Asset Management Ltd.,Sydney Harbour Suites,Electricity Consumption,Electricity,kWh,2024-06,2024,18606.5,1719,2,Kestrel Properties Pte. Ltd.,Frontier Developments Ltd.,False,False,False
763595448017,Apex Holdings Pte. Ltd.,Dempsey Hill Estate,Electricity Consumption,Electricity,kWh,2024-06,2024,1142303.0,1721,2,Crestline Real Estate Pte. Ltd.,Frontier Developments Ltd.,False,False,False
354342113419,Frontier Developments Ltd.,Orchard Grand Residences,Electricity Consumption,Electricity,kWh,2024-06,2024,804.0,1704,0,,Frontier Developments Ltd.,False,False,False
354342113419,Frontier Developments Ltd.,Jurong Lake District Tower,Electricity Consumption,Electricity,kWh,2024-06,2024,770.0,1704,0,,Frontier Developments Ltd.,False,False,False
214832269481,Crestline Real Estate Pte. Ltd.,Tanjong Pagar Plaza,Electricity Consumption,Electricity,kWh,2024-06,2024,779766.08,1705,1,Frontier Developments Ltd.,Frontier Developments Ltd.,False,False,False
354342113419,Frontier Developments Ltd.,Sentosa Cove Villas,Electricity Consumption,Electricity,kWh,2024-06,2024,370460.9823,1704,0,,Frontier Developments Ltd.,False,False,False
354342113419,Frontier Developments Ltd.,One Holland Village,Electricity Consumption,Electricity,kWh,2024-06,2024,770.0,1704,0,,Frontier Developments Ltd.,False,False,False
354342113419,Frontier Developments Ltd.,Maldives Beach Resort,Electricity Consumption,Electricity,kWh,2024-06,2024,461.0,1704,0,,Frontier Developments Ltd.,False,False,False
223005401501,Delta Asset Management Ltd.,Melbourne Central Tower,Electricity Consumption,Electricity,kWh,2024-06,2024,18606.5,1719,2,Kestrel Properties Pte. Ltd.,Frontier Developments Ltd.,False,False,False
214832269481,Crestline Real Estate Pte. Ltd.,City Plaza Commercial,Electricity Consumption,Electricity,kWh,2024-06,2024,778989.47,1705,1,Frontier Developments Ltd.,Frontier Developments Ltd.,False,False,False
763595448017,Apex Holdings Pte. Ltd.,Dempsey Hill Estate,Renewable Energy,Electricity,kWh,2024-06,2024,91970.0,1721,2,Crestline Real Estate Pte. Ltd.,Frontier Developments Ltd.,False,False,False
354342113419,Frontier Developments Ltd.,Maldives Beach Resort,Electricity Consumption,Electricity,kWh,2024-07,2024,2764.0,1704,0,,Frontier Developments Ltd.,False,False,False
354342113419,Frontier Developments Ltd.,Jurong Lake District Tower,Electricity Consumption,Electricity,kWh,2024-07,2024,715.0,1704,0,,Frontier Developments Ltd.,False,False,False
354342113419,Frontier Developments Ltd.,Alexandra Business Park,Electricity Consumption,Electricity,kWh,2024-07,2024,42924.0,1704,0,,Frontier Developments Ltd.,False,False,False
223005401501,Delta Asset Management Ltd.,Melbourne Central Tower,Electricity Consumption,Electricity,kWh,2024-07,2024,3250.5,1719,2,Kestrel Properties Pte. Ltd.,Frontier Developments Ltd.,False,False,False
214832269481,Crestline Real Estate Pte. Ltd.,Tanjong Pagar Plaza,Electricity Consumption,Electricity,kWh,2024-07,2024,868859.67,1705,1,Frontier Developments Ltd.,Frontier Developments Ltd.,False,False,False
354342113419,Frontier Developments Ltd.,Sentosa Cove Villas,Electricity Consumption,Electricity,kWh,2024-07,2024,396621.2,1704,0,,Frontier Developments Ltd.,False,False,False
354342113419,Frontier Developments Ltd.,Orchard Grand Residences,Electricity Consumption,Electricity,kWh,2024-07,2024,1565.0,1704,0,,Frontier Developments Ltd.,False,False,False
214832269481,Crestline Real Estate Pte. Ltd.,Riverside Walk Mall,Electricity Consumption,Electricity,kWh,2024-07,2024,2974562.43,1705,1,Frontier Developments Ltd.,Frontier Developments Ltd.,False,False,False
354342113419,Frontier Developments Ltd.,One Holland Village,Electricity Consumption,Electricity,kWh,2024-07,2024,715.0,1704,0,,Frontier Developments Ltd.,False,False,False
223005401501,Delta Asset Management Ltd.,Sydney Harbour Suites,Electricity Consumption,Electricity,kWh,2024-07,2024,3250.5,1719,2,Kestrel Properties Pte. Ltd.,Frontier Developments Ltd.,False,False,False
763595448017,Apex Holdings Pte. Ltd.,Dempsey Hill Estate,Electricity Consumption,Electricity,kWh,2024-07,2024,1166152.0,1721,2,Crestline Real Estate Pte. Ltd.,Frontier Developments Ltd.,False,False,False
214832269481,Crestline Real Estate Pte. Ltd.,City Plaza Commercial,Electricity Consumption,Electricity,kWh,2024-07,2024,837235.33,1705,1,Frontier Developments Ltd.,Frontier Developments Ltd.,False,False,False
763595448017,Apex Holdings Pte. Ltd.,Dempsey Hill Estate,Renewable Energy,Electricity,kWh,2024-07,2024,90313.0,1721,2,Crestline Real Estate Pte. Ltd.,Frontier Developments Ltd.,False,False,False
214832269481,Crestline Real Estate Pte. Ltd.,Tanjong Pagar Plaza,Electricity Consumption,Electricity,kWh,2024-08,2024,838314.96,1705,1,Frontier Developments Ltd.,Frontier Developments Ltd.,False,False,False
214832269481,Crestline Real Estate Pte. Ltd.,City Plaza Commercial,Electricity Consumption,Electricity,kWh,2024-08,2024,816204.61,1705,1,Frontier Developments Ltd.,Frontier Developments Ltd.,False,False,False
354342113419,Frontier Developments Ltd.,One Holland Village,Electricity Consumption,Electricity,kWh,2024-08,2024,-75.0,1704,0,,Frontier Developments Ltd.,True,False,False
223005401501,Delta Asset Management Ltd.,Melbourne Central Tower,Electricity Consumption,Electricity,kWh,2024-08,2024,17481.5,1719,2,Kestrel Properties Pte. Ltd.,Frontier Developments Ltd.,False,False,False
354342113419,Frontier Developments Ltd.,Alexandra Business Park,Electricity Consumption,Electricity,kWh,2024-08,2024,48915.0,1704,0,,Frontier Developments Ltd.,False,False,False
354342113419,Frontier Developments Ltd.,Maldives Beach Resort,Electricity Consumption,Electricity,kWh,2024-08,2024,3762.0,1704,0,,Frontier Developments Ltd.,False,False,False
763595448017,Apex Holdings Pte. Ltd.,Dempsey Hill Estate,Electricity Consumption,Electricity,kWh,2024-08,2024,1106236.0,1721,2,Crestline Real Estate Pte. Ltd.,Frontier Developments Ltd.,False,False,False
354342113419,Frontier Developments Ltd.,Orchard Grand Residences,Electricity Consumption,Electricity,kWh,2024-08,2024,717.0,1704,0,,Frontier Developments Ltd.,False,False,False
223005401501,Delta Asset Management Ltd.,Sydney Harbour Suites,Electricity Consumption,Electricity,kWh,2024-08,2024,17481.5,1719,2,Kestrel Properties Pte. Ltd.,Frontier Developments Ltd.,False,False,False
354342113419,Frontier Developments Ltd.,Jurong Lake District Tower,Electricity Consumption,Electricity,kWh,2024-08,2024,-75.0,1704,0,,Frontier Developments Ltd.,True,False,False
354342113419,Frontier Developments Ltd.,Sentosa Cove Villas,Electricity Consumption,Electricity,kWh,2024-08,2024,383272.814,1704,0,,Frontier Developments Ltd.,False,False,False
214832269481,Crestline Real Estate Pte. Ltd.,Riverside Walk Mall,Electricity Consumption,Electricity,kWh,2024-08,2024,2896227.01,1705,1,Frontier Developments Ltd.,Frontier Developments Ltd.,False,False,False
763595448017,Apex Holdings Pte. Ltd.,Dempsey Hill Estate,Renewable Energy,Electricity,kWh,2024-08,2024,77555.0,1721,2,Crestline Real Estate Pte. Ltd.,Frontier Developments Ltd.,False,False,False
354342113419,Frontier Developments Ltd.,Sentosa Cove Villas,Electricity Consumption,Electricity,kWh,2024-09,2024,364420.4199,1704,0,,Frontier Developments Ltd.,False,False,False
354342113419,Frontier Developments Ltd.,Jurong Lake District Tower,Electricity Consumption,Electricity,kWh,2024-09,2024,296.0,1704,0,,Frontier Developments Ltd.,False,False,False
223005401501,Delta Asset Management Ltd.,Sydney Harbour Suites,Electricity Consumption,Electricity,kWh,2024-09,2024,3044.5,1719,2,Kestrel Properties Pte. Ltd.,Frontier Developments Ltd.,False,False,False
354342113419,Frontier Developments Ltd.,One Holland Village,Electricity Consumption,Electricity,kWh,2024-09,2024,296.0,1704,0,,Frontier Developments Ltd.,False,False,False
763595448017,Apex Holdings Pte. Ltd.,Dempsey Hill Estate,Electricity Consumption,Electricity,kWh,2024-09,2024,1062425.0,1721,2,Crestline Real Estate Pte. Ltd.,Frontier Developments Ltd.,False,False,False
214832269481,Crestline Real Estate Pte. Ltd.,Riverside Walk Mall,Electricity Consumption,Electricity,kWh,2024-09,2024,2786024.44,1705,1,Frontier Developments Ltd.,Frontier Developments Ltd.,False,False,False
214832269481,Crestline Real Estate Pte. Ltd.,City Plaza Commercial,Electricity Consumption,Electricity,kWh,2024-09,2024,792354.41,1705,1,Frontier Developments Ltd.,Frontier Developments Ltd.,False,False,False
214832269481,Crestline Real Estate Pte. Ltd.,Tanjong Pagar Plaza,Electricity Consumption,Electricity,kWh,2024-09,2024,814904.24,1705,1,Frontier Developments Ltd.,Frontier Developments Ltd.,False,False,False
354342113419,Frontier Developments Ltd.,Orchard Grand Residences,Electricity Consumption,Electricity,kWh,2024-09,2024,877.0,1704,0,,Frontier Developments Ltd.,False,False,False
354342113419,Frontier Developments Ltd.,Maldives Beach Resort,Electricity Consumption,Electricity,kWh,2024-09,2024,3664.0,1704,0,,Frontier Developments Ltd.,False,False,False
354342113419,Frontier Developments Ltd.,Alexandra Business Park,Electricity Consumption,Electricity,kWh,2024-09,2024,39697.0,1704,0,,Frontier Developments Ltd.,False,False,False
223005401501,Delta Asset Management Ltd.,Melbourne Central Tower,Electricity Consumption,Electricity,kWh,2024-09,2024,3044.5,1719,2,Kestrel Properties Pte. Ltd.,Frontier Developments Ltd.,False,False,False
763595448017,Apex Holdings Pte. Ltd.,Dempsey Hill Estate,Renewable Energy,Electricity,kWh,2024-09,2024,93022.0,1721,2,Crestline Real Estate Pte. Ltd.,Frontier Developments Ltd.,False,False,False
214832269481,Crestline Real Estate Pte. Ltd.,City Plaza Commercial,Electricity Consumption,Electricity,kWh,2024-10,2024,832840.56,1705,1,Frontier Developments Ltd.,Frontier Developments Ltd.,False,False,False
354342113419,Frontier Developments Ltd.,Orchard Grand Residences,Electricity Consumption,Electricity,kWh,2024-10,2024,614.0,1704,0,,Frontier Developments Ltd.,False,False,False
763595448017,Apex Holdings Pte. Ltd.,Dempsey Hill Estate,Electricity Consumption,Electricity,kWh,2024-10,2024,1115863.0,1721,2,Crestline Real Estate Pte. Ltd.,Frontier Developments Ltd.,False,False,False
223005401501,Delta Asset Management Ltd.,Sydney Harbour Suites,Electricity Consumption,Electricity,kWh,2024-10,2024,10490.5,1719,2,Kestrel Properties Pte. Ltd.,Frontier Developments Ltd.,False,False,False
214832269481,Crestline Real Estate Pte. Ltd.,Riverside Walk Mall,Electricity Consumption,Electricity,kWh,2024-10,2024,2912120.45,1705,1,Frontier Developments Ltd.,Frontier Developments Ltd.,False,False,False
214832269481,Crestline Real Estate Pte. Ltd.,Tanjong Pagar Plaza,Electricity Consumption,Electricity,kWh,2024-10,2024,849787.54,1705,1,Frontier Developments Ltd.,Frontier Developments Ltd.,False,False,False
223005401501,Delta Asset Management Ltd.,Melbourne Central Tower,Electricity Consumption,Electricity,kWh,2024-10,2024,10490.5,1719,2,Kestrel Properties Pte. Ltd.,Frontier Developments Ltd.,False,False,False
354342113419,Frontier Developments Ltd.,Maldives Beach Resort,Electricity Consumption,Electricity,kWh,2024-10,2024,6279.0,1704,0,,Frontier Developments Ltd.,False,False,False
354342113419,Frontier Developments Ltd.,One Holland Village,Electricity Consumption,Electricity,kWh,2024-10,2024,116.0,1704,0,,Frontier Developments Ltd.,False,False,False
354342113419,Frontier Developments Ltd.,Jurong Lake District Tower,Electricity Consumption,Electricity,kWh,2024-10,2024,116.0,1704,0,,Frontier Developments Ltd.,False,False,False
354342113419,Frontier Developments Ltd.,Alexandra Business Park,Electricity Consumption,Electricity,kWh,2024-10,2024,37974.0,1704,0,,Frontier Developments Ltd.,False,False,False
354342113419,Frontier Developments Ltd.,Sentosa Cove Villas,Electricity Consumption,Electricity,kWh,2024-10,2024,391660.519,1704,0,,Frontier Developments Ltd.,False,False,False
763595448017,Apex Holdings Pte. Ltd.,Dempsey Hill Estate,Renewable Energy,Electricity,kWh,2024-10,2024,94663.0,1721,2,Crestline Real Estate Pte. Ltd.,Frontier Developments Ltd.,False,False,False
354342113419,Frontier Developments Ltd.,Alexandra Business Park,Electricity Consumption,Electricity,kWh,2024-11,2024,34853.0,1704,0,,Frontier Developments Ltd.,False,False,False
354342113419,Frontier Developments Ltd.,Sentosa Cove Villas,Electricity Consumption,Electricity,kWh,2024-11,2024,370455.7145,1704,0,,Frontier Developments Ltd.,False,False,False
354342113419,Frontier Developments Ltd.,Orchard Grand Residences,Electricity Consumption,Electricity,kWh,2024-11,2024,569.0,1704,0,,Frontier Developments Ltd.,False,False,False
223005401501,Delta Asset Management Ltd.,Sydney Harbour Suites,Electricity Consumption,Electricity,kWh,2024-11,2024,15867.5,1719,2,Kestrel Properties Pte. Ltd.,Frontier Developments Ltd.,False,False,False
223005401501,Delta Asset Management Ltd.,Melbourne Central Tower,Electricity Consumption,Electricity,kWh,2024-11,2024,15867.5,1719,2,Kestrel Properties Pte. Ltd.,Frontier Developments Ltd.,False,False,False
354342113419,Frontier Developments Ltd.,One Holland Village,Electricity Consumption,Electricity,kWh,2024-11,2024,127.0,1704,0,,Frontier Developments Ltd.,False,False,False
214832269481,Crestline Real Estate Pte. Ltd.,City Plaza Commercial,Electricity Consumption,Electricity,kWh,2024-11,2024,795180.0,1705,1,Frontier Developments Ltd.,Frontier Developments Ltd.,False,False,False
354342113419,Frontier Developments Ltd.,Maldives Beach Resort,Electricity Consumption,Electricity,kWh,2024-11,2024,7216.0,1704,0,,Frontier Developments Ltd.,False,False,False
763595448017,Apex Holdings Pte. Ltd.,Dempsey Hill Estate,Electricity Consumption,Electricity,kWh,2024-11,2024,1039503.0,1721,2,Crestline Real Estate Pte. Ltd.,Frontier Developments Ltd.,False,False,False
214832269481,Crestline Real Estate Pte. Ltd.,Riverside Walk Mall,Electricity Consumption,Electricity,kWh,2024-11,2024,2717546.17,1705,1,Frontier Developments Ltd.,Frontier Developments Ltd.,False,False,False
354342113419,Frontier Developments Ltd.,Jurong Lake District Tower,Electricity Consumption,Electricity,kWh,2024-11,2024,127.0,1704,0,,Frontier Developments Ltd.,False,False,False
214832269481,Crestline Real Estate Pte. Ltd.,Tanjong Pagar Plaza,Electricity Consumption,Electricity,kWh,2024-11,2024,807491.31,1705,1,Frontier Developments Ltd.,Frontier Developments Ltd.,False,False,False
763595448017,Apex Holdings Pte. Ltd.,Dempsey Hill Estate,Renewable Energy,Electricity,kWh,2024-11,2024,77532.0,1721,2,Crestline Real Estate Pte. Ltd.,Frontier Developments Ltd.,False,False,False
214832269481,Crestline Real Estate Pte. Ltd.,City Plaza Commercial,Electricity Consumption,Electricity,kWh,2024-12,2024,784277.25,1705,1,Frontier Developments Ltd.,Frontier Developments Ltd.,False,False,False
354342113419,Frontier Developments Ltd.,Alexandra Business Park,Electricity Consumption,Electricity,kWh,2024-12,2024,28049.0,1704,0,,Frontier Developments Ltd.,False,False,False
223005401501,Delta Asset Management Ltd.,Sydney Harbour Suites,Electricity Consumption,Electricity,kWh,2024-12,2024,8008.5,1719,2,Kestrel Properties Pte. Ltd.,Frontier Developments Ltd.,False,False,False
354342113419,Frontier Developments Ltd.,One Holland Village,Electricity Consumption,Electricity,kWh,2024-12,2024,123.0,1704,0,,Frontier Developments Ltd.,False,False,False
763595448017,Apex Holdings Pte. Ltd.,Dempsey Hill Estate,Electricity Consumption,Electricity,kWh,2024-12,2024,1055279.0,1721,2,Crestline Real Estate Pte. Ltd.,Frontier Developments Ltd.,False,False,False
354342113419,Frontier Developments Ltd.,Jurong Lake District Tower,Electricity Consumption,Electricity,kWh,2024-12,2024,123.0,1704,0,,Frontier Developments Ltd.,False,False,False
354342113419,Frontier Developments Ltd.,Sentosa Cove Villas,Electricity Consumption,Electricity,kWh,2024-12,2024,367694.6801,1704,0,,Frontier Developments Ltd.,False,False,False
354342113419,Frontier Developments Ltd.,Maldives Beach Resort,Electricity Consumption,Electricity,kWh,2024-12,2024,7496.0,1704,0,,Frontier Developments Ltd.,False,False,False
214832269481,Crestline Real Estate Pte. Ltd.,Tanjong Pagar Plaza,Electricity Consumption,Electricity,kWh,2024-12,2024,807110.03,1705,1,Frontier Developments Ltd.,Frontier Developments Ltd.,False,False,False
214832269481,Crestline Real Estate Pte. Ltd.,Riverside Walk Mall,Electricity Consumption,Electricity,kWh,2024-12,2024,2760458.47,1705,1,Frontier Developments Ltd.,Frontier Developments Ltd.,False,False,False
354342113419,Frontier Developments Ltd.,Orchard Grand Residences,Electricity Consumption,Electricity,kWh,2024-12,2024,499.0,1704,0,,Frontier Developments Ltd.,False,False,False
223005401501,Delta Asset Management Ltd.,Melbourne Central Tower,Electricity Consumption,Electricity,kWh,2024-12,2024,8008.5,1719,2,Kestrel Properties Pte. Ltd.,Frontier Developments Ltd.,False,False,False
763595448017,Apex Holdings Pte. Ltd.,Dempsey Hill Estate,Renewable Energy,Electricity,kWh,2024-12,2024,100586.0,1721,2,Crestline Real Estate Pte. Ltd.,Frontier Developments Ltd.,False,False,False
214832269481,Crestline Real Estate Pte. Ltd.,City Plaza Commercial,Stationary Asset Combustion,Diesel,litre,2024-12,2024,235.0,1705,1,Frontier Developments Ltd.,Frontier Developments Ltd.,False,False,False
214832269481,Crestline Real Estate Pte. Ltd.,Riverside Walk Mall,Stationary Asset Combustion,Diesel,litre,2024-12,2024,155.0,1705,1,Frontier Developments Ltd.,Frontier Developments Ltd.,False,False,False
214832269481,Crestline Real Estate Pte. Ltd.,Tanjong Pagar Plaza,Stationary Asset Combustion,Diesel,litre,2024-12,2024,459.0,1705,1,Frontier Developments Ltd.,Frontier Developments Ltd.,False,False,False
763595448017,Apex Holdings Pte. Ltd.,Dempsey Hill Estate,Stationary Asset Combustion,Diesel 100 mineral diesel,litre,2024-01,2024,467909.0,1721,2,Crestline Real Estate Pte. Ltd.,Frontier Developments Ltd.,False,False,False
763595448017,Apex Holdings Pte. Ltd.,Dempsey Hill Estate,Stationary Asset Combustion,Diesel 100 mineral diesel,litre,2024-02,2024,489345.0,1721,2,Crestline Real Estate Pte. Ltd.,Frontier Developments Ltd.,False,False,False
763595448017,Apex Holdings Pte. Ltd.,Dempsey Hill Estate,Stationary Asset Combustion,Diesel 100 mineral diesel,litre,2024-03,2024,509408.0,1721,2,Crestline Real Estate Pte. Ltd.,Frontier Developments Ltd.,False,False,False
763595448017,Apex Holdings Pte. Ltd.,Dempsey Hill Estate,Stationary Asset Combustion,Diesel 100 mineral diesel,litre,2024-04,2024,513911.0,1721,2,Crestline Real Estate Pte. Ltd.,Frontier Developments Ltd.,False,False,False
763595448017,Apex Holdings Pte. Ltd.,Dempsey Hill Estate,Stationary Asset Combustion,Diesel 100 mineral diesel,litre,2024-05,2024,489028.0,1721,2,Crestline Real Estate Pte. Ltd.,Frontier Developments Ltd.,False,False,False
763595448017,Apex Holdings Pte. Ltd.,Dempsey Hill Estate,Stationary Asset Combustion,Diesel 100 mineral diesel,litre,2024-06,2024,462731.0,1721,2,Crestline Real Estate Pte. Ltd.,Frontier Developments Ltd.,False,False,False
763595448017,Apex Holdings Pte. Ltd.,Dempsey Hill Estate,Stationary Asset Combustion,Diesel 100 mineral diesel,litre,2024-07,2024,480756.0,1721,2,Crestline Real Estate Pte. Ltd.,Frontier Developments Ltd.,False,False,False
763595448017,Apex Holdings Pte. Ltd.,Dempsey Hill Estate,Stationary Asset Combustion,Diesel 100 mineral diesel,litre,2024-08,2024,499097.0,1721,2,Crestline Real Estate Pte. Ltd.,Frontier Developments Ltd.,False,False,False
763595448017,Apex Holdings Pte. Ltd.,Dempsey Hill Estate,Stationary Asset Combustion,Diesel 100 mineral diesel,litre,2024-09,2024,496920.0,1721,2,Crestline Real Estate Pte. Ltd.,Frontier Developments Ltd.,False,False,False
763595448017,Apex Holdings Pte. Ltd.,Dempsey Hill Estate,Stationary Asset Combustion,Diesel 100 mineral diesel,litre,2024-10,2024,526066.0,1721,2,Crestline Real Estate Pte. Ltd.,Frontier Developments Ltd.,False,False,False
763595448017,Apex Holdings Pte. Ltd.,Dempsey Hill Estate,Stationary Asset Combustion,Diesel 100 mineral diesel,litre,2024-11,2024,467842.0,1721,2,Crestline Real Estate Pte. Ltd.,Frontier Developments Ltd.,False,False,False
763595448017,Apex Holdings Pte. Ltd.,Dempsey Hill Estate,Stationary Asset Combustion,Diesel 100 mineral diesel,litre,2024-12,2024,553968.0,1721,2,Crestline Real Estate Pte. Ltd.,Frontier Developments Ltd.,False,False,False
763595448017,Apex Holdings Pte. Ltd.,Dempsey Hill Estate,Stationary Asset Combustion,Petrol 100 mineral petrol,litre,2024-01,2024,65760.0,1721,2,Crestline Real Estate Pte. Ltd.,Frontier Developments Ltd.,False,False,False
763595448017,Apex Holdings Pte. Ltd.,Dempsey Hill Estate,Stationary Asset Combustion,Petrol 100 mineral petrol,litre,2024-02,2024,63360.0,1721,2,Crestline Real Estate Pte. Ltd.,Frontier Developments Ltd.,False,False,False
763595448017,Apex Holdings Pte. Ltd.,Dempsey Hill Estate,Stationary Asset Combustion,Petrol 100 mineral petrol,litre,2024-03,2024,50980.0,1721,2,Crestline Real Estate Pte. Ltd.,Frontier Developments Ltd.,False,False,False
763595448017,Apex Holdings Pte. Ltd.,Dempsey Hill Estate,Stationary Asset Combustion,Petrol 100 mineral petrol,litre,2024-04,2024,55280.0,1721,2,Crestline Real Estate Pte. Ltd.,Frontier Developments Ltd.,False,False,False
763595448017,Apex Holdings Pte. Ltd.,Dempsey Hill Estate,Stationary Asset Combustion,Petrol 100 mineral petrol,litre,2024-05,2024,60810.0,1721,2,Crestline Real Estate Pte. Ltd.,Frontier Developments Ltd.,False,False,False
763595448017,Apex Holdings Pte. Ltd.,Dempsey Hill Estate,Stationary Asset Combustion,Petrol 100 mineral petrol,litre,2024-06,2024,58697.0,1721,2,Crestline Real Estate Pte. Ltd.,Frontier Developments Ltd.,False,False,False
763595448017,Apex Holdings Pte. Ltd.,Dempsey Hill Estate,Stationary Asset Combustion,Petrol 100 mineral petrol,litre,2024-07,2024,63910.0,1721,2,Crestline Real Estate Pte. Ltd.,Frontier Developments Ltd.,False,False,False
763595448017,Apex Holdings Pte. Ltd.,Dempsey Hill Estate,Stationary Asset Combustion,Petrol 100 mineral petrol,litre,2024-08,2024,60770.0,1721,2,Crestline Real Estate Pte. Ltd.,Frontier Developments Ltd.,False,False,False
763595448017,Apex Holdings Pte. Ltd.,Dempsey Hill Estate,Stationary Asset Combustion,Petrol 100 mineral petrol,litre,2024-09,2024,41624.0,1721,2,Crestline Real Estate Pte. Ltd.,Frontier Developments Ltd.,False,False,False
763595448017,Apex Holdings Pte. Ltd.,Dempsey Hill Estate,Stationary Asset Combustion,Petrol 100 mineral petrol,litre,2024-10,2024,60641.0,1721,2,Crestline Real Estate Pte. Ltd.,Frontier Developments Ltd.,False,False,False
763595448017,Apex Holdings Pte. Ltd.,Dempsey Hill Estate,Stationary Asset Combustion,Petrol 100 mineral petrol,litre,2024-11,2024,60063.0,1721,2,Crestline Real Estate Pte. Ltd.,Frontier Developments Ltd.,False,False,False
763595448017,Apex Holdings Pte. Ltd.,Dempsey Hill Estate,Stationary Asset Combustion,Petrol 100 mineral petrol,litre,2024-12,2024,66331.0,1721,2,Crestline Real Estate Pte. Ltd.,Frontier Developments Ltd.,False,False,False
214832269481,Crestline Real Estate Pte. Ltd.,Riverside Walk Mall,Waste,Glass,kg,2024-12,2024,690.0,1705,1,Frontier Developments Ltd.,Frontier Developments Ltd.,False,False,False
214832269481,Crestline Real Estate Pte. Ltd.,City Plaza Commercial,Waste,Glass,kg,2024-12,2024,505.0,1705,1,Frontier Developments Ltd.,Frontier Developments Ltd.,False,False,False
214832269481,Crestline Real Estate Pte. Ltd.,Tanjong Pagar Plaza,Waste,Glass,kg,2024-12,2024,505.0,1705,1,Frontier Developments Ltd.,Frontier Developments Ltd.,False,False,False
214832269481,Crestline Real Estate Pte. Ltd.,Tanjong Pagar Plaza,Waste,Metals,kg,2024-12,2024,360.0,1705,1,Frontier Developments Ltd.,Frontier Developments Ltd.,False,False,False
214832269481,Crestline Real Estate Pte. Ltd.,Riverside Walk Mall,Waste,Metals,kg,2024-12,2024,1140.0,1705,1,Frontier Developments Ltd.,Frontier Developments Ltd.,False,False,False
354342113419,Frontier Developments Ltd.,Sentosa Cove Villas,Waste,Metals,kg,2024-12,2024,200.0,1704,0,,Frontier Developments Ltd.,False,False,False
214832269481,Crestline Real Estate Pte. Ltd.,City Plaza Commercial,Waste,Metals,kg,2024-12,2024,360.0,1705,1,Frontier Developments Ltd.,Frontier Developments Ltd.,False,False,False
214832269481,Crestline Real Estate Pte. Ltd.,Riverside Walk Mall,Waste,Mixed recyclables,kg,2024-12,2024,6770.0,1705,1,Frontier Developments Ltd.,Frontier Developments Ltd.,False,False,False
354342113419,Frontier Developments Ltd.,Orchard Grand Residences,Waste,Mixed recyclables,kg,2024-12,2024,6494.0,1704,0,,Frontier Developments Ltd.,False,False,False
354342113419,Frontier Developments Ltd.,Sentosa Cove Villas,Waste,Mixed recyclables,kg,2024-12,2024,5630.0,1704,0,,Frontier Developments Ltd.,False,False,False
214832269481,Crestline Real Estate Pte. Ltd.,Tanjong Pagar Plaza,Waste,Mixed recyclables,kg,2024-12,2024,8605.0,1705,1,Frontier Developments Ltd.,Frontier Developments Ltd.,False,False,False
214832269481,Crestline Real Estate Pte. Ltd.,City Plaza Commercial,Waste,Mixed recyclables,kg,2024-12,2024,8605.0,1705,1,Frontier Developments Ltd.,Frontier Developments Ltd.,False,False,False
223005401501,Delta Asset Management Ltd.,Sydney Harbour Suites,Waste,Mixed recyclables,kg,2024-12,2024,2822.5,1719,2,Kestrel Properties Pte. Ltd.,Frontier Developments Ltd.,False,False,False
223005401501,Delta Asset Management Ltd.,Melbourne Central Tower,Waste,Mixed recyclables,kg,2024-12,2024,2822.5,1719,2,Kestrel Properties Pte. Ltd.,Frontier Developments Ltd.,False,False,False
354342113419,Frontier Developments Ltd.,Maldives Beach Resort,Waste,Mixed recyclables,kg,2024-12,2024,6497.0,1704,0,,Frontier Developments Ltd.,False,False,False
354342113419,Frontier Developments Ltd.,Alexandra Business Park,Waste,Mixed recyclables,kg,2024-12,2024,5917.0,1704,0,,Frontier Developments Ltd.,False,False,False
354342113419,Frontier Developments Ltd.,Jurong Lake District Tower,Waste,Mixed recyclables,kg,2024-12,2024,2588.0,1704,0,,Frontier Developments Ltd.,False,False,False
214832269481,Crestline Real Estate Pte. Ltd.,City Plaza Commercial,Waste,Other waste,kg,2024-12,2024,192705.0,1705,1,Frontier Developments Ltd.,Frontier Developments Ltd.,False,False,False
354342113419,Frontier Developments Ltd.,Jurong Lake District Tower,Waste,Other waste,kg,2024-12,2024,27018.0,1704,0,,Frontier Developments Ltd.,False,False,False
223005401501,Delta Asset Management Ltd.,Melbourne Central Tower,Waste,Other waste,kg,2024-12,2024,102837.5,1719,2,Kestrel Properties Pte. Ltd.,Frontier Developments Ltd.,False,False,False
214832269481,Crestline Real Estate Pte. Ltd.,Riverside Walk Mall,Waste,Other waste,kg,2024-12,2024,925470.0,1705,1,Frontier Developments Ltd.,Frontier Developments Ltd.,False,False,False
223005401501,Delta Asset Management Ltd.,Sydney Harbour Suites,Waste,Other waste,kg,2024-12,2024,102837.5,1719,2,Kestrel Properties Pte. Ltd.,Frontier Developments Ltd.,False,False,False
354342113419,Frontier Developments Ltd.,Sentosa Cove Villas,Waste,Other waste,kg,2024-12,2024,165210.0,1704,0,,Frontier Developments Ltd.,False,False,False
354342113419,Frontier Developments Ltd.,Alexandra Business Park,Waste,Other waste,kg,2024-12,2024,216188.0,1704,0,,Frontier Developments Ltd.,False,False,False
214832269481,Crestline Real Estate Pte. Ltd.,Tanjong Pagar Plaza,Waste,Other waste,kg,2024-12,2024,192705.0,1705,1,Frontier Developments Ltd.,Frontier Developments Ltd.,False,False,False
354342113419,Frontier Developments Ltd.,Orchard Grand Residences,Waste,Other waste,kg,2024-12,2024,220354.0,1704,0,,Frontier Developments Ltd.,False,False,False
354342113419,Frontier Developments Ltd.,Maldives Beach Resort,Waste,Other waste,kg,2024-12,2024,221867.0,1704,0,,Frontier Developments Ltd.,False,False,False
214832269481,Crestline Real Estate Pte. Ltd.,City Plaza Commercial,Waste,Plastics average plastics,kg,2024-12,2024,460.0,1705,1,Frontier Developments Ltd.,Frontier Developments Ltd.,False,False,False
214832269481,Crestline Real Estate Pte. Ltd.,Tanjong Pagar Plaza,Waste,Plastics average plastics,kg,2024-12,2024,460.0,1705,1,Frontier Developments Ltd.,Frontier Developments Ltd.,False,False,False
214832269481,Crestline Real Estate Pte. Ltd.,Riverside Walk Mall,Waste,Plastics average plastics,kg,2024-12,2024,1400.0,1705,1,Frontier Developments Ltd.,Frontier Developments Ltd.,False,False,False
354342113419,Frontier Developments Ltd.,Sentosa Cove Villas,Waste,Plastics average plastics,kg,2024-12,2024,420.0,1704,0,,Frontier Developments Ltd.,False,False,False
214832269481,Crestline Real Estate Pte. Ltd.,Riverside Walk Mall,Waste,Waste paper unsorted,kg,2024-12,2024,58180.0,1705,1,Frontier Developments Ltd.,Frontier Developments Ltd.,False,False,False
214832269481,Crestline Real Estate Pte. Ltd.,City Plaza Commercial,Waste,Waste paper unsorted,kg,2024-12,2024,10960.0,1705,1,Frontier Developments Ltd.,Frontier Developments Ltd.,False,False,False
354342113419,Frontier Developments Ltd.,Sentosa Cove Villas,Waste,Waste paper unsorted,kg,2024-12,2024,19460.0,1704,0,,Frontier Developments Ltd.,False,False,False
214832269481,Crestline Real Estate Pte. Ltd.,Tanjong Pagar Plaza,Waste,Waste paper unsorted,kg,2024-12,2024,10960.0,1705,1,Frontier Developments Ltd.,Frontier Developments Ltd.,False,False,False
214832269481,Crestline Real Estate Pte. Ltd.,Tanjong Pagar Plaza,Waste,Weee small,kg,2024-12,2024,180.0,1705,1,Frontier Developments Ltd.,Frontier Developments Ltd.,False,False,False
354342113419,Frontier Developments Ltd.,Alexandra Business Park,Waste,Weee small,kg,2024-12,2024,2.5,1704,0,,Frontier Developments Ltd.,False,False,False
223005401501,Delta Asset Management Ltd.,Melbourne Central Tower,Waste,Weee small,kg,2024-12,2024,6.25,1719,2,Kestrel Properties Pte. Ltd.,Frontier Developments Ltd.,False,False,False
223005401501,Delta Asset Management Ltd.,Sydney Harbour Suites,Waste,Weee small,kg,2024-12,2024,6.25,1719,2,Kestrel Properties Pte. Ltd.,Frontier Developments Ltd.,False,False,False
214832269481,Crestline Real Estate Pte. Ltd.,City Plaza Commercial,Waste,Weee small,kg,2024-12,2024,180.0,1705,1,Frontier Developments Ltd.,Frontier Developments Ltd.,False,False,False
354342113419,Frontier Developments Ltd.,Maldives Beach Resort,Waste,Weee small,kg,2024-12,2024,49.0,1704,0,,Frontier Developments Ltd.,False,False,False
354342113419,Frontier Developments Ltd.,Sentosa Cove Villas,Waste,Weee small,kg,2024-12,2024,560.0,1704,0,,Frontier Developments Ltd.,False,False,False
214832269481,Crestline Real Estate Pte. Ltd.,City Plaza Commercial,Water,Newater,m³,2024-01,2024,166.95,1705,1,Frontier Developments Ltd.,Frontier Developments Ltd.,False,False,False
214832269481,Crestline Real Estate Pte. Ltd.,Tanjong Pagar Plaza,Water,Newater,m³,2024-01,2024,2047.6,1705,1,Frontier Developments Ltd.,Frontier Developments Ltd.,False,False,False
214832269481,Crestline Real Estate Pte. Ltd.,Riverside Walk Mall,Water,Newater,m³,2024-01,2024,166.95,1705,1,Frontier Developments Ltd.,Frontier Developments Ltd.,False,False,False
214832269481,Crestline Real Estate Pte. Ltd.,City Plaza Commercial,Water,Newater,m³,2024-02,2024,106.05,1705,1,Frontier Developments Ltd.,Frontier Developments Ltd.,False,False,False
214832269481,Crestline Real Estate Pte. Ltd.,Tanjong Pagar Plaza,Water,Newater,m³,2024-02,2024,2015.5,1705,1,Frontier Developments Ltd.,Frontier Developments Ltd.,False,False,False
214832269481,Crestline Real Estate Pte. Ltd.,Riverside Walk Mall,Water,Newater,m³,2024-02,2024,106.05,1705,1,Frontier Developments Ltd.,Frontier Developments Ltd.,False,False,False
214832269481,Crestline Real Estate Pte. Ltd.,Tanjong Pagar Plaza,Water,Newater,m³,2024-03,2024,2236.7,1705,1,Frontier Developments Ltd.,Frontier Developments Ltd.,False,False,False
214832269481,Crestline Real Estate Pte. Ltd.,City Plaza Commercial,Water,Newater,m³,2024-03,2024,383.45,1705,1,Frontier Developments Ltd.,Frontier Developments Ltd.,False,False,False
214832269481,Crestline Real Estate Pte. Ltd.,Riverside Walk Mall,Water,Newater,m³,2024-03,2024,383.45,1705,1,Frontier Developments Ltd.,Frontier Developments Ltd.,False,False,False
214832269481,Crestline Real Estate Pte. Ltd.,City Plaza Commercial,Water,Newater,m³,2024-04,2024,252.8,1705,1,Frontier Developments Ltd.,Frontier Developments Ltd.,False,False,False
214832269481,Crestline Real Estate Pte. Ltd.,Riverside Walk Mall,Water,Newater,m³,2024-04,2024,252.8,1705,1,Frontier Developments Ltd.,Frontier Developments Ltd.,False,False,False
214832269481,Crestline Real Estate Pte. Ltd.,Tanjong Pagar Plaza,Water,Newater,m³,2024-04,2024,2218.2,1705,1,Frontier Developments Ltd.,Frontier Developments Ltd.,False,False,False
214832269481,Crestline Real Estate Pte. Ltd.,Riverside Walk Mall,Water,Newater,m³,2024-05,2024,191.9,1705,1,Frontier Developments Ltd.,Frontier Developments Ltd.,False,False,False
214832269481,Crestline Real Estate Pte. Ltd.,City Plaza Commercial,Water,Newater,m³,2024-05,2024,191.9,1705,1,Frontier Developments Ltd.,Frontier Developments Ltd.,False,False,False
214832269481,Crestline Real Estate Pte. Ltd.,Tanjong Pagar Plaza,Water,Newater,m³,2024-05,2024,2196.8,1705,1,Frontier Developments Ltd.,Frontier Developments Ltd.,False,False,False
214832269481,Crestline Real Estate Pte. Ltd.,Tanjong Pagar Plaza,Water,Newater,m³,2024-06,2024,2081.6,1705,1,Frontier Developments Ltd.,Frontier Developments Ltd.,False,False,False
214832269481,Crestline Real Estate Pte. Ltd.,City Plaza Commercial,Water,Newater,m³,2024-06,2024,160.6,1705,1,Frontier Developments Ltd.,Frontier Developments Ltd.,False,False,False
214832269481,Crestline Real Estate Pte. Ltd.,Riverside Walk Mall,Water,Newater,m³,2024-06,2024,160.6,1705,1,Frontier Developments Ltd.,Frontier Developments Ltd.,False,False,False
214832269481,Crestline Real Estate Pte. Ltd.,City Plaza Commercial,Water,Newater,m³,2024-07,2024,252.35,1705,1,Frontier Developments Ltd.,Frontier Developments Ltd.,False,False,False
214832269481,Crestline Real Estate Pte. Ltd.,Tanjong Pagar Plaza,Water,Newater,m³,2024-07,2024,2676.5,1705,1,Frontier Developments Ltd.,Frontier Developments Ltd.,False,False,False
214832269481,Crestline Real Estate Pte. Ltd.,Riverside Walk Mall,Water,Newater,m³,2024-07,2024,252.35,1705,1,Frontier Developments Ltd.,Frontier Developments Ltd.,False,False,False
214832269481,Crestline Real Estate Pte. Ltd.,Riverside Walk Mall,Water,Newater,m³,2024-08,2024,229.4,1705,1,Frontier Developments Ltd.,Frontier Developments Ltd.,False,False,False
214832269481,Crestline Real Estate Pte. Ltd.,Tanjong Pagar Plaza,Water,Newater,m³,2024-08,2024,2433.1,1705,1,Frontier Developments Ltd.,Frontier Developments Ltd.,False,False,False
214832269481,Crestline Real Estate Pte. Ltd.,City Plaza Commercial,Water,Newater,m³,2024-08,2024,229.4,1705,1,Frontier Developments Ltd.,Frontier Developments Ltd.,False,False,False
214832269481,Crestline Real Estate Pte. Ltd.,City Plaza Commercial,Water,Newater,m³,2024-09,2024,121.9,1705,1,Frontier Developments Ltd.,Frontier Developments Ltd.,False,False,False
214832269481,Crestline Real Estate Pte. Ltd.,Tanjong Pagar Plaza,Water,Newater,m³,2024-09,2024,1555.9,1705,1,Frontier Developments Ltd.,Frontier Developments Ltd.,False,False,False
214832269481,Crestline Real Estate Pte. Ltd.,Riverside Walk Mall,Water,Newater,m³,2024-09,2024,121.9,1705,1,Frontier Developments Ltd.,Frontier Developments Ltd.,False,False,False
214832269481,Crestline Real Estate Pte. Ltd.,City Plaza Commercial,Water,Newater,m³,2024-10,2024,427.75,1705,1,Frontier Developments Ltd.,Frontier Developments Ltd.,False,False,False
214832269481,Crestline Real Estate Pte. Ltd.,Tanjong Pagar Plaza,Water,Newater,m³,2024-10,2024,2251.4,1705,1,Frontier Developments Ltd.,Frontier Developments Ltd.,False,False,False
214832269481,Crestline Real Estate Pte. Ltd.,Riverside Walk Mall,Water,Newater,m³,2024-10,2024,427.75,1705,1,Frontier Developments Ltd.,Frontier Developments Ltd.,False,False,False
214832269481,Crestline Real Estate Pte. Ltd.,Tanjong Pagar Plaza,Water,Newater,m³,2024-11,2024,2271.6,1705,1,Frontier Developments Ltd.,Frontier Developments Ltd.,False,False,False
214832269481,Crestline Real Estate Pte. Ltd.,Riverside Walk Mall,Water,Newater,m³,2024-11,2024,323.15,1705,1,Frontier Developments Ltd.,Frontier Developments Ltd.,False,False,False
214832269481,Crestline Real Estate Pte. Ltd.,City Plaza Commercial,Water,Newater,m³,2024-11,2024,323.15,1705,1,Frontier Developments Ltd.,Frontier Developments Ltd.,False,False,False
214832269481,Crestline Real Estate Pte. Ltd.,Tanjong Pagar Plaza,Water,Newater,m³,2024-12,2024,2153.2,1705,1,Frontier Developments Ltd.,Frontier Developments Ltd.,False,False,False
214832269481,Crestline Real Estate Pte. Ltd.,City Plaza Commercial,Water,Newater,m³,2024-12,2024,278.5,1705,1,Frontier Developments Ltd.,Frontier Developments Ltd.,False,False,False
214832269481,Crestline Real Estate Pte. Ltd.,Riverside Walk Mall,Water,Newater,m³,2024-12,2024,278.5,1705,1,Frontier Developments Ltd.,Frontier Developments Ltd.,False,False,False
354342113419,Frontier Developments Ltd.,One Holland Village,Water,Potable water,m³,2024-01,2024,-2.8,1704,0,,Frontier Developments Ltd.,True,False,False
354342113419,Frontier Developments Ltd.,Alexandra Business Park,Water,Potable water,m³,2024-01,2024,-31.2,1704,0,,Frontier Developments Ltd.,True,False,False
354342113419,Frontier Developments Ltd.,Orchard Grand Residences,Water,Potable water,m³,2024-01,2024,9.3,1704,0,,Frontier Developments Ltd.,False,False,False
223005401501,Delta Asset Management Ltd.,Melbourne Central Tower,Water,Potable water,m³,2024-01,2024,263.1,1719,2,Kestrel Properties Pte. Ltd.,Frontier Developments Ltd.,False,False,False
214832269481,Crestline Real Estate Pte. Ltd.,Riverside Walk Mall,Water,Potable water,m³,2024-01,2024,3370.9,1705,1,Frontier Developments Ltd.,Frontier Developments Ltd.,False,False,False
354342113419,Frontier Developments Ltd.,Jurong Lake District Tower,Water,Potable water,m³,2024-01,2024,-2.8,1704,0,,Frontier Developments Ltd.,True,False,False
354342113419,Frontier Developments Ltd.,Maldives Beach Resort,Water,Potable water,m³,2024-01,2024,15.4,1704,0,,Frontier Developments Ltd.,False,False,False
223005401501,Delta Asset Management Ltd.,Sydney Harbour Suites,Water,Potable water,m³,2024-01,2024,263.1,1719,2,Kestrel Properties Pte. Ltd.,Frontier Developments Ltd.,False,False,False
214832269481,Crestline Real Estate Pte. Ltd.,Tanjong Pagar Plaza,Water,Potable water,m³,2024-01,2024,2521.2,1705,1,Frontier Developments Ltd.,Frontier Developments Ltd.,False,False,False
214832269481,Crestline Real Estate Pte. Ltd.,City Plaza Commercial,Water,Potable water,m³,2024-01,2024,3370.9,1705,1,Frontier Developments Ltd.,Frontier Developments Ltd.,False,False,False
354342113419,Frontier Developments Ltd.,Sentosa Cove Villas,Water,Potable water,m³,2024-01,2024,2172.7,1704,0,,Frontier Developments Ltd.,False,False,False
354342113419,Frontier Developments Ltd.,Maldives Beach Resort,Water,Potable water,m³,2024-02,2024,-0.9,1704,0,,Frontier Developments Ltd.,True,False,False
354342113419,Frontier Developments Ltd.,Jurong Lake District Tower,Water,Potable water,m³,2024-02,2024,36.0,1704,0,,Frontier Developments Ltd.,False,False,False
214832269481,Crestline Real Estate Pte. Ltd.,Riverside Walk Mall,Water,Potable water,m³,2024-02,2024,2835.25,1705,1,Frontier Developments Ltd.,Frontier Developments Ltd.,False,False,False
214832269481,Crestline Real Estate Pte. Ltd.,Tanjong Pagar Plaza,Water,Potable water,m³,2024-02,2024,1607.9,1705,1,Frontier Developments Ltd.,Frontier Developments Ltd.,False,False,False
354342113419,Frontier Developments Ltd.,Alexandra Business Park,Water,Potable water,m³,2024-02,2024,728.5,1704,0,,Frontier Developments Ltd.,False,False,False
214832269481,Crestline Real Estate Pte. Ltd.,City Plaza Commercial,Water,Potable water,m³,2024-02,2024,2835.25,1705,1,Frontier Developments Ltd.,Frontier Developments Ltd.,False,False,False
223005401501,Delta Asset Management Ltd.,Sydney Harbour Suites,Water,Potable water,m³,2024-02,2024,209.0,1719,2,Kestrel Properties Pte. Ltd.,Frontier Developments Ltd.,False,False,False
354342113419,Frontier Developments Ltd.,Orchard Grand Residences,Water,Potable water,m³,2024-02,2024,13.1,1704,0,,Frontier Developments Ltd.,False,False,False
354342113419,Frontier Developments Ltd.,Sentosa Cove Villas,Water,Potable water,m³,2024-02,2024,829.5,1704,0,,Frontier Developments Ltd.,False,False,False
223005401501,Delta Asset Management Ltd.,Melbourne Central Tower,Water,Potable water,m³,2024-02,2024,209.0,1719,2,Kestrel Properties Pte. Ltd.,Frontier Developments Ltd.,False,False,False
354342113419,Frontier Developments Ltd.,One Holland Village,Water,Potable water,m³,2024-02,2024,36.0,1704,0,,Frontier Developments Ltd.,False,False,False
214832269481,Crestline Real Estate Pte. Ltd.,Tanjong Pagar Plaza,Water,Potable water,m³,2024-03,2024,1796.8,1705,1,Frontier Developments Ltd.,Frontier Developments Ltd.,False,False,False
354342113419,Frontier Developments Ltd.,One Holland Village,Water,Potable water,m³,2024-03,2024,-23.7,1704,0,,Frontier Developments Ltd.,True,False,False
354342113419,Frontier Developments Ltd.,Sentosa Cove Villas,Water,Potable water,m³,2024-03,2024,1454.2,1704,0,,Frontier Developments Ltd.,False,False,False
354342113419,Frontier Developments Ltd.,Jurong Lake District Tower,Water,Potable water,m³,2024-03,2024,-23.7,1704,0,,Frontier Developments Ltd.,True,False,False
214832269481,Crestline Real Estate Pte. Ltd.,Riverside Walk Mall,Water,Potable water,m³,2024-03,2024,3051.7,1705,1,Frontier Developments Ltd.,Frontier Developments Ltd.,False,False,False
354342113419,Frontier Developments Ltd.,Orchard Grand Residences,Water,Potable water,m³,2024-03,2024,-6.1,1704,0,,Frontier Developments Ltd.,True,False,False
214832269481,Crestline Real Estate Pte. Ltd.,City Plaza Commercial,Water,Potable water,m³,2024-03,2024,3051.7,1705,1,Frontier Developments Ltd.,Frontier Developments Ltd.,False,False,False
223005401501,Delta Asset Management Ltd.,Sydney Harbour Suites,Water,Potable water,m³,2024-03,2024,9.55,1719,2,Kestrel Properties Pte. Ltd.,Frontier Developments Ltd.,False,False,False
354342113419,Frontier Developments Ltd.,Alexandra Business Park,Water,Potable water,m³,2024-03,2024,466.0,1704,0,,Frontier Developments Ltd.,False,False,False
223005401501,Delta Asset Management Ltd.,Melbourne Central Tower,Water,Potable water,m³,2024-03,2024,9.55,1719,2,Kestrel Properties Pte. Ltd.,Frontier Developments Ltd.,False,False,False
223005401501,Delta Asset Management Ltd.,Melbourne Central Tower,Water,Potable water,m³,2024-04,2024,36.45,1719,2,Kestrel Properties Pte. Ltd.,Frontier Developments Ltd.,False,False,False
214832269481,Crestline Real Estate Pte. Ltd.,Tanjong Pagar Plaza,Water,Potable water,m³,2024-04,2024,2030.2,1705,1,Frontier Developments Ltd.,Frontier Developments Ltd.,False,False,False
354342113419,Frontier Developments Ltd.,Jurong Lake District Tower,Water,Potable water,m³,2024-04,2024,6.6,1704,0,,Frontier Developments Ltd.,False,False,False
354342113419,Frontier Developments Ltd.,Sentosa Cove Villas,Water,Potable water,m³,2024-04,2024,-13893.6,1704,0,,Frontier Developments Ltd.,True,False,False
214832269481,Crestline Real Estate Pte. Ltd.,Riverside Walk Mall,Water,Potable water,m³,2024-04,2024,2529.55,1705,1,Frontier Developments Ltd.,Frontier Developments Ltd.,False,False,False
354342113419,Frontier Developments Ltd.,Orchard Grand Residences,Water,Potable water,m³,2024-04,2024,7.9,1704,0,,Frontier Developments Ltd.,False,False,False
354342113419,Frontier Developments Ltd.,Alexandra Business Park,Water,Potable water,m³,2024-04,2024,526.3,1704,0,,Frontier Developments Ltd.,False,False,False
354342113419,Frontier Developments Ltd.,One Holland Village,Water,Potable water,m³,2024-04,2024,6.6,1704,0,,Frontier Developments Ltd.,False,False,False
214832269481,Crestline Real Estate Pte. Ltd.,City Plaza Commercial,Water,Potable water,m³,2024-04,2024,2529.55,1705,1,Frontier Developments Ltd.,Frontier Developments Ltd.,False,False,False
223005401501,Delta Asset Management Ltd.,Sydney Harbour Suites,Water,Potable water,m³,2024-04,2024,36.45,1719,2,Kestrel Properties Pte. Ltd.,Frontier Developments Ltd.,False,False,False
214832269481,Crestline Real Estate Pte. Ltd.,City Plaza Commercial,Water,Potable water,m³,2024-05,2024,2600.0,1705,1,Frontier Developments Ltd.,Frontier Developments Ltd.,False,False,False
214832269481,Crestline Real Estate Pte. Ltd.,Riverside Walk Mall,Water,Potable water,m³,2024-05,2024,2600.0,1705,1,Frontier Developments Ltd.,Frontier Developments Ltd.,False,False,False
354342113419,Frontier Developments Ltd.,One Holland Village,Water,Potable water,m³,2024-05,2024,22.3,1704,0,,Frontier Developments Ltd.,False,False,False
214832269481,Crestline Real Estate Pte. Ltd.,Tanjong Pagar Plaza,Water,Potable water,m³,2024-05,2024,2386.0,1705,1,Frontier Developments Ltd.,Frontier Developments Ltd.,False,False,False
354342113419,Frontier Developments Ltd.,Orchard Grand Residences,Water,Potable water,m³,2024-05,2024,5.0,1704,0,,Frontier Developments Ltd.,False,False,False
223005401501,Delta Asset Management Ltd.,Melbourne Central Tower,Water,Potable water,m³,2024-05,2024,36.0,1719,2,Kestrel Properties Pte. Ltd.,Frontier Developments Ltd.,False,False,False
223005401501,Delta Asset Management Ltd.,Sydney Harbour Suites,Water,Potable water,m³,2024-05,2024,36.0,1719,2,Kestrel Properties Pte. Ltd.,Frontier Developments Ltd.,False,False,False
354342113419,Frontier Developments Ltd.,Jurong Lake District Tower,Water,Potable water,m³,2024-05,2024,22.3,1704,0,,Frontier Developments Ltd.,False,False,False
354342113419,Frontier Developments Ltd.,Sentosa Cove Villas,Water,Potable water,m³,2024-05,2024,1567.7,1704,0,,Frontier Developments Ltd.,False,False,False
354342113419,Frontier Developments Ltd.,Alexandra Business Park,Water,Potable water,m³,2024-05,2024,654.0,1704,0,,Frontier Developments Ltd.,False,False,False
354342113419,Frontier Developments Ltd.,Maldives Beach Resort,Water,Potable water,m³,2024-06,2024,4.9,1704,0,,Frontier Developments Ltd.,False,False,False
223005401501,Delta Asset Management Ltd.,Melbourne Central Tower,Water,Potable water,m³,2024-06,2024,135.0,1719,2,Kestrel Properties Pte. Ltd.,Frontier Developments Ltd.,False,False,False
354342113419,Frontier Developments Ltd.,One Holland Village,Water,Potable water,m³,2024-06,2024,21.8,1704,0,,Frontier Developments Ltd.,False,False,False
354342113419,Frontier Developments Ltd.,Alexandra Business Park,Water,Potable water,m³,2024-06,2024,685.2,1704,0,,Frontier Developments Ltd.,False,False,False
223005401501,Delta Asset Management Ltd.,Sydney Harbour Suites,Water,Potable water,m³,2024-06,2024,135.0,1719,2,Kestrel Properties Pte. Ltd.,Frontier Developments Ltd.,False,False,False
354342113419,Frontier Developments Ltd.,Jurong Lake District Tower,Water,Potable water,m³,2024-06,2024,21.8,1704,0,,Frontier Developments Ltd.,False,False,False
214832269481,Crestline Real Estate Pte. Ltd.,Riverside Walk Mall,Water,Potable water,m³,2024-06,2024,2120.4,1705,1,Frontier Developments Ltd.,Frontier Developments Ltd.,False,False,False
214832269481,Crestline Real Estate Pte. Ltd.,City Plaza Commercial,Water,Potable water,m³,2024-06,2024,2120.4,1705,1,Frontier Developments Ltd.,Frontier Developments Ltd.,False,False,False
214832269481,Crestline Real Estate Pte. Ltd.,Tanjong Pagar Plaza,Water,Potable water,m³,2024-06,2024,2092.0,1705,1,Frontier Developments Ltd.,Frontier Developments Ltd.,False,False,False
354342113419,Frontier Developments Ltd.,Orchard Grand Residences,Water,Potable water,m³,2024-06,2024,8.3,1704,0,,Frontier Developments Ltd.,False,False,False
354342113419,Frontier Developments Ltd.,Sentosa Cove Villas,Water,Potable water,m³,2024-06,2024,1495.6,1704,0,,Frontier Developments Ltd.,False,False,False
214832269481,Crestline Real Estate Pte. Ltd.,City Plaza Commercial,Water,Potable water,m³,2024-07,2024,2843.65,1705,1,Frontier Developments Ltd.,Frontier Developments Ltd.,False,False,False
354342113419,Frontier Developments Ltd.,Sentosa Cove Villas,Water,Potable water,m³,2024-07,2024,1502.6,1704,0,,Frontier Developments Ltd.,False,False,False
354342113419,Frontier Developments Ltd.,Orchard Grand Residences,Water,Potable water,m³,2024-07,2024,14.1,1704,0,,Frontier Developments Ltd.,False,False,False
214832269481,Crestline Real Estate Pte. Ltd.,Tanjong Pagar Plaza,Water,Potable water,m³,2024-07,2024,2549.8,1705,1,Frontier Developments Ltd.,Frontier Developments Ltd.,False,False,False
223005401501,Delta Asset Management Ltd.,Melbourne Central Tower,Water,Potable water,m³,2024-07,2024,3.5,1719,2,Kestrel Properties Pte. Ltd.,Frontier Developments Ltd.,False,False,False
354342113419,Frontier Developments Ltd.,Maldives Beach Resort,Water,Potable water,m³,2024-07,2024,52.4,1704,0,,Frontier Developments Ltd.,False,False,False
223005401501,Delta Asset Management Ltd.,Sydney Harbour Suites,Water,Potable water,m³,2024-07,2024,3.5,1719,2,Kestrel Properties Pte. Ltd.,Frontier Developments Ltd.,False,False,False
214832269481,Crestline Real Estate Pte. Ltd.,Riverside Walk Mall,Water,Potable water,m³,2024-07,2024,2843.65,1705,1,Frontier Developments Ltd.,Frontier Developments Ltd.,False,False,False
354342113419,Frontier Developments Ltd.,Alexandra Business Park,Water,Potable water,m³,2024-07,2024,252.0,1704,0,,Frontier Developments Ltd.,False,False,False
354342113419,Frontier Developments Ltd.,Jurong Lake District Tower,Water,Potable water,m³,2024-07,2024,22.7,1704,0,,Frontier Developments Ltd.,False,False,False
354342113419,Frontier Developments Ltd.,One Holland Village,Water,Potable water,m³,2024-07,2024,22.7,1704,0,,Frontier Developments Ltd.,False,False,False
354342113419,Frontier Developments Ltd.,Alexandra Business Park,Water,Potable water,m³,2024-08,2024,437.2,1704,0,,Frontier Developments Ltd.,False,False,False
223005401501,Delta Asset Management Ltd.,Sydney Harbour Suites,Water,Potable water,m³,2024-08,2024,128.55,1719,2,Kestrel Properties Pte. Ltd.,Frontier Developments Ltd.,False,False,False
354342113419,Frontier Developments Ltd.,Orchard Grand Residences,Water,Potable water,m³,2024-08,2024,7.5,1704,0,,Frontier Developments Ltd.,False,False,False
214832269481,Crestline Real Estate Pte. Ltd.,Tanjong Pagar Plaza,Water,Potable water,m³,2024-08,2024,2327.5,1705,1,Frontier Developments Ltd.,Frontier Developments Ltd.,False,False,False
354342113419,Frontier Developments Ltd.,Sentosa Cove Villas,Water,Potable water,m³,2024-08,2024,2186.3,1704,0,,Frontier Developments Ltd.,False,False,False
354342113419,Frontier Developments Ltd.,Maldives Beach Resort,Water,Potable water,m³,2024-08,2024,-7.1,1704,0,,Frontier Developments Ltd.,True,False,False
214832269481,Crestline Real Estate Pte. Ltd.,City Plaza Commercial,Water,Potable water,m³,2024-08,2024,2849.0,1705,1,Frontier Developments Ltd.,Frontier Developments Ltd.,False,False,False
354342113419,Frontier Developments Ltd.,One Holland Village,Water,Potable water,m³,2024-08,2024,13.0,1704,0,,Frontier Developments Ltd.,False,False,False
223005401501,Delta Asset Management Ltd.,Melbourne Central Tower,Water,Potable water,m³,2024-08,2024,128.55,1719,2,Kestrel Properties Pte. Ltd.,Frontier Developments Ltd.,False,False,False
354342113419,Frontier Developments Ltd.,Jurong Lake District Tower,Water,Potable water,m³,2024-08,2024,13.0,1704,0,,Frontier Developments Ltd.,False,False,False
214832269481,Crestline Real Estate Pte. Ltd.,Riverside Walk Mall,Water,Potable water,m³,2024-08,2024,2849.0,1705,1,Frontier Developments Ltd.,Frontier Developments Ltd.,False,False,False
214832269481,Crestline Real Estate Pte. Ltd.,Riverside Walk Mall,Water,Potable water,m³,2024-09,2024,2214.4,1705,1,Frontier Developments Ltd.,Frontier Developments Ltd.,False,False,False
354342113419,Frontier Developments Ltd.,One Holland Village,Water,Potable water,m³,2024-09,2024,44.2,1704,0,,Frontier Developments Ltd.,False,False,False
354342113419,Frontier Developments Ltd.,Orchard Grand Residences,Water,Potable water,m³,2024-09,2024,27.2,1704,0,,Frontier Developments Ltd.,False,False,False
354342113419,Frontier Developments Ltd.,Alexandra Business Park,Water,Potable water,m³,2024-09,2024,1164.5,1704,0,,Frontier Developments Ltd.,False,False,False
354342113419,Frontier Developments Ltd.,Sentosa Cove Villas,Water,Potable water,m³,2024-09,2024,1920.2,1704,0,,Frontier Developments Ltd.,False,False,False
214832269481,Crestline Real Estate Pte. Ltd.,City Plaza Commercial,Water,Potable water,m³,2024-09,2024,2214.4,1705,1,Frontier Developments Ltd.,Frontier Developments Ltd.,False,False,False
354342113419,Frontier Developments Ltd.,Maldives Beach Resort,Water,Potable water,m³,2024-09,2024,22.7,1704,0,,Frontier Developments Ltd.,False,False,False
223005401501,Delta Asset Management Ltd.,Melbourne Central Tower,Water,Potable water,m³,2024-09,2024,4.85,1719,2,Kestrel Properties Pte. Ltd.,Frontier Developments Ltd.,False,False,False
354342113419,Frontier Developments Ltd.,Jurong Lake District Tower,Water,Potable water,m³,2024-09,2024,44.2,1704,0,,Frontier Developments Ltd.,False,False,False
214832269481,Crestline Real Estate Pte. Ltd.,Tanjong Pagar Plaza,Water,Potable water,m³,2024-09,2024,2427.3,1705,1,Frontier Developments Ltd.,Frontier Developments Ltd.,False,False,False
223005401501,Delta Asset Management Ltd.,Sydney Harbour Suites,Water,Potable water,m³,2024-09,2024,4.85,1719,2,Kestrel Properties Pte. Ltd.,Frontier Developments Ltd.,False,False,False
354342113419,Frontier Developments Ltd.,Sentosa Cove Villas,Water,Potable water,m³,2024-10,2024,1874.6,1704,0,,Frontier Developments Ltd.,False,False,False
223005401501,Delta Asset Management Ltd.,Melbourne Central Tower,Water,Potable water,m³,2024-10,2024,181.3,1719,2,Kestrel Properties Pte. Ltd.,Frontier Developments Ltd.,False,False,False
354342113419,Frontier Developments Ltd.,Alexandra Business Park,Water,Potable water,m³,2024-10,2024,728.9,1704,0,,Frontier Developments Ltd.,False,False,False
354342113419,Frontier Developments Ltd.,Orchard Grand Residences,Water,Potable water,m³,2024-10,2024,13.8,1704,0,,Frontier Developments Ltd.,False,False,False
214832269481,Crestline Real Estate Pte. Ltd.,City Plaza Commercial,Water,Potable water,m³,2024-10,2024,2469.35,1705,1,Frontier Developments Ltd.,Frontier Developments Ltd.,False,False,False
223005401501,Delta Asset Management Ltd.,Sydney Harbour Suites,Water,Potable water,m³,2024-10,2024,181.3,1719,2,Kestrel Properties Pte. Ltd.,Frontier Developments Ltd.,False,False,False
354342113419,Frontier Developments Ltd.,One Holland Village,Water,Potable water,m³,2024-10,2024,0.5,1704,0,,Frontier Developments Ltd.,False,False,False
354342113419,Frontier Developments Ltd.,Jurong Lake District Tower,Water,Potable water,m³,2024-10,2024,0.5,1704,0,,Frontier Developments Ltd.,False,False,False
354342113419,Frontier Developments Ltd.,Maldives Beach Resort,Water,Potable water,m³,2024-10,2024,36.3,1704,0,,Frontier Developments Ltd.,False,False,False
214832269481,Crestline Real Estate Pte. Ltd.,Riverside Walk Mall,Water,Potable water,m³,2024-10,2024,2469.35,1705,1,Frontier Developments Ltd.,Frontier Developments Ltd.,False,False,False
214832269481,Crestline Real Estate Pte. Ltd.,Tanjong Pagar Plaza,Water,Potable water,m³,2024-10,2024,2316.0,1705,1,Frontier Developments Ltd.,Frontier Developments Ltd.,False,False,False
354342113419,Frontier Developments Ltd.,Sentosa Cove Villas,Water,Potable water,m³,2024-11,2024,1806.7,1704,0,,Frontier Developments Ltd.,False,False,False
354342113419,Frontier Developments Ltd.,One Holland Village,Water,Potable water,m³,2024-11,2024,5.4,1704,0,,Frontier Developments Ltd.,False,False,False
354342113419,Frontier Developments Ltd.,Maldives Beach Resort,Water,Potable water,m³,2024-11,2024,44.0,1704,0,,Frontier Developments Ltd.,False,False,False
223005401501,Delta Asset Management Ltd.,Sydney Harbour Suites,Water,Potable water,m³,2024-11,2024,165.2,1719,2,Kestrel Properties Pte. Ltd.,Frontier Developments Ltd.,False,False,False
354342113419,Frontier Developments Ltd.,Orchard Grand Residences,Water,Potable water,m³,2024-11,2024,13.3,1704,0,,Frontier Developments Ltd.,False,False,False
214832269481,Crestline Real Estate Pte. Ltd.,City Plaza Commercial,Water,Potable water,m³,2024-11,2024,2357.65,1705,1,Frontier Developments Ltd.,Frontier Developments Ltd.,False,False,False
214832269481,Crestline Real Estate Pte. Ltd.,Riverside Walk Mall,Water,Potable water,m³,2024-11,2024,2357.65,1705,1,Frontier Developments Ltd.,Frontier Developments Ltd.,False,False,False
354342113419,Frontier Developments Ltd.,Jurong Lake District Tower,Water,Potable water,m³,2024-11,2024,5.4,1704,0,,Frontier Developments Ltd.,False,False,False
214832269481,Crestline Real Estate Pte. Ltd.,Tanjong Pagar Plaza,Water,Potable water,m³,2024-11,2024,2841.0,1705,1,Frontier Developments Ltd.,Frontier Developments Ltd.,False,False,False
223005401501,Delta Asset Management Ltd.,Melbourne Central Tower,Water,Potable water,m³,2024-11,2024,165.2,1719,2,Kestrel Properties Pte. Ltd.,Frontier Developments Ltd.,False,False,False
354342113419,Frontier Developments Ltd.,Alexandra Business Park,Water,Potable water,m³,2024-11,2024,196.1,1704,0,,Frontier Developments Ltd.,False,False,False
214832269481,Crestline Real Estate Pte. Ltd.,Tanjong Pagar Plaza,Water,Potable water,m³,2024-12,2024,3598.2,1705,1,Frontier Developments Ltd.,Frontier Developments Ltd.,False,False,False
354342113419,Frontier Developments Ltd.,Sentosa Cove Villas,Water,Potable water,m³,2024-12,2024,2052.2,1704,0,,Frontier Developments Ltd.,False,False,False
354342113419,Frontier Developments Ltd.,Jurong Lake District Tower,Water,Potable water,m³,2024-12,2024,3.2,1704,0,,Frontier Developments Ltd.,False,False,False
354342113419,Frontier Developments Ltd.,Alexandra Business Park,Water,Potable water,m³,2024-12,2024,389.6,1704,0,,Frontier Developments Ltd.,False,False,False
214832269481,Crestline Real Estate Pte. Ltd.,Riverside Walk Mall,Water,Potable water,m³,2024-12,2024,2262.85,1705,1,Frontier Developments Ltd.,Frontier Developments Ltd.,False,False,False
354342113419,Frontier Developments Ltd.,One Holland Village,Water,Potable water,m³,2024-12,2024,3.2,1704,0,,Frontier Developments Ltd.,False,False,False
223005401501,Delta Asset Management Ltd.,Melbourne Central Tower,Water,Potable water,m³,2024-12,2024,209.95,1719,2,Kestrel Properties Pte. Ltd.,Frontier Developments Ltd.,False,False,False
354342113419,Frontier Developments Ltd.,Maldives Beach Resort,Water,Potable water,m³,2024-12,2024,55.2,1704,0,,Frontier Developments Ltd.,False,False,False
214832269481,Crestline Real Estate Pte. Ltd.,City Plaza Commercial,Water,Potable water,m³,2024-12,2024,2262.85,1705,1,Frontier Developments Ltd.,Frontier Developments Ltd.,False,False,False
223005401501,Delta Asset Management Ltd.,Sydney Harbour Suites,Water,Potable water,m³,2024-12,2024,209.95,1719,2,Kestrel Properties Pte. Ltd.,Frontier Developments Ltd.,False,False,False
354342113419,Frontier Developments Ltd.,Orchard Grand Residences,Water,Potable water,m³,2024-12,2024,13.4,1704,0,,Frontier Developments Ltd.,False,False,False
763595448017,Apex Holdings Pte. Ltd.,Dempsey Hill Estate,Water,Water supply,m³,2024-01,2024,12646.0,1721,2,Crestline Real Estate Pte. Ltd.,Frontier Developments Ltd.,False,False,False
763595448017,Apex Holdings Pte. Ltd.,Dempsey Hill Estate,Water,Water supply,m³,2024-02,2024,11687.0,1721,2,Crestline Real Estate Pte. Ltd.,Frontier Developments Ltd.,False,False,False
763595448017,Apex Holdings Pte. Ltd.,Dempsey Hill Estate,Water,Water supply,m³,2024-03,2024,12279.0,1721,2,Crestline Real Estate Pte. Ltd.,Frontier Developments Ltd.,False,False,False
763595448017,Apex Holdings Pte. Ltd.,Dempsey Hill Estate,Water,Water supply,m³,2024-04,2024,11782.0,1721,2,Crestline Real Estate Pte. Ltd.,Frontier Developments Ltd.,False,False,False
763595448017,Apex Holdings Pte. Ltd.,Dempsey Hill Estate,Water,Water supply,m³,2024-05,2024,11805.0,1721,2,Crestline Real Estate Pte. Ltd.,Frontier Developments Ltd.,False,False,False
763595448017,Apex Holdings Pte. Ltd.,Dempsey Hill Estate,Water,Water supply,m³,2024-06,2024,12060.0,1721,2,Crestline Real Estate Pte. Ltd.,Frontier Developments Ltd.,False,False,False
763595448017,Apex Holdings Pte. Ltd.,Dempsey Hill Estate,Water,Water supply,m³,2024-07,2024,12267.0,1721,2,Crestline Real Estate Pte. Ltd.,Frontier Developments Ltd.,False,False,False
763595448017,Apex Holdings Pte. Ltd.,Dempsey Hill Estate,Water,Water supply,m³,2024-08,2024,12606.0,1721,2,Crestline Real Estate Pte. Ltd.,Frontier Developments Ltd.,False,False,False
763595448017,Apex Holdings Pte. Ltd.,Dempsey Hill Estate,Water,Water supply,m³,2024-09,2024,11661.0,1721,2,Crestline Real Estate Pte. Ltd.,Frontier Developments Ltd.,False,False,False
763595448017,Apex Holdings Pte. Ltd.,Dempsey Hill Estate,Water,Water supply,m³,2024-10,2024,12528.0,1721,2,Crestline Real Estate Pte. Ltd.,Frontier Developments Ltd.,False,False,False
763595448017,Apex Holdings Pte. Ltd.,Dempsey Hill Estate,Water,Water supply,m³,2024-11,2024,12169.0,1721,2,Crestline Real Estate Pte. Ltd.,Frontier Developments Ltd.,False,False,False
763595448017,Apex Holdings Pte. Ltd.,Dempsey Hill Estate,Water,Water supply,m³,2024-12,2024,13437.0,1721,2,Crestline Real Estate Pte. Ltd.,Frontier Developments Ltd.,False,False,False
354342113419,Frontier Developments Ltd.,Sentosa Cove Villas,Electricity Consumption,Electricity,kWh,2023-01,2023,0.0,1704,0,,Frontier Developments Ltd.,False,True,False
354342113419,Frontier Developments Ltd.,Alexandra Business Park,Electricity Consumption,Electricity,kWh,2023-01,2023,0.0,1704,0,,Frontier Developments Ltd.,False,True,False
354342113419,Frontier Developments Ltd.,Sentosa Cove Villas,Electricity Consumption,Electricity,kWh,2023-02,2023,0.0,1704,0,,Frontier Developments Ltd.,False,True,False
354342113419,Frontier Developments Ltd.,Alexandra Business Park,Electricity Consumption,Electricity,kWh,2023-02,2023,0.0,1704,0,,Frontier Developments Ltd.,False,True,False
354342113419,Frontier Developments Ltd.,Sentosa Cove Villas,Electricity Consumption,Electricity,kWh,2023-03,2023,0.0,1704,0,,Frontier Developments Ltd.,False,True,False
354342113419,Frontier Developments Ltd.,Alexandra Business Park,Electricity Consumption,Electricity,kWh,2023-03,2023,0.0,1704,0,,Frontier Developments Ltd.,False,True,False
354342113419,Frontier Developments Ltd.,Alexandra Business Park,Electricity Consumption,Electricity,kWh,2023-04,2023,0.0,1704,0,,Frontier Developments Ltd.,False,True,False
354342113419,Frontier Developments Ltd.,Sentosa Cove Villas,Electricity Consumption,Electricity,kWh,2023-04,2023,0.0,1704,0,,Frontier Developments Ltd.,False,True,False
354342113419,Frontier Developments Ltd.,Sentosa Cove Villas,Electricity Consumption,Electricity,kWh,2023-05,2023,0.0,1704,0,,Frontier Developments Ltd.,False,True,False
354342113419,Frontier Developments Ltd.,Alexandra Business Park,Electricity Consumption,Electricity,kWh,2023-05,2023,0.0,1704,0,,Frontier Developments Ltd.,False,True,False
354342113419,Frontier Developments Ltd.,Sentosa Cove Villas,Electricity Consumption,Electricity,kWh,2023-06,2023,0.0,1704,0,,Frontier Developments Ltd.,False,True,False
354342113419,Frontier Developments Ltd.,Alexandra Business Park,Electricity Consumption,Electricity,kWh,2023-06,2023,0.0,1704,0,,Frontier Developments Ltd.,False,True,False
354342113419,Frontier Developments Ltd.,Alexandra Business Park,Electricity Consumption,Electricity,kWh,2023-07,2023,0.0,1704,0,,Frontier Developments Ltd.,False,True,False
354342113419,Frontier Developments Ltd.,Sentosa Cove Villas,Electricity Consumption,Electricity,kWh,2023-07,2023,0.0,1704,0,,Frontier Developments Ltd.,False,True,False
354342113419,Frontier Developments Ltd.,Sentosa Cove Villas,Electricity Consumption,Electricity,kWh,2023-08,2023,0.0,1704,0,,Frontier Developments Ltd.,False,True,False
354342113419,Frontier Developments Ltd.,Alexandra Business Park,Electricity Consumption,Electricity,kWh,2023-08,2023,0.0,1704,0,,Frontier Developments Ltd.,False,True,False
354342113419,Frontier Developments Ltd.,Sentosa Cove Villas,Electricity Consumption,Electricity,kWh,2023-09,2023,0.0,1704,0,,Frontier Developments Ltd.,False,True,False
354342113419,Frontier Developments Ltd.,Alexandra Business Park,Electricity Consumption,Electricity,kWh,2023-09,2023,0.0,1704,0,,Frontier Developments Ltd.,False,True,False
354342113419,Frontier Developments Ltd.,Alexandra Business Park,Electricity Consumption,Electricity,kWh,2023-10,2023,0.0,1704,0,,Frontier Developments Ltd.,False,True,False
354342113419,Frontier Developments Ltd.,Sentosa Cove Villas,Electricity Consumption,Electricity,kWh,2023-10,2023,0.0,1704,0,,Frontier Developments Ltd.,False,True,False
354342113419,Frontier Developments Ltd.,Sentosa Cove Villas,Electricity Consumption,Electricity,kWh,2023-11,2023,0.0,1704,0,,Frontier Developments Ltd.,False,True,False
354342113419,Frontier Developments Ltd.,Alexandra Business Park,Electricity Consumption,Electricity,kWh,2023-11,2023,0.0,1704,0,,Frontier Developments Ltd.,False,True,False
354342113419,Frontier Developments Ltd.,Sentosa Cove Villas,Electricity Consumption,Electricity,kWh,2023-12,2023,2780189.0,1704,0,,Frontier Developments Ltd.,False,False,False
214832269481,Crestline Real Estate Pte. Ltd.,Tanjong Pagar Plaza,Electricity Consumption,Electricity,kWh,2023-12,2023,2162910.365,1705,1,Frontier Developments Ltd.,Frontier Developments Ltd.,False,False,False
354342113419,Frontier Developments Ltd.,Maldives Beach Resort,Electricity Consumption,Electricity,kWh,2023-12,2023,23090.0,1704,0,,Frontier Developments Ltd.,False,False,False
214832269481,Crestline Real Estate Pte. Ltd.,City Plaza Commercial,Electricity Consumption,Electricity,kWh,2023-12,2023,1889012.552,1705,1,Frontier Developments Ltd.,Frontier Developments Ltd.,False,False,False
354342113419,Frontier Developments Ltd.,Alexandra Business Park,Electricity Consumption,Electricity,kWh,2023-12,2023,38964.0,1704,0,,Frontier Developments Ltd.,False,False,False
354342113419,Frontier Developments Ltd.,Orchard Grand Residences,Electricity Consumption,Electricity,kWh,2023-12,2023,525.0,1704,0,,Frontier Developments Ltd.,False,False,False
223005401501,Delta Asset Management Ltd.,Melbourne Central Tower,Electricity Consumption,Electricity,kWh,2023-12,2023,10840.5,1719,2,Kestrel Properties Pte. Ltd.,Frontier Developments Ltd.,False,False,False
223005401501,Delta Asset Management Ltd.,Sydney Harbour Suites,Electricity Consumption,Electricity,kWh,2023-12,2023,10840.5,1719,2,Kestrel Properties Pte. Ltd.,Frontier Developments Ltd.,False,False,False
214832269481,Crestline Real Estate Pte. Ltd.,Riverside Walk Mall,Electricity Consumption,Electricity,kWh,2023-12,2023,5298245.92,1705,1,Frontier Developments Ltd.,Frontier Developments Ltd.,False,False,False
354342113419,Frontier Developments Ltd.,Jurong Lake District Tower,Electricity Consumption,Electricity,kWh,2023-12,2023,115.333,1704,0,,Frontier Developments Ltd.,False,False,False
354342113419,Frontier Developments Ltd.,Alexandra Business Park,Stationary Asset Combustion,Diesel,litre,2023-01,2023,0.0,1704,0,,Frontier Developments Ltd.,False,True,False
354342113419,Frontier Developments Ltd.,Alexandra Business Park,Stationary Asset Combustion,Diesel,litre,2023-02,2023,0.0,1704,0,,Frontier Developments Ltd.,False,True,False
354342113419,Frontier Developments Ltd.,Alexandra Business Park,Stationary Asset Combustion,Diesel,litre,2023-03,2023,0.0,1704,0,,Frontier Developments Ltd.,False,True,False
354342113419,Frontier Developments Ltd.,Alexandra Business Park,Stationary Asset Combustion,Diesel,litre,2023-04,2023,0.0,1704,0,,Frontier Developments Ltd.,False,True,False
354342113419,Frontier Developments Ltd.,Alexandra Business Park,Stationary Asset Combustion,Diesel,litre,2023-05,2023,0.0,1704,0,,Frontier Developments Ltd.,False,True,False
354342113419,Frontier Developments Ltd.,Alexandra Business Park,Stationary Asset Combustion,Diesel,litre,2023-06,2023,0.0,1704,0,,Frontier Developments Ltd.,False,True,False
354342113419,Frontier Developments Ltd.,Alexandra Business Park,Stationary Asset Combustion,Diesel,litre,2023-07,2023,0.0,1704,0,,Frontier Developments Ltd.,False,True,False
354342113419,Frontier Developments Ltd.,Alexandra Business Park,Stationary Asset Combustion,Diesel,litre,2023-08,2023,0.0,1704,0,,Frontier Developments Ltd.,False,True,False
354342113419,Frontier Developments Ltd.,Alexandra Business Park,Stationary Asset Combustion,Diesel,litre,2023-09,2023,0.0,1704,0,,Frontier Developments Ltd.,False,True,False
354342113419,Frontier Developments Ltd.,Alexandra Business Park,Stationary Asset Combustion,Diesel,litre,2023-10,2023,0.0,1704,0,,Frontier Developments Ltd.,False,True,False
354342113419,Frontier Developments Ltd.,Alexandra Business Park,Stationary Asset Combustion,Diesel,litre,2023-11,2023,0.0,1704,0,,Frontier Developments Ltd.,False,True,False
214832269481,Crestline Real Estate Pte. Ltd.,Riverside Walk Mall,Stationary Asset Combustion,Diesel,litre,2023-12,2023,176.0,1705,1,Frontier Developments Ltd.,Frontier Developments Ltd.,False,False,False
354342113419,Frontier Developments Ltd.,Alexandra Business Park,Stationary Asset Combustion,Diesel,litre,2023-12,2023,400.0,1704,0,,Frontier Developments Ltd.,False,False,False
214832269481,Crestline Real Estate Pte. Ltd.,City Plaza Commercial,Stationary Asset Combustion,Diesel,litre,2023-12,2023,850.0,1705,1,Frontier Developments Ltd.,Frontier Developments Ltd.,False,False,False
214832269481,Crestline Real Estate Pte. Ltd.,Tanjong Pagar Plaza,Stationary Asset Combustion,Diesel,litre,2023-12,2023,205.0,1705,1,Frontier Developments Ltd.,Frontier Developments Ltd.,False,False,False
214832269481,Crestline Real Estate Pte. Ltd.,City Plaza Commercial,Waste,Glass,kg,2023-12,2023,400.0,1705,1,Frontier Developments Ltd.,Frontier Developments Ltd.,False,False,False
214832269481,Crestline Real Estate Pte. Ltd.,Tanjong Pagar Plaza,Waste,Glass,kg,2023-12,2023,400.0,1705,1,Frontier Developments Ltd.,Frontier Developments Ltd.,False,False,False
214832269481,Crestline Real Estate Pte. Ltd.,Riverside Walk Mall,Waste,Glass,kg,2023-12,2023,670.0,1705,1,Frontier Developments Ltd.,Frontier Developments Ltd.,False,False,False
354342113419,Frontier Developments Ltd.,Sentosa Cove Villas,Waste,Metals,kg,2023-01,2023,0.0,1704,0,,Frontier Developments Ltd.,False,True,False
354342113419,Frontier Developments Ltd.,Sentosa Cove Villas,Waste,Metals,kg,2023-02,2023,0.0,1704,0,,Frontier Developments Ltd.,False,True,False
354342113419,Frontier Developments Ltd.,Sentosa Cove Villas,Waste,Metals,kg,2023-03,2023,0.0,1704,0,,Frontier Developments Ltd.,False,True,False
354342113419,Frontier Developments Ltd.,Sentosa Cove Villas,Waste,Metals,kg,2023-04,2023,0.0,1704,0,,Frontier Developments Ltd.,False,True,False
354342113419,Frontier Developments Ltd.,Sentosa Cove Villas,Waste,Metals,kg,2023-05,2023,0.0,1704,0,,Frontier Developments Ltd.,False,True,False
354342113419,Frontier Developments Ltd.,Sentosa Cove Villas,Waste,Metals,kg,2023-06,2023,0.0,1704,0,,Frontier Developments Ltd.,False,True,False
354342113419,Frontier Developments Ltd.,Sentosa Cove Villas,Waste,Metals,kg,2023-07,2023,0.0,1704,0,,Frontier Developments Ltd.,False,True,False
354342113419,Frontier Developments Ltd.,Sentosa Cove Villas,Waste,Metals,kg,2023-08,2023,0.0,1704,0,,Frontier Developments Ltd.,False,True,False
354342113419,Frontier Developments Ltd.,Sentosa Cove Villas,Waste,Metals,kg,2023-09,2023,0.0,1704,0,,Frontier Developments Ltd.,False,True,False
354342113419,Frontier Developments Ltd.,Sentosa Cove Villas,Waste,Metals,kg,2023-10,2023,0.0,1704,0,,Frontier Developments Ltd.,False,True,False
354342113419,Frontier Developments Ltd.,Sentosa Cove Villas,Waste,Metals,kg,2023-11,2023,0.0,1704,0,,Frontier Developments Ltd.,False,True,False
214832269481,Crestline Real Estate Pte. Ltd.,City Plaza Commercial,Waste,Metals,kg,2023-12,2023,500.0,1705,1,Frontier Developments Ltd.,Frontier Developments Ltd.,False,False,False
354342113419,Frontier Developments Ltd.,Sentosa Cove Villas,Waste,Metals,kg,2023-12,2023,140.0,1704,0,,Frontier Developments Ltd.,False,False,False
214832269481,Crestline Real Estate Pte. Ltd.,Tanjong Pagar Plaza,Waste,Metals,kg,2023-12,2023,500.0,1705,1,Frontier Developments Ltd.,Frontier Developments Ltd.,False,False,False
214832269481,Crestline Real Estate Pte. Ltd.,Riverside Walk Mall,Waste,Metals,kg,2023-12,2023,1820.0,1705,1,Frontier Developments Ltd.,Frontier Developments Ltd.,False,False,False
354342113419,Frontier Developments Ltd.,Alexandra Business Park,Waste,Mixed recyclables,kg,2023-01,2023,0.0,1704,0,,Frontier Developments Ltd.,False,True,False
354342113419,Frontier Developments Ltd.,Sentosa Cove Villas,Waste,Mixed recyclables,kg,2023-01,2023,0.0,1704,0,,Frontier Developments Ltd.,False,True,False
354342113419,Frontier Developments Ltd.,Sentosa Cove Villas,Waste,Mixed recyclables,kg,2023-02,2023,0.0,1704,0,,Frontier Developments Ltd.,False,True,False
354342113419,Frontier Developments Ltd.,Alexandra Business Park,Waste,Mixed recyclables,kg,2023-02,2023,0.0,1704,0,,Frontier Developments Ltd.,False,True,False
354342113419,Frontier Developments Ltd.,Alexandra Business Park,Waste,Mixed recyclables,kg,2023-03,2023,0.0,1704,0,,Frontier Developments Ltd.,False,True,False
354342113419,Frontier Developments Ltd.,Sentosa Cove Villas,Waste,Mixed recyclables,kg,2023-03,2023,0.0,1704,0,,Frontier Developments Ltd.,False,True,False
354342113419,Frontier Developments Ltd.,Alexandra Business Park,Waste,Mixed recyclables,kg,2023-04,2023,0.0,1704,0,,Frontier Developments Ltd.,False,True,False
354342113419,Frontier Developments Ltd.,Sentosa Cove Villas,Waste,Mixed recyclables,kg,2023-04,2023,0.0,1704,0,,Frontier Developments Ltd.,False,True,False
354342113419,Frontier Developments Ltd.,Alexandra Business Park,Waste,Mixed recyclables,kg,2023-05,2023,0.0,1704,0,,Frontier Developments Ltd.,False,True,False
354342113419,Frontier Developments Ltd.,Sentosa Cove Villas,Waste,Mixed recyclables,kg,2023-05,2023,0.0,1704,0,,Frontier Developments Ltd.,False,True,False
354342113419,Frontier Developments Ltd.,Alexandra Business Park,Waste,Mixed recyclables,kg,2023-06,2023,0.0,1704,0,,Frontier Developments Ltd.,False,True,False
354342113419,Frontier Developments Ltd.,Sentosa Cove Villas,Waste,Mixed recyclables,kg,2023-06,2023,0.0,1704,0,,Frontier Developments Ltd.,False,True,False
354342113419,Frontier Developments Ltd.,Sentosa Cove Villas,Waste,Mixed recyclables,kg,2023-07,2023,0.0,1704,0,,Frontier Developments Ltd.,False,True,False
354342113419,Frontier Developments Ltd.,Alexandra Business Park,Waste,Mixed recyclables,kg,2023-07,2023,0.0,1704,0,,Frontier Developments Ltd.,False,True,False
354342113419,Frontier Developments Ltd.,Sentosa Cove Villas,Waste,Mixed recyclables,kg,2023-08,2023,0.0,1704,0,,Frontier Developments Ltd.,False,True,False
354342113419,Frontier Developments Ltd.,Alexandra Business Park,Waste,Mixed recyclables,kg,2023-08,2023,0.0,1704,0,,Frontier Developments Ltd.,False,True,False
354342113419,Frontier Developments Ltd.,Sentosa Cove Villas,Waste,Mixed recyclables,kg,2023-09,2023,0.0,1704,0,,Frontier Developments Ltd.,False,True,False
354342113419,Frontier Developments Ltd.,Alexandra Business Park,Waste,Mixed recyclables,kg,2023-09,2023,0.0,1704,0,,Frontier Developments Ltd.,False,True,False
354342113419,Frontier Developments Ltd.,Sentosa Cove Villas,Waste,Mixed recyclables,kg,2023-10,2023,0.0,1704,0,,Frontier Developments Ltd.,False,True,False
354342113419,Frontier Developments Ltd.,Alexandra Business Park,Waste,Mixed recyclables,kg,2023-10,2023,0.0,1704,0,,Frontier Developments Ltd.,False,True,False
354342113419,Frontier Developments Ltd.,Sentosa Cove Villas,Waste,Mixed recyclables,kg,2023-11,2023,0.0,1704,0,,Frontier Developments Ltd.,False,True,False
354342113419,Frontier Developments Ltd.,Alexandra Business Park,Waste,Mixed recyclables,kg,2023-11,2023,0.0,1704,0,,Frontier Developments Ltd.,False,True,False
354342113419,Frontier Developments Ltd.,Jurong Lake District Tower,Waste,Mixed recyclables,kg,2023-12,2023,2683.0,1704,0,,Frontier Developments Ltd.,False,False,False
223005401501,Delta Asset Management Ltd.,Melbourne Central Tower,Waste,Mixed recyclables,kg,2023-12,2023,3108.5,1719,2,Kestrel Properties Pte. Ltd.,Frontier Developments Ltd.,False,False,False
214832269481,Crestline Real Estate Pte. Ltd.,City Plaza Commercial,Waste,Mixed recyclables,kg,2023-12,2023,8120.0,1705,1,Frontier Developments Ltd.,Frontier Developments Ltd.,False,False,False
214832269481,Crestline Real Estate Pte. Ltd.,Riverside Walk Mall,Waste,Mixed recyclables,kg,2023-12,2023,6100.0,1705,1,Frontier Developments Ltd.,Frontier Developments Ltd.,False,False,False
354342113419,Frontier Developments Ltd.,Maldives Beach Resort,Waste,Mixed recyclables,kg,2023-12,2023,6497.0,1704,0,,Frontier Developments Ltd.,False,False,False
354342113419,Frontier Developments Ltd.,Sentosa Cove Villas,Waste,Mixed recyclables,kg,2023-12,2023,6730.0,1704,0,,Frontier Developments Ltd.,False,False,False
354342113419,Frontier Developments Ltd.,Alexandra Business Park,Waste,Mixed recyclables,kg,2023-12,2023,5954.0,1704,0,,Frontier Developments Ltd.,False,False,False
214832269481,Crestline Real Estate Pte. Ltd.,Tanjong Pagar Plaza,Waste,Mixed recyclables,kg,2023-12,2023,8120.0,1705,1,Frontier Developments Ltd.,Frontier Developments Ltd.,False,False,False
354342113419,Frontier Developments Ltd.,Orchard Grand Residences,Waste,Mixed recyclables,kg,2023-12,2023,6063.0,1704,0,,Frontier Developments Ltd.,False,False,False
223005401501,Delta Asset Management Ltd.,Sydney Harbour Suites,Waste,Mixed recyclables,kg,2023-12,2023,3108.5,1719,2,Kestrel Properties Pte. Ltd.,Frontier Developments Ltd.,False,False,False
354342113419,Frontier Developments Ltd.,Sentosa Cove Villas,Waste,Other waste,kg,2023-01,2023,0.0,1704,0,,Frontier Developments Ltd.,False,True,False
354342113419,Frontier Developments Ltd.,Alexandra Business Park,Waste,Other waste,kg,2023-01,2023,0.0,1704,0,,Frontier Developments Ltd.,False,True,False
354342113419,Frontier Developments Ltd.,Sentosa Cove Villas,Waste,Other waste,kg,2023-02,2023,0.0,1704,0,,Frontier Developments Ltd.,False,True,False
354342113419,Frontier Developments Ltd.,Alexandra Business Park,Waste,Other waste,kg,2023-02,2023,0.0,1704,0,,Frontier Developments Ltd.,False,True,False
354342113419,Frontier Developments Ltd.,Sentosa Cove Villas,Waste,Other waste,kg,2023-03,2023,0.0,1704,0,,Frontier Developments Ltd.,False,True,False
354342113419,Frontier Developments Ltd.,Alexandra Business Park,Waste,Other waste,kg,2023-03,2023,0.0,1704,0,,Frontier Developments Ltd.,False,True,False
354342113419,Frontier Developments Ltd.,Alexandra Business Park,Waste,Other waste,kg,2023-04,2023,0.0,1704,0,,Frontier Developments Ltd.,False,True,False
354342113419,Frontier Developments Ltd.,Sentosa Cove Villas,Waste,Other waste,kg,2023-04,2023,0.0,1704,0,,Frontier Developments Ltd.,False,True,False
354342113419,Frontier Developments Ltd.,Alexandra Business Park,Waste,Other waste,kg,2023-05,2023,0.0,1704,0,,Frontier Developments Ltd.,False,True,False
354342113419,Frontier Developments Ltd.,Sentosa Cove Villas,Waste,Other waste,kg,2023-05,2023,0.0,1704,0,,Frontier Developments Ltd.,False,True,False
354342113419,Frontier Developments Ltd.,Alexandra Business Park,Waste,Other waste,kg,2023-06,2023,0.0,1704,0,,Frontier Developments Ltd.,False,True,False
354342113419,Frontier Developments Ltd.,Sentosa Cove Villas,Waste,Other waste,kg,2023-06,2023,0.0,1704,0,,Frontier Developments Ltd.,False,True,False
354342113419,Frontier Developments Ltd.,Sentosa Cove Villas,Waste,Other waste,kg,2023-07,2023,0.0,1704,0,,Frontier Developments Ltd.,False,True,False
354342113419,Frontier Developments Ltd.,Alexandra Business Park,Waste,Other waste,kg,2023-07,2023,0.0,1704,0,,Frontier Developments Ltd.,False,True,False
354342113419,Frontier Developments Ltd.,Sentosa Cove Villas,Waste,Other waste,kg,2023-08,2023,0.0,1704,0,,Frontier Developments Ltd.,False,True,False
354342113419,Frontier Developments Ltd.,Alexandra Business Park,Waste,Other waste,kg,2023-08,2023,0.0,1704,0,,Frontier Developments Ltd.,False,True,False
354342113419,Frontier Developments Ltd.,Alexandra Business Park,Waste,Other waste,kg,2023-09,2023,0.0,1704,0,,Frontier Developments Ltd.,False,True,False
354342113419,Frontier Developments Ltd.,Sentosa Cove Villas,Waste,Other waste,kg,2023-09,2023,0.0,1704,0,,Frontier Developments Ltd.,False,True,False
354342113419,Frontier Developments Ltd.,Alexandra Business Park,Waste,Other waste,kg,2023-10,2023,0.0,1704,0,,Frontier Developments Ltd.,False,True,False
354342113419,Frontier Developments Ltd.,Sentosa Cove Villas,Waste,Other waste,kg,2023-10,2023,0.0,1704,0,,Frontier Developments Ltd.,False,True,False
354342113419,Frontier Developments Ltd.,Sentosa Cove Villas,Waste,Other waste,kg,2023-11,2023,0.0,1704,0,,Frontier Developments Ltd.,False,True,False
354342113419,Frontier Developments Ltd.,Alexandra Business Park,Waste,Other waste,kg,2023-11,2023,0.0,1704,0,,Frontier Developments Ltd.,False,True,False
354342113419,Frontier Developments Ltd.,Alexandra Business Park,Waste,Other waste,kg,2023-12,2023,215161.0,1704,0,,Frontier Developments Ltd.,False,False,False
223005401501,Delta Asset Management Ltd.,Melbourne Central Tower,Waste,Other waste,kg,2023-12,2023,106935.5,1719,2,Kestrel Properties Pte. Ltd.,Frontier Developments Ltd.,False,False,False
354342113419,Frontier Developments Ltd.,Jurong Lake District Tower,Waste,Other waste,kg,2023-12,2023,26646.0,1704,0,,Frontier Developments Ltd.,False,False,False
354342113419,Frontier Developments Ltd.,Orchard Grand Residences,Waste,Other waste,kg,2023-12,2023,213649.0,1704,0,,Frontier Developments Ltd.,False,False,False
214832269481,Crestline Real Estate Pte. Ltd.,Tanjong Pagar Plaza,Waste,Other waste,kg,2023-12,2023,181730.0,1705,1,Frontier Developments Ltd.,Frontier Developments Ltd.,False,False,False
214832269481,Crestline Real Estate Pte. Ltd.,Riverside Walk Mall,Waste,Other waste,kg,2023-12,2023,866400.0,1705,1,Frontier Developments Ltd.,Frontier Developments Ltd.,False,False,False
354342113419,Frontier Developments Ltd.,Maldives Beach Resort,Waste,Other waste,kg,2023-12,2023,221867.0,1704,0,,Frontier Developments Ltd.,False,False,False
223005401501,Delta Asset Management Ltd.,Sydney Harbour Suites,Waste,Other waste,kg,2023-12,2023,106935.5,1719,2,Kestrel Properties Pte. Ltd.,Frontier Developments Ltd.,False,False,False
354342113419,Frontier Developments Ltd.,Sentosa Cove Villas,Waste,Other waste,kg,2023-12,2023,154610.0,1704,0,,Frontier Developments Ltd.,False,False,False
214832269481,Crestline Real Estate Pte. Ltd.,City Plaza Commercial,Waste,Other waste,kg,2023-12,2023,181730.0,1705,1,Frontier Developments Ltd.,Frontier Developments Ltd.,False,False,False
354342113419,Frontier Developments Ltd.,Sentosa Cove Villas,Waste,Plastics average plastics,kg,2023-01,2023,0.0,1704,0,,Frontier Developments Ltd.,False,True,False
354342113419,Frontier Developments Ltd.,Sentosa Cove Villas,Waste,Plastics average plastics,kg,2023-02,2023,0.0,1704,0,,Frontier Developments Ltd.,False,True,False
354342113419,Frontier Developments Ltd.,Sentosa Cove Villas,Waste,Plastics average plastics,kg,2023-03,2023,0.0,1704,0,,Frontier Developments Ltd.,False,True,False
354342113419,Frontier Developments Ltd.,Sentosa Cove Villas,Waste,Plastics average plastics,kg,2023-04,2023,0.0,1704,0,,Frontier Developments Ltd.,False,True,False
354342113419,Frontier Developments Ltd.,Sentosa Cove Villas,Waste,Plastics average plastics,kg,2023-05,2023,0.0,1704,0,,Frontier Developments Ltd.,False,True,False
354342113419,Frontier Developments Ltd.,Sentosa Cove Villas,Waste,Plastics average plastics,kg,2023-06,2023,0.0,1704,0,,Frontier Developments Ltd.,False,True,False
354342113419,Frontier Developments Ltd.,Sentosa Cove Villas,Waste,Plastics average plastics,kg,2023-07,2023,0.0,1704,0,,Frontier Developments Ltd.,False,True,False
354342113419,Frontier Developments Ltd.,Sentosa Cove Villas,Waste,Plastics average plastics,kg,2023-08,2023,0.0,1704,0,,Frontier Developments Ltd.,False,True,False
354342113419,Frontier Developments Ltd.,Sentosa Cove Villas,Waste,Plastics average plastics,kg,2023-09,2023,0.0,1704,0,,Frontier Developments Ltd.,False,True,False
354342113419,Frontier Developments Ltd.,Sentosa Cove Villas,Waste,Plastics average plastics,kg,2023-10,2023,0.0,1704,0,,Frontier Developments Ltd.,False,True,False
354342113419,Frontier Developments Ltd.,Sentosa Cove Villas,Waste,Plastics average plastics,kg,2023-11,2023,0.0,1704,0,,Frontier Developments Ltd.,False,True,False
214832269481,Crestline Real Estate Pte. Ltd.,City Plaza Commercial,Waste,Plastics average plastics,kg,2023-12,2023,400.0,1705,1,Frontier Developments Ltd.,Frontier Developments Ltd.,False,False,False
214832269481,Crestline Real Estate Pte. Ltd.,Riverside Walk Mall,Waste,Plastics average plastics,kg,2023-12,2023,2330.0,1705,1,Frontier Developments Ltd.,Frontier Developments Ltd.,False,False,False
214832269481,Crestline Real Estate Pte. Ltd.,Tanjong Pagar Plaza,Waste,Plastics average plastics,kg,2023-12,2023,400.0,1705,1,Frontier Developments Ltd.,Frontier Developments Ltd.,False,False,False
354342113419,Frontier Developments Ltd.,Sentosa Cove Villas,Waste,Plastics average plastics,kg,2023-12,2023,332.0,1704,0,,Frontier Developments Ltd.,False,False,False
354342113419,Frontier Developments Ltd.,Sentosa Cove Villas,Waste,Waste paper unsorted,kg,2023-01,2023,0.0,1704,0,,Frontier Developments Ltd.,False,True,False
354342113419,Frontier Developments Ltd.,Sentosa Cove Villas,Waste,Waste paper unsorted,kg,2023-02,2023,0.0,1704,0,,Frontier Developments Ltd.,False,True,False
354342113419,Frontier Developments Ltd.,Sentosa Cove Villas,Waste,Waste paper unsorted,kg,2023-03,2023,0.0,1704,0,,Frontier Developments Ltd.,False,True,False
354342113419,Frontier Developments Ltd.,Sentosa Cove Villas,Waste,Waste paper unsorted,kg,2023-04,2023,0.0,1704,0,,Frontier Developments Ltd.,False,True,False
354342113419,Frontier Developments Ltd.,Sentosa Cove Villas,Waste,Waste paper unsorted,kg,2023-05,2023,0.0,1704,0,,Frontier Developments Ltd.,False,True,False
354342113419,Frontier Developments Ltd.,Sentosa Cove Villas,Waste,Waste paper unsorted,kg,2023-06,2023,0.0,1704,0,,Frontier Developments Ltd.,False,True,False
354342113419,Frontier Developments Ltd.,Sentosa Cove Villas,Waste,Waste paper unsorted,kg,2023-07,2023,0.0,1704,0,,Frontier Developments Ltd.,False,True,False
354342113419,Frontier Developments Ltd.,Sentosa Cove Villas,Waste,Waste paper unsorted,kg,2023-08,2023,0.0,1704,0,,Frontier Developments Ltd.,False,True,False
354342113419,Frontier Developments Ltd.,Sentosa Cove Villas,Waste,Waste paper unsorted,kg,2023-09,2023,0.0,1704,0,,Frontier Developments Ltd.,False,True,False
354342113419,Frontier Developments Ltd.,Sentosa Cove Villas,Waste,Waste paper unsorted,kg,2023-10,2023,0.0,1704,0,,Frontier Developments Ltd.,False,True,False
354342113419,Frontier Developments Ltd.,Sentosa Cove Villas,Waste,Waste paper unsorted,kg,2023-11,2023,0.0,1704,0,,Frontier Developments Ltd.,False,True,False
354342113419,Frontier Developments Ltd.,Sentosa Cove Villas,Waste,Waste paper unsorted,kg,2023-12,2023,14100.0,1704,0,,Frontier Developments Ltd.,False,False,False
214832269481,Crestline Real Estate Pte. Ltd.,Tanjong Pagar Plaza,Waste,Waste paper unsorted,kg,2023-12,2023,10670.0,1705,1,Frontier Developments Ltd.,Frontier Developments Ltd.,False,False,False
214832269481,Crestline Real Estate Pte. Ltd.,Riverside Walk Mall,Waste,Waste paper unsorted,kg,2023-12,2023,61560.0,1705,1,Frontier Developments Ltd.,Frontier Developments Ltd.,False,False,False
214832269481,Crestline Real Estate Pte. Ltd.,City Plaza Commercial,Waste,Waste paper unsorted,kg,2023-12,2023,10670.0,1705,1,Frontier Developments Ltd.,Frontier Developments Ltd.,False,False,False
354342113419,Frontier Developments Ltd.,Sentosa Cove Villas,Waste,Weee small,kg,2023-01,2023,0.0,1704,0,,Frontier Developments Ltd.,False,True,False
354342113419,Frontier Developments Ltd.,Alexandra Business Park,Waste,Weee small,kg,2023-01,2023,0.0,1704,0,,Frontier Developments Ltd.,False,True,False
354342113419,Frontier Developments Ltd.,Alexandra Business Park,Waste,Weee small,kg,2023-02,2023,0.0,1704,0,,Frontier Developments Ltd.,False,True,False
354342113419,Frontier Developments Ltd.,Sentosa Cove Villas,Waste,Weee small,kg,2023-02,2023,0.0,1704,0,,Frontier Developments Ltd.,False,True,False
354342113419,Frontier Developments Ltd.,Alexandra Business Park,Waste,Weee small,kg,2023-03,2023,0.0,1704,0,,Frontier Developments Ltd.,False,True,False
354342113419,Frontier Developments Ltd.,Sentosa Cove Villas,Waste,Weee small,kg,2023-03,2023,0.0,1704,0,,Frontier Developments Ltd.,False,True,False
354342113419,Frontier Developments Ltd.,Alexandra Business Park,Waste,Weee small,kg,2023-04,2023,0.0,1704,0,,Frontier Developments Ltd.,False,True,False
354342113419,Frontier Developments Ltd.,Sentosa Cove Villas,Waste,Weee small,kg,2023-04,2023,0.0,1704,0,,Frontier Developments Ltd.,False,True,False
354342113419,Frontier Developments Ltd.,Alexandra Business Park,Waste,Weee small,kg,2023-05,2023,0.0,1704,0,,Frontier Developments Ltd.,False,True,False
354342113419,Frontier Developments Ltd.,Sentosa Cove Villas,Waste,Weee small,kg,2023-05,2023,0.0,1704,0,,Frontier Developments Ltd.,False,True,False
354342113419,Frontier Developments Ltd.,Alexandra Business Park,Waste,Weee small,kg,2023-06,2023,0.0,1704,0,,Frontier Developments Ltd.,False,True,False
354342113419,Frontier Developments Ltd.,Sentosa Cove Villas,Waste,Weee small,kg,2023-06,2023,0.0,1704,0,,Frontier Developments Ltd.,False,True,False
354342113419,Frontier Developments Ltd.,Sentosa Cove Villas,Waste,Weee small,kg,2023-07,2023,0.0,1704,0,,Frontier Developments Ltd.,False,True,False
354342113419,Frontier Developments Ltd.,Alexandra Business Park,Waste,Weee small,kg,2023-07,2023,0.0,1704,0,,Frontier Developments Ltd.,False,True,False
354342113419,Frontier Developments Ltd.,Sentosa Cove Villas,Waste,Weee small,kg,2023-08,2023,0.0,1704,0,,Frontier Developments Ltd.,False,True,False
354342113419,Frontier Developments Ltd.,Alexandra Business Park,Waste,Weee small,kg,2023-08,2023,0.0,1704,0,,Frontier Developments Ltd.,False,True,False
354342113419,Frontier Developments Ltd.,Alexandra Business Park,Waste,Weee small,kg,2023-09,2023,0.0,1704,0,,Frontier Developments Ltd.,False,True,False
354342113419,Frontier Developments Ltd.,Sentosa Cove Villas,Waste,Weee small,kg,2023-09,2023,0.0,1704,0,,Frontier Developments Ltd.,False,True,False
354342113419,Frontier Developments Ltd.,Sentosa Cove Villas,Waste,Weee small,kg,2023-10,2023,0.0,1704,0,,Frontier Developments Ltd.,False,True,False
354342113419,Frontier Developments Ltd.,Alexandra Business Park,Waste,Weee small,kg,2023-10,2023,0.0,1704,0,,Frontier Developments Ltd.,False,True,False
354342113419,Frontier Developments Ltd.,Alexandra Business Park,Waste,Weee small,kg,2023-11,2023,0.0,1704,0,,Frontier Developments Ltd.,False,True,False
354342113419,Frontier Developments Ltd.,Sentosa Cove Villas,Waste,Weee small,kg,2023-11,2023,0.0,1704,0,,Frontier Developments Ltd.,False,True,False
223005401501,Delta Asset Management Ltd.,Sydney Harbour Suites,Waste,Weee small,kg,2023-12,2023,12.25,1719,2,Kestrel Properties Pte. Ltd.,Frontier Developments Ltd.,False,False,False
354342113419,Frontier Developments Ltd.,Maldives Beach Resort,Waste,Weee small,kg,2023-12,2023,17.5,1704,0,,Frontier Developments Ltd.,False,False,False
214832269481,Crestline Real Estate Pte. Ltd.,City Plaza Commercial,Waste,Weee small,kg,2023-12,2023,360.0,1705,1,Frontier Developments Ltd.,Frontier Developments Ltd.,False,False,False
214832269481,Crestline Real Estate Pte. Ltd.,Tanjong Pagar Plaza,Waste,Weee small,kg,2023-12,2023,360.0,1705,1,Frontier Developments Ltd.,Frontier Developments Ltd.,False,False,False
354342113419,Frontier Developments Ltd.,Sentosa Cove Villas,Waste,Weee small,kg,2023-12,2023,1180.0,1704,0,,Frontier Developments Ltd.,False,False,False
354342113419,Frontier Developments Ltd.,Alexandra Business Park,Waste,Weee small,kg,2023-12,2023,198.0,1704,0,,Frontier Developments Ltd.,False,False,False
223005401501,Delta Asset Management Ltd.,Melbourne Central Tower,Waste,Weee small,kg,2023-12,2023,12.25,1719,2,Kestrel Properties Pte. Ltd.,Frontier Developments Ltd.,False,False,False
354342113419,Frontier Developments Ltd.,Sentosa Cove Villas,Water,Potable water,m³,2023-01,2023,0.0,1704,0,,Frontier Developments Ltd.,False,True,False
354342113419,Frontier Developments Ltd.,Buona Vista Campus,Water,Potable water,m³,2023-01,2023,0.0,1704,0,,Frontier Developments Ltd.,False,True,False
354342113419,Frontier Developments Ltd.,Alexandra Business Park,Water,Potable water,m³,2023-01,2023,0.0,1704,0,,Frontier Developments Ltd.,False,True,False
354342113419,Frontier Developments Ltd.,Raffles Place Centre,Water,Potable water,m³,2023-01,2023,0.0,1704,0,,Frontier Developments Ltd.,False,True,False
354342113419,Frontier Developments Ltd.,Buona Vista Campus,Water,Potable water,m³,2023-02,2023,0.0,1704,0,,Frontier Developments Ltd.,False,True,False
354342113419,Frontier Developments Ltd.,Alexandra Business Park,Water,Potable water,m³,2023-02,2023,0.0,1704,0,,Frontier Developments Ltd.,False,True,False
354342113419,Frontier Developments Ltd.,Raffles Place Centre,Water,Potable water,m³,2023-02,2023,0.0,1704,0,,Frontier Developments Ltd.,False,True,False
354342113419,Frontier Developments Ltd.,Sentosa Cove Villas,Water,Potable water,m³,2023-02,2023,0.0,1704,0,,Frontier Developments Ltd.,False,True,False
354342113419,Frontier Developments Ltd.,Raffles Place Centre,Water,Potable water,m³,2023-03,2023,0.0,1704,0,,Frontier Developments Ltd.,False,True,False
354342113419,Frontier Developments Ltd.,Alexandra Business Park,Water,Potable water,m³,2023-03,2023,0.0,1704,0,,Frontier Developments Ltd.,False,True,False
354342113419,Frontier Developments Ltd.,Sentosa Cove Villas,Water,Potable water,m³,2023-03,2023,0.0,1704,0,,Frontier Developments Ltd.,False,True,False
354342113419,Frontier Developments Ltd.,Buona Vista Campus,Water,Potable water,m³,2023-03,2023,0.0,1704,0,,Frontier Developments Ltd.,False,True,False
354342113419,Frontier Developments Ltd.,Raffles Place Centre,Water,Potable water,m³,2023-04,2023,0.0,1704,0,,Frontier Developments Ltd.,False,True,False
354342113419,Frontier Developments Ltd.,Alexandra Business Park,Water,Potable water,m³,2023-04,2023,0.0,1704,0,,Frontier Developments Ltd.,False,True,False
354342113419,Frontier Developments Ltd.,Sentosa Cove Villas,Water,Potable water,m³,2023-04,2023,0.0,1704,0,,Frontier Developments Ltd.,False,True,False
354342113419,Frontier Developments Ltd.,Buona Vista Campus,Water,Potable water,m³,2023-04,2023,0.0,1704,0,,Frontier Developments Ltd.,False,True,False
354342113419,Frontier Developments Ltd.,Buona Vista Campus,Water,Potable water,m³,2023-05,2023,0.0,1704,0,,Frontier Developments Ltd.,False,True,False
354342113419,Frontier Developments Ltd.,Alexandra Business Park,Water,Potable water,m³,2023-05,2023,0.0,1704,0,,Frontier Developments Ltd.,False,True,False
354342113419,Frontier Developments Ltd.,Raffles Place Centre,Water,Potable water,m³,2023-05,2023,0.0,1704,0,,Frontier Developments Ltd.,False,True,False
354342113419,Frontier Developments Ltd.,Sentosa Cove Villas,Water,Potable water,m³,2023-05,2023,0.0,1704,0,,Frontier Developments Ltd.,False,True,False
354342113419,Frontier Developments Ltd.,Alexandra Business Park,Water,Potable water,m³,2023-06,2023,0.0,1704,0,,Frontier Developments Ltd.,False,True,False
354342113419,Frontier Developments Ltd.,Buona Vista Campus,Water,Potable water,m³,2023-06,2023,0.0,1704,0,,Frontier Developments Ltd.,False,True,False
354342113419,Frontier Developments Ltd.,Raffles Place Centre,Water,Potable water,m³,2023-06,2023,0.0,1704,0,,Frontier Developments Ltd.,False,True,False
354342113419,Frontier Developments Ltd.,Sentosa Cove Villas,Water,Potable water,m³,2023-06,2023,0.0,1704,0,,Frontier Developments Ltd.,False,True,False
354342113419,Frontier Developments Ltd.,Sentosa Cove Villas,Water,Potable water,m³,2023-07,2023,0.0,1704,0,,Frontier Developments Ltd.,False,True,False
354342113419,Frontier Developments Ltd.,Raffles Place Centre,Water,Potable water,m³,2023-07,2023,0.0,1704,0,,Frontier Developments Ltd.,False,True,False
354342113419,Frontier Developments Ltd.,Buona Vista Campus,Water,Potable water,m³,2023-07,2023,0.0,1704,0,,Frontier Developments Ltd.,False,True,False
354342113419,Frontier Developments Ltd.,Alexandra Business Park,Water,Potable water,m³,2023-07,2023,0.0,1704,0,,Frontier Developments Ltd.,False,True,False
354342113419,Frontier Developments Ltd.,Buona Vista Campus,Water,Potable water,m³,2023-08,2023,0.0,1704,0,,Frontier Developments Ltd.,False,True,False
354342113419,Frontier Developments Ltd.,Alexandra Business Park,Water,Potable water,m³,2023-08,2023,0.0,1704,0,,Frontier Developments Ltd.,False,True,False
354342113419,Frontier Developments Ltd.,Sentosa Cove Villas,Water,Potable water,m³,2023-08,2023,0.0,1704,0,,Frontier Developments Ltd.,False,True,False
354342113419,Frontier Developments Ltd.,Raffles Place Centre,Water,Potable water,m³,2023-08,2023,0.0,1704,0,,Frontier Developments Ltd.,False,True,False
354342113419,Frontier Developments Ltd.,Sentosa Cove Villas,Water,Potable water,m³,2023-09,2023,0.0,1704,0,,Frontier Developments Ltd.,False,True,False
354342113419,Frontier Developments Ltd.,Alexandra Business Park,Water,Potable water,m³,2023-09,2023,0.0,1704,0,,Frontier Developments Ltd.,False,True,False
354342113419,Frontier Developments Ltd.,Buona Vista Campus,Water,Potable water,m³,2023-09,2023,0.0,1704,0,,Frontier Developments Ltd.,False,True,False
354342113419,Frontier Developments Ltd.,Raffles Place Centre,Water,Potable water,m³,2023-09,2023,0.0,1704,0,,Frontier Developments Ltd.,False,True,False
354342113419,Frontier Developments Ltd.,Sentosa Cove Villas,Water,Potable water,m³,2023-10,2023,0.0,1704,0,,Frontier Developments Ltd.,False,True,False
354342113419,Frontier Developments Ltd.,Raffles Place Centre,Water,Potable water,m³,2023-10,2023,0.0,1704,0,,Frontier Developments Ltd.,False,True,False
354342113419,Frontier Developments Ltd.,Alexandra Business Park,Water,Potable water,m³,2023-10,2023,0.0,1704,0,,Frontier Developments Ltd.,False,True,False
354342113419,Frontier Developments Ltd.,Buona Vista Campus,Water,Potable water,m³,2023-10,2023,0.0,1704,0,,Frontier Developments Ltd.,False,True,False
354342113419,Frontier Developments Ltd.,Buona Vista Campus,Water,Potable water,m³,2023-11,2023,0.0,1704,0,,Frontier Developments Ltd.,False,True,False
354342113419,Frontier Developments Ltd.,Sentosa Cove Villas,Water,Potable water,m³,2023-11,2023,0.0,1704,0,,Frontier Developments Ltd.,False,True,False
354342113419,Frontier Developments Ltd.,Raffles Place Centre,Water,Potable water,m³,2023-11,2023,0.0,1704,0,,Frontier Developments Ltd.,False,True,False
354342113419,Frontier Developments Ltd.,Alexandra Business Park,Water,Potable water,m³,2023-11,2023,0.0,1704,0,,Frontier Developments Ltd.,False,True,False
354342113419,Frontier Developments Ltd.,Raffles Place Centre,Water,Potable water,m³,2023-12,2023,0.0,1704,0,,Frontier Developments Ltd.,False,True,False
214832269481,Crestline Real Estate Pte. Ltd.,Riverside Walk Mall,Water,Potable water,m³,2023-12,2023,33230.2,1705,1,Frontier Developments Ltd.,Frontier Developments Ltd.,False,False,False
354342113419,Frontier Developments Ltd.,Buona Vista Campus,Water,Potable water,m³,2023-12,2023,0.0,1704,0,,Frontier Developments Ltd.,False,True,False
354342113419,Frontier Developments Ltd.,Sentosa Cove Villas,Water,Potable water,m³,2023-12,2023,3720.533,1704,0,,Frontier Developments Ltd.,False,False,False
214832269481,Crestline Real Estate Pte. Ltd.,City Plaza Commercial,Water,Potable water,m³,2023-12,2023,33230.2,1705,1,Frontier Developments Ltd.,Frontier Developments Ltd.,False,False,False
214832269481,Crestline Real Estate Pte. Ltd.,Tanjong Pagar Plaza,Water,Potable water,m³,2023-12,2023,41945.1,1705,1,Frontier Developments Ltd.,Frontier Developments Ltd.,False,False,False
223005401501,Delta Asset Management Ltd.,Melbourne Central Tower,Water,Potable water,m³,2023-12,2023,232.0,1719,2,Kestrel Properties Pte. Ltd.,Frontier Developments Ltd.,False,False,False
354342113419,Frontier Developments Ltd.,Jurong Lake District Tower,Water,Potable water,m³,2023-12,2023,19.225,1704,0,,Frontier Developments Ltd.,False,False,False
223005401501,Delta Asset Management Ltd.,Sydney Harbour Suites,Water,Potable water,m³,2023-12,2023,232.0,1719,2,Kestrel Properties Pte. Ltd.,Frontier Developments Ltd.,False,False,False
354342113419,Frontier Developments Ltd.,Alexandra Business Park,Water,Potable water,m³,2023-12,2023,781.925,1704,0,,Frontier Developments Ltd.,False,False,False
354342113419,Frontier Developments Ltd.,Maldives Beach Resort,Water,Potable water,m³,2023-12,2023,1016.25,1704,0,,Frontier Developments Ltd.,False,False,False
354342113419,Frontier Developments Ltd.,Orchard Grand Residences,Water,Potable water,m³,2023-12,2023,17.76,1704,0,,Frontier Developments Ltd.,False,False,False
367469214295,Granite Capital Partners Pte. Ltd.,Marina Bay Tower,Water,Water supply,m³,2023-01,2023,0.0,1717,1,Frontier Developments Ltd.,Frontier Developments Ltd.,False,True,False
367469214295,Granite Capital Partners Pte. Ltd.,Marina Bay Tower,Water,Water supply,m³,2023-02,2023,0.0,1717,1,Frontier Developments Ltd.,Frontier Developments Ltd.,False,True,False
367469214295,Granite Capital Partners Pte. Ltd.,Marina Bay Tower,Water,Water supply,m³,2023-03,2023,0.0,1717,1,Frontier Developments Ltd.,Frontier Developments Ltd.,False,True,False
367469214295,Granite Capital Partners Pte. Ltd.,Marina Bay Tower,Water,Water supply,m³,2023-04,2023,0.0,1717,1,Frontier Developments Ltd.,Frontier Developments Ltd.,False,True,False
367469214295,Granite Capital Partners Pte. Ltd.,Marina Bay Tower,Water,Water supply,m³,2023-05,2023,0.0,1717,1,Frontier Developments Ltd.,Frontier Developments Ltd.,False,True,False
367469214295,Granite Capital Partners Pte. Ltd.,Marina Bay Tower,Water,Water supply,m³,2023-06,2023,0.0,1717,1,Frontier Developments Ltd.,Frontier Developments Ltd.,False,True,False
367469214295,Granite Capital Partners Pte. Ltd.,Marina Bay Tower,Water,Water supply,m³,2023-07,2023,0.0,1717,1,Frontier Developments Ltd.,Frontier Developments Ltd.,False,True,False
367469214295,Granite Capital Partners Pte. Ltd.,Marina Bay Tower,Water,Water supply,m³,2023-08,2023,0.0,1717,1,Frontier Developments Ltd.,Frontier Developments Ltd.,False,True,False
367469214295,Granite Capital Partners Pte. Ltd.,Marina Bay Tower,Water,Water supply,m³,2023-09,2023,0.0,1717,1,Frontier Developments Ltd.,Frontier Developments Ltd.,False,True,False
367469214295,Granite Capital Partners Pte. Ltd.,Marina Bay Tower,Water,Water supply,m³,2023-10,2023,0.0,1717,1,Frontier Developments Ltd.,Frontier Developments Ltd.,False,True,False
367469214295,Granite Capital Partners Pte. Ltd.,Marina Bay Tower,Water,Water supply,m³,2023-11,2023,0.0,1717,1,Frontier Developments Ltd.,Frontier Developments Ltd.,False,True,False
367469214295,Granite Capital Partners Pte. Ltd.,Marina Bay Tower,Water,Water supply,m³,2023-12,2023,0.0,1717,1,Frontier Developments Ltd.,Frontier Developments Ltd.,False,True,False
354342113419,Frontier Developments Ltd.,Sentosa Cove Villas,Electricity Consumption,Electricity,kWh,2022-12,2022,2276797.0,1704,0,,Frontier Developments Ltd.,False,False,False
214832269481,Crestline Real Estate Pte. Ltd.,City Plaza Commercial,Electricity Consumption,Electricity,kWh,2022-12,2022,1447776.092,1705,1,Frontier Developments Ltd.,Frontier Developments Ltd.,False,False,False
223005401501,Delta Asset Management Ltd.,Melbourne Central Tower,Electricity Consumption,Electricity,kWh,2022-12,2022,9023.0,1719,2,Kestrel Properties Pte. Ltd.,Frontier Developments Ltd.,False,False,False
354342113419,Frontier Developments Ltd.,Maldives Beach Resort,Electricity Consumption,Electricity,kWh,2022-12,2022,12908.0,1704,0,,Frontier Developments Ltd.,False,False,False
214832269481,Crestline Real Estate Pte. Ltd.,Tanjong Pagar Plaza,Electricity Consumption,Electricity,kWh,2022-12,2022,3139260.071,1705,1,Frontier Developments Ltd.,Frontier Developments Ltd.,False,False,False
354342113419,Frontier Developments Ltd.,Jurong Lake District Tower,Electricity Consumption,Electricity,kWh,2022-12,2022,113.416,1704,0,,Frontier Developments Ltd.,False,False,False
354342113419,Frontier Developments Ltd.,Orchard Grand Residences,Electricity Consumption,Electricity,kWh,2022-12,2022,408.416,1704,0,,Frontier Developments Ltd.,False,False,False
354342113419,Frontier Developments Ltd.,Alexandra Business Park,Electricity Consumption,Electricity,kWh,2022-12,2022,31387.0,1704,0,,Frontier Developments Ltd.,False,False,False
223005401501,Delta Asset Management Ltd.,Sydney Harbour Suites,Electricity Consumption,Electricity,kWh,2022-12,2022,9023.0,1719,2,Kestrel Properties Pte. Ltd.,Frontier Developments Ltd.,False,False,False
214832269481,Crestline Real Estate Pte. Ltd.,Riverside Walk Mall,Electricity Consumption,Electricity,kWh,2022-12,2022,5238007.385,1705,1,Frontier Developments Ltd.,Frontier Developments Ltd.,False,False,False
214832269481,Crestline Real Estate Pte. Ltd.,City Plaza Commercial,Stationary Asset Combustion,Diesel,litre,2022-12,2022,510.0,1705,1,Frontier Developments Ltd.,Frontier Developments Ltd.,False,False,False
214832269481,Crestline Real Estate Pte. Ltd.,Tanjong Pagar Plaza,Stationary Asset Combustion,Diesel,litre,2022-12,2022,265.0,1705,1,Frontier Developments Ltd.,Frontier Developments Ltd.,False,False,False
214832269481,Crestline Real Estate Pte. Ltd.,Riverside Walk Mall,Stationary Asset Combustion,Diesel,litre,2022-12,2022,380.0,1705,1,Frontier Developments Ltd.,Frontier Developments Ltd.,False,False,False
214832269481,Crestline Real Estate Pte. Ltd.,Riverside Walk Mall,Electricity Consumption,Electricity,kWh,2021-12,2021,4743624.931,1705,1,Frontier Developments Ltd.,Frontier Developments Ltd.,False,False,False
354342113419,Frontier Developments Ltd.,Orchard Grand Residences,Electricity Consumption,Electricity,kWh,2021-12,2021,615.416,1704,0,,Frontier Developments Ltd.,False,False,False
354342113419,Frontier Developments Ltd.,Jurong Lake District Tower,Electricity Consumption,Electricity,kWh,2021-12,2021,118.0,1704,0,,Frontier Developments Ltd.,False,False,False
223005401501,Delta Asset Management Ltd.,Melbourne Central Tower,Electricity Consumption,Electricity,kWh,2021-12,2021,8701.5,1719,2,Kestrel Properties Pte. Ltd.,Frontier Developments Ltd.,False,False,False
214832269481,Crestline Real Estate Pte. Ltd.,Tanjong Pagar Plaza,Electricity Consumption,Electricity,kWh,2021-12,2021,1679991.794,1705,1,Frontier Developments Ltd.,Frontier Developments Ltd.,False,False,False
354342113419,Frontier Developments Ltd.,Alexandra Business Park,Electricity Consumption,Electricity,kWh,2021-12,2021,33638.0,1704,0,,Frontier Developments Ltd.,False,False,False
214832269481,Crestline Real Estate Pte. Ltd.,City Plaza Commercial,Electricity Consumption,Electricity,kWh,2021-12,2021,1423983.71,1705,1,Frontier Developments Ltd.,Frontier Developments Ltd.,False,False,False
223005401501,Delta Asset Management Ltd.,Sydney Harbour Suites,Electricity Consumption,Electricity,kWh,2021-12,2021,8701.5,1719,2,Kestrel Properties Pte. Ltd.,Frontier Developments Ltd.,False,False,False
354342113419,Frontier Developments Ltd.,Maldives Beach Resort,Electricity Consumption,Electricity,kWh,2021-12,2021,12645.0,1704,0,,Frontier Developments Ltd.,False,False,False
354342113419,Frontier Developments Ltd.,Sentosa Cove Villas,Electricity Consumption,Electricity,kWh,2021-12,2021,2222350.0,1704,0,,Frontier Developments Ltd.,False,False,False
214832269481,Crestline Real Estate Pte. Ltd.,City Plaza Commercial,Stationary Asset Combustion,Diesel,litre,2021-12,2021,745.0,1705,1,Frontier Developments Ltd.,Frontier Developments Ltd.,False,False,False
214832269481,Crestline Real Estate Pte. Ltd.,Tanjong Pagar Plaza,Stationary Asset Combustion,Diesel,litre,2021-12,2021,380.0,1705,1,Frontier Developments Ltd.,Frontier Developments Ltd.,False,False,False
367469214295,Granite Capital Partners Pte. Ltd.,Marina Bay Tower,Water,Water supply,m³,2021-01,2021,0.0,1717,1,Frontier Developments Ltd.,Frontier Developments Ltd.,False,True,False
367469214295,Granite Capital Partners Pte. Ltd.,Marina Bay Tower,Water,Water supply,m³,2021-02,2021,0.0,1717,1,Frontier Developments Ltd.,Frontier Developments Ltd.,False,True,False
367469214295,Granite Capital Partners Pte. Ltd.,Marina Bay Tower,Water,Water supply,m³,2021-03,2021,0.0,1717,1,Frontier Developments Ltd.,Frontier Developments Ltd.,False,True,False
367469214295,Granite Capital Partners Pte. Ltd.,Marina Bay Tower,Water,Water supply,m³,2021-04,2021,0.0,1717,1,Frontier Developments Ltd.,Frontier Developments Ltd.,False,True,False
367469214295,Granite Capital Partners Pte. Ltd.,Marina Bay Tower,Water,Water supply,m³,2021-05,2021,0.0,1717,1,Frontier Developments Ltd.,Frontier Developments Ltd.,False,True,False
367469214295,Granite Capital Partners Pte. Ltd.,Marina Bay Tower,Water,Water supply,m³,2021-06,2021,0.0,1717,1,Frontier Developments Ltd.,Frontier Developments Ltd.,False,True,False
367469214295,Granite Capital Partners Pte. Ltd.,Marina Bay Tower,Water,Water supply,m³,2021-07,2021,0.0,1717,1,Frontier Developments Ltd.,Frontier Developments Ltd.,False,True,False
367469214295,Granite Capital Partners Pte. Ltd.,Marina Bay Tower,Water,Water supply,m³,2021-08,2021,0.0,1717,1,Frontier Developments Ltd.,Frontier Developments Ltd.,False,True,False
367469214295,Granite Capital Partners Pte. Ltd.,Marina Bay Tower,Water,Water supply,m³,2021-09,2021,0.0,1717,1,Frontier Developments Ltd.,Frontier Developments Ltd.,False,True,False
367469214295,Granite Capital Partners Pte. Ltd.,Marina Bay Tower,Water,Water supply,m³,2021-10,2021,0.0,1717,1,Frontier Developments Ltd.,Frontier Developments Ltd.,False,True,False
367469214295,Granite Capital Partners Pte. Ltd.,Marina Bay Tower,Water,Water supply,m³,2021-11,2021,0.0,1717,1,Frontier Developments Ltd.,Frontier Developments Ltd.,False,True,False
367469214295,Granite Capital Partners Pte. Ltd.,Marina Bay Tower,Water,Water supply,m³,2021-12,2021,0.0,1717,1,Frontier Developments Ltd.,Frontier Developments Ltd.,False,True,False
214832269481,Crestline Real Estate Pte. Ltd.,City Plaza Commercial,Electricity Consumption,Electricity,kWh,2020-12,2020,1299701.542,1705,1,Frontier Developments Ltd.,Frontier Developments Ltd.,False,False,False
214832269481,Crestline Real Estate Pte. Ltd.,Riverside Walk Mall,Electricity Consumption,Electricity,kWh,2020-12,2020,4077981.895,1705,1,Frontier Developments Ltd.,Frontier Developments Ltd.,False,False,False
354342113419,Frontier Developments Ltd.,Orchard Grand Residences,Electricity Consumption,Electricity,kWh,2020-12,2020,414.235,1704,0,,Frontier Developments Ltd.,False,False,False
223005401501,Delta Asset Management Ltd.,Sydney Harbour Suites,Electricity Consumption,Electricity,kWh,2020-12,2020,7848.083,1719,2,Kestrel Properties Pte. Ltd.,Frontier Developments Ltd.,False,False,False
354342113419,Frontier Developments Ltd.,Alexandra Business Park,Electricity Consumption,Electricity,kWh,2020-12,2020,35293.5,1704,0,,Frontier Developments Ltd.,False,False,False
214832269481,Crestline Real Estate Pte. Ltd.,Tanjong Pagar Plaza,Electricity Consumption,Electricity,kWh,2020-12,2020,1716312.093,1705,1,Frontier Developments Ltd.,Frontier Developments Ltd.,False,False,False
354342113419,Frontier Developments Ltd.,Maldives Beach Resort,Electricity Consumption,Electricity,kWh,2020-12,2020,15159.75,1704,0,,Frontier Developments Ltd.,False,False,False
354342113419,Frontier Developments Ltd.,Jurong Lake District Tower,Electricity Consumption,Electricity,kWh,2020-12,2020,88.166,1704,0,,Frontier Developments Ltd.,False,False,False
223005401501,Delta Asset Management Ltd.,Melbourne Central Tower,Electricity Consumption,Electricity,kWh,2020-12,2020,7848.083,1719,2,Kestrel Properties Pte. Ltd.,Frontier Developments Ltd.,False,False,False
354342113419,Frontier Developments Ltd.,Sentosa Cove Villas,Electricity Consumption,Electricity,kWh,2020-12,2020,2226405.0,1704,0,,Frontier Developments Ltd.,False,False,False
354342113419,Frontier Developments Ltd.,Alexandra Business Park,Stationary Asset Combustion,Diesel,litre,2020-12,2020,350.0,1704,0,,Frontier Developments Ltd.,False,False,False
214832269481,Crestline Real Estate Pte. Ltd.,Tanjong Pagar Plaza,Electricity Consumption,Electricity,kWh,2019-01,2019,618706.71,1705,1,Frontier Developments Ltd.,Frontier Developments Ltd.,False,False,False
354342113419,Frontier Developments Ltd.,Sentosa Cove Villas,Electricity Consumption,Electricity,kWh,2019-01,2019,0.0,1704,0,,Frontier Developments Ltd.,False,True,False
214832269481,Crestline Real Estate Pte. Ltd.,Riverside Walk Mall,Electricity Consumption,Electricity,kWh,2019-01,2019,2020787.76,1705,1,Frontier Developments Ltd.,Frontier Developments Ltd.,False,False,False
214832269481,Crestline Real Estate Pte. Ltd.,City Plaza Commercial,Electricity Consumption,Electricity,kWh,2019-01,2019,482933.02,1705,1,Frontier Developments Ltd.,Frontier Developments Ltd.,False,False,False
354342113419,Frontier Developments Ltd.,Maldives Beach Resort,Electricity Consumption,Electricity,kWh,2019-02,2019,482933.02,1704,0,,Frontier Developments Ltd.,False,False,False
214832269481,Crestline Real Estate Pte. Ltd.,Tanjong Pagar Plaza,Electricity Consumption,Electricity,kWh,2019-02,2019,489736.83,1705,1,Frontier Developments Ltd.,Frontier Developments Ltd.,False,False,False
214832269481,Crestline Real Estate Pte. Ltd.,City Plaza Commercial,Electricity Consumption,Electricity,kWh,2019-02,2019,336279.82,1705,1,Frontier Developments Ltd.,Frontier Developments Ltd.,False,False,False
354342113419,Frontier Developments Ltd.,Sentosa Cove Villas,Electricity Consumption,Electricity,kWh,2019-02,2019,0.0,1704,0,,Frontier Developments Ltd.,False,True,False
214832269481,Crestline Real Estate Pte. Ltd.,Riverside Walk Mall,Electricity Consumption,Electricity,kWh,2019-02,2019,1700106.68,1705,1,Frontier Developments Ltd.,Frontier Developments Ltd.,False,False,False
214832269481,Crestline Real Estate Pte. Ltd.,City Plaza Commercial,Electricity Consumption,Electricity,kWh,2019-03,2019,498735.41,1705,1,Frontier Developments Ltd.,Frontier Developments Ltd.,False,False,False
214832269481,Crestline Real Estate Pte. Ltd.,Tanjong Pagar Plaza,Electricity Consumption,Electricity,kWh,2019-03,2019,633777.35,1705,1,Frontier Developments Ltd.,Frontier Developments Ltd.,False,False,False
354342113419,Frontier Developments Ltd.,Sentosa Cove Villas,Electricity Consumption,Electricity,kWh,2019-03,2019,0.0,1704,0,,Frontier Developments Ltd.,False,True,False
214832269481,Crestline Real Estate Pte. Ltd.,Riverside Walk Mall,Electricity Consumption,Electricity,kWh,2019-03,2019,2064871.55,1705,1,Frontier Developments Ltd.,Frontier Developments Ltd.,False,False,False
214832269481,Crestline Real Estate Pte. Ltd.,Riverside Walk Mall,Electricity Consumption,Electricity,kWh,2019-04,2019,1905494.76,1705,1,Frontier Developments Ltd.,Frontier Developments Ltd.,False,False,False
214832269481,Crestline Real Estate Pte. Ltd.,Tanjong Pagar Plaza,Electricity Consumption,Electricity,kWh,2019-04,2019,593547.11,1705,1,Frontier Developments Ltd.,Frontier Developments Ltd.,False,False,False
354342113419,Frontier Developments Ltd.,Sentosa Cove Villas,Electricity Consumption,Electricity,kWh,2019-04,2019,0.0,1704,0,,Frontier Developments Ltd.,False,True,False
214832269481,Crestline Real Estate Pte. Ltd.,City Plaza Commercial,Electricity Consumption,Electricity,kWh,2019-04,2019,404899.14,1705,1,Frontier Developments Ltd.,Frontier Developments Ltd.,False,False,False
214832269481,Crestline Real Estate Pte. Ltd.,Tanjong Pagar Plaza,Electricity Consumption,Electricity,kWh,2019-05,2019,608778.59,1705,1,Frontier Developments Ltd.,Frontier Developments Ltd.,False,False,False
214832269481,Crestline Real Estate Pte. Ltd.,City Plaza Commercial,Electricity Consumption,Electricity,kWh,2019-05,2019,434718.09,1705,1,Frontier Developments Ltd.,Frontier Developments Ltd.,False,False,False
214832269481,Crestline Real Estate Pte. Ltd.,Riverside Walk Mall,Electricity Consumption,Electricity,kWh,2019-05,2019,2074203.09,1705,1,Frontier Developments Ltd.,Frontier Developments Ltd.,False,False,False
354342113419,Frontier Developments Ltd.,Sentosa Cove Villas,Electricity Consumption,Electricity,kWh,2019-05,2019,0.0,1704,0,,Frontier Developments Ltd.,False,True,False
214832269481,Crestline Real Estate Pte. Ltd.,City Plaza Commercial,Electricity Consumption,Electricity,kWh,2019-06,2019,448536.55,1705,1,Frontier Developments Ltd.,Frontier Developments Ltd.,False,False,False
214832269481,Crestline Real Estate Pte. Ltd.,Tanjong Pagar Plaza,Electricity Consumption,Electricity,kWh,2019-06,2019,593148.29,1705,1,Frontier Developments Ltd.,Frontier Developments Ltd.,False,False,False
214832269481,Crestline Real Estate Pte. Ltd.,Riverside Walk Mall,Electricity Consumption,Electricity,kWh,2019-06,2019,2042568.49,1705,1,Frontier Developments Ltd.,Frontier Developments Ltd.,False,False,False
354342113419,Frontier Developments Ltd.,Sentosa Cove Villas,Electricity Consumption,Electricity,kWh,2019-06,2019,0.0,1704,0,,Frontier Developments Ltd.,False,True,False
214832269481,Crestline Real Estate Pte. Ltd.,Riverside Walk Mall,Electricity Consumption,Electricity,kWh,2019-07,2019,2060475.76,1705,1,Frontier Developments Ltd.,Frontier Developments Ltd.,False,False,False
214832269481,Crestline Real Estate Pte. Ltd.,Tanjong Pagar Plaza,Electricity Consumption,Electricity,kWh,2019-07,2019,630509.65,1705,1,Frontier Developments Ltd.,Frontier Developments Ltd.,False,False,False
354342113419,Frontier Developments Ltd.,Sentosa Cove Villas,Electricity Consumption,Electricity,kWh,2019-07,2019,0.0,1704,0,,Frontier Developments Ltd.,False,True,False
214832269481,Crestline Real Estate Pte. Ltd.,City Plaza Commercial,Electricity Consumption,Electricity,kWh,2019-07,2019,451639.98,1705,1,Frontier Developments Ltd.,Frontier Developments Ltd.,False,False,False
214832269481,Crestline Real Estate Pte. Ltd.,Tanjong Pagar Plaza,Electricity Consumption,Electricity,kWh,2019-08,2019,591945.94,1705,1,Frontier Developments Ltd.,Frontier Developments Ltd.,False,False,False
354342113419,Frontier Developments Ltd.,Sentosa Cove Villas,Electricity Consumption,Electricity,kWh,2019-08,2019,0.0,1704,0,,Frontier Developments Ltd.,False,True,False
214832269481,Crestline Real Estate Pte. Ltd.,City Plaza Commercial,Electricity Consumption,Electricity,kWh,2019-08,2019,406935.06,1705,1,Frontier Developments Ltd.,Frontier Developments Ltd.,False,False,False
214832269481,Crestline Real Estate Pte. Ltd.,Riverside Walk Mall,Electricity Consumption,Electricity,kWh,2019-08,2019,1963965.24,1705,1,Frontier Developments Ltd.,Frontier Developments Ltd.,False,False,False
354342113419,Frontier Developments Ltd.,Sentosa Cove Villas,Electricity Consumption,Electricity,kWh,2019-09,2019,0.0,1704,0,,Frontier Developments Ltd.,False,True,False
214832269481,Crestline Real Estate Pte. Ltd.,Riverside Walk Mall,Electricity Consumption,Electricity,kWh,2019-09,2019,2001721.95,1705,1,Frontier Developments Ltd.,Frontier Developments Ltd.,False,False,False
214832269481,Crestline Real Estate Pte. Ltd.,Tanjong Pagar Plaza,Electricity Consumption,Electricity,kWh,2019-09,2019,573947.02,1705,1,Frontier Developments Ltd.,Frontier Developments Ltd.,False,False,False
214832269481,Crestline Real Estate Pte. Ltd.,City Plaza Commercial,Electricity Consumption,Electricity,kWh,2019-09,2019,417618.11,1705,1,Frontier Developments Ltd.,Frontier Developments Ltd.,False,False,False
214832269481,Crestline Real Estate Pte. Ltd.,Riverside Walk Mall,Electricity Consumption,Electricity,kWh,2019-10,2019,2088365.26,1705,1,Frontier Developments Ltd.,Frontier Developments Ltd.,False,False,False
214832269481,Crestline Real Estate Pte. Ltd.,Tanjong Pagar Plaza,Electricity Consumption,Electricity,kWh,2019-10,2019,641212.69,1705,1,Frontier Developments Ltd.,Frontier Developments Ltd.,False,False,False
354342113419,Frontier Developments Ltd.,Sentosa Cove Villas,Electricity Consumption,Electricity,kWh,2019-10,2019,0.0,1704,0,,Frontier Developments Ltd.,False,True,False
214832269481,Crestline Real Estate Pte. Ltd.,City Plaza Commercial,Electricity Consumption,Electricity,kWh,2019-10,2019,492430.47,1705,1,Frontier Developments Ltd.,Frontier Developments Ltd.,False,False,False
354342113419,Frontier Developments Ltd.,Sentosa Cove Villas,Electricity Consumption,Electricity,kWh,2019-11,2019,0.0,1704,0,,Frontier Developments Ltd.,False,True,False
214832269481,Crestline Real Estate Pte. Ltd.,Riverside Walk Mall,Electricity Consumption,Electricity,kWh,2019-11,2019,1973401.14,1705,1,Frontier Developments Ltd.,Frontier Developments Ltd.,False,False,False
214832269481,Crestline Real Estate Pte. Ltd.,City Plaza Commercial,Electricity Consumption,Electricity,kWh,2019-11,2019,420700.6,1705,1,Frontier Developments Ltd.,Frontier Developments Ltd.,False,False,False
214832269481,Crestline Real Estate Pte. Ltd.,Tanjong Pagar Plaza,Electricity Consumption,Electricity,kWh,2019-11,2019,572276.43,1705,1,Frontier Developments Ltd.,Frontier Developments Ltd.,False,False,False
214832269481,Crestline Real Estate Pte. Ltd.,Tanjong Pagar Plaza,Electricity Consumption,Electricity,kWh,2019-12,2019,524261.62,1705,1,Frontier Developments Ltd.,Frontier Developments Ltd.,False,False,False
354342113419,Frontier Developments Ltd.,Orchard Grand Residences,Electricity Consumption,Electricity,kWh,2019-12,2019,591.666,1704,0,,Frontier Developments Ltd.,False,False,False
223005401501,Delta Asset Management Ltd.,Sydney Harbour Suites,Electricity Consumption,Electricity,kWh,2019-12,2019,13245.5415,1719,2,Kestrel Properties Pte. Ltd.,Frontier Developments Ltd.,False,False,False
223005401501,Delta Asset Management Ltd.,Melbourne Central Tower,Electricity Consumption,Electricity,kWh,2019-12,2019,13245.5415,1719,2,Kestrel Properties Pte. Ltd.,Frontier Developments Ltd.,False,False,False
214832269481,Crestline Real Estate Pte. Ltd.,City Plaza Commercial,Electricity Consumption,Electricity,kWh,2019-12,2019,394737.78,1705,1,Frontier Developments Ltd.,Frontier Developments Ltd.,False,False,False
354342113419,Frontier Developments Ltd.,Alexandra Business Park,Electricity Consumption,Electricity,kWh,2019-12,2019,57472.166,1704,0,,Frontier Developments Ltd.,False,False,False
354342113419,Frontier Developments Ltd.,Jurong Lake District Tower,Electricity Consumption,Electricity,kWh,2019-12,2019,90.333,1704,0,,Frontier Developments Ltd.,False,False,False
354342113419,Frontier Developments Ltd.,Maldives Beach Resort,Electricity Consumption,Electricity,kWh,2019-12,2019,35392.125,1704,0,,Frontier Developments Ltd.,False,False,False
354342113419,Frontier Developments Ltd.,Sentosa Cove Villas,Electricity Consumption,Electricity,kWh,2019-12,2019,2455714.0,1704,0,,Frontier Developments Ltd.,False,False,False
214832269481,Crestline Real Estate Pte. Ltd.,Riverside Walk Mall,Electricity Consumption,Electricity,kWh,2019-12,2019,1902527.07,1705,1,Frontier Developments Ltd.,Frontier Developments Ltd.,False,False,False
354342113419,Frontier Developments Ltd.,Alexandra Business Park,Stationary Asset Combustion,Diesel,litre,2019-12,2019,0.0,1704,0,,Frontier Developments Ltd.,False,True,False
214832269481,Crestline Real Estate Pte. Ltd.,City Plaza Commercial,Water,Newater,m³,2019-01,2019,2714.1,1705,1,Frontier Developments Ltd.,Frontier Developments Ltd.,False,False,False
214832269481,Crestline Real Estate Pte. Ltd.,Tanjong Pagar Plaza,Water,Newater,m³,2019-01,2019,3127.7,1705,1,Frontier Developments Ltd.,Frontier Developments Ltd.,False,False,False
214832269481,Crestline Real Estate Pte. Ltd.,Riverside Walk Mall,Water,Newater,m³,2019-01,2019,2714.1,1705,1,Frontier Developments Ltd.,Frontier Developments Ltd.,False,False,False
214832269481,Crestline Real Estate Pte. Ltd.,Riverside Walk Mall,Water,Newater,m³,2019-02,2019,2617.25,1705,1,Frontier Developments Ltd.,Frontier Developments Ltd.,False,False,False
214832269481,Crestline Real Estate Pte. Ltd.,City Plaza Commercial,Water,Newater,m³,2019-02,2019,2617.25,1705,1,Frontier Developments Ltd.,Frontier Developments Ltd.,False,False,False
214832269481,Crestline Real Estate Pte. Ltd.,Tanjong Pagar Plaza,Water,Newater,m³,2019-02,2019,2825.1,1705,1,Frontier Developments Ltd.,Frontier Developments Ltd.,False,False,False
214832269481,Crestline Real Estate Pte. Ltd.,City Plaza Commercial,Water,Newater,m³,2019-03,2019,2335.3,1705,1,Frontier Developments Ltd.,Frontier Developments Ltd.,False,False,False
214832269481,Crestline Real Estate Pte. Ltd.,Riverside Walk Mall,Water,Newater,m³,2019-03,2019,2335.3,1705,1,Frontier Developments Ltd.,Frontier Developments Ltd.,False,False,False
214832269481,Crestline Real Estate Pte. Ltd.,Tanjong Pagar Plaza,Water,Newater,m³,2019-03,2019,2925.9,1705,1,Frontier Developments Ltd.,Frontier Developments Ltd.,False,False,False
214832269481,Crestline Real Estate Pte. Ltd.,City Plaza Commercial,Water,Newater,m³,2019-04,2019,1620.1,1705,1,Frontier Developments Ltd.,Frontier Developments Ltd.,False,False,False
214832269481,Crestline Real Estate Pte. Ltd.,Tanjong Pagar Plaza,Water,Newater,m³,2019-04,2019,3228.1,1705,1,Frontier Developments Ltd.,Frontier Developments Ltd.,False,False,False
214832269481,Crestline Real Estate Pte. Ltd.,Riverside Walk Mall,Water,Newater,m³,2019-04,2019,1620.1,1705,1,Frontier Developments Ltd.,Frontier Developments Ltd.,False,False,False
214832269481,Crestline Real Estate Pte. Ltd.,Tanjong Pagar Plaza,Water,Newater,m³,2019-05,2019,-1937.2,1705,1,Frontier Developments Ltd.,Frontier Developments Ltd.,True,False,False
214832269481,Crestline Real Estate Pte. Ltd.,Riverside Walk Mall,Water,Newater,m³,2019-05,2019,1699.5,1705,1,Frontier Developments Ltd.,Frontier Developments Ltd.,False,False,False
214832269481,Crestline Real Estate Pte. Ltd.,City Plaza Commercial,Water,Newater,m³,2019-05,2019,1699.5,1705,1,Frontier Developments Ltd.,Frontier Developments Ltd.,False,False,False
214832269481,Crestline Real Estate Pte. Ltd.,City Plaza Commercial,Water,Newater,m³,2019-06,2019,819.15,1705,1,Frontier Developments Ltd.,Frontier Developments Ltd.,False,False,False
214832269481,Crestline Real Estate Pte. Ltd.,Tanjong Pagar Plaza,Water,Newater,m³,2019-06,2019,2465.0,1705,1,Frontier Developments Ltd.,Frontier Developments Ltd.,False,False,False
214832269481,Crestline Real Estate Pte. Ltd.,Riverside Walk Mall,Water,Newater,m³,2019-06,2019,819.15,1705,1,Frontier Developments Ltd.,Frontier Developments Ltd.,False,False,False
214832269481,Crestline Real Estate Pte. Ltd.,Tanjong Pagar Plaza,Water,Newater,m³,2019-07,2019,2905.3,1705,1,Frontier Developments Ltd.,Frontier Developments Ltd.,False,False,False
214832269481,Crestline Real Estate Pte. Ltd.,City Plaza Commercial,Water,Newater,m³,2019-07,2019,1727.0,1705,1,Frontier Developments Ltd.,Frontier Developments Ltd.,False,False,False
214832269481,Crestline Real Estate Pte. Ltd.,Riverside Walk Mall,Water,Newater,m³,2019-07,2019,1727.0,1705,1,Frontier Developments Ltd.,Frontier Developments Ltd.,False,False,False
214832269481,Crestline Real Estate Pte. Ltd.,Tanjong Pagar Plaza,Water,Newater,m³,2019-08,2019,2641.2,1705,1,Frontier Developments Ltd.,Frontier Developments Ltd.,False,False,False
214832269481,Crestline Real Estate Pte. Ltd.,Riverside Walk Mall,Water,Newater,m³,2019-08,2019,1570.0,1705,1,Frontier Developments Ltd.,Frontier Developments Ltd.,False,False,False
214832269481,Crestline Real Estate Pte. Ltd.,City Plaza Commercial,Water,Newater,m³,2019-08,2019,1570.0,1705,1,Frontier Developments Ltd.,Frontier Developments Ltd.,False,False,False
214832269481,Crestline Real Estate Pte. Ltd.,Tanjong Pagar Plaza,Water,Newater,m³,2019-09,2019,2729.2,1705,1,Frontier Developments Ltd.,Frontier Developments Ltd.,False,False,False
214832269481,Crestline Real Estate Pte. Ltd.,City Plaza Commercial,Water,Newater,m³,2019-09,2019,1714.95,1705,1,Frontier Developments Ltd.,Frontier Developments Ltd.,False,False,False
214832269481,Crestline Real Estate Pte. Ltd.,Riverside Walk Mall,Water,Newater,m³,2019-09,2019,1714.95,1705,1,Frontier Developments Ltd.,Frontier Developments Ltd.,False,False,False
214832269481,Crestline Real Estate Pte. Ltd.,Riverside Walk Mall,Water,Newater,m³,2019-10,2019,-311.2,1705,1,Frontier Developments Ltd.,Frontier Developments Ltd.,True,False,False
214832269481,Crestline Real Estate Pte. Ltd.,City Plaza Commercial,Water,Newater,m³,2019-10,2019,-311.2,1705,1,Frontier Developments Ltd.,Frontier Developments Ltd.,True,False,False
214832269481,Crestline Real Estate Pte. Ltd.,Tanjong Pagar Plaza,Water,Newater,m³,2019-10,2019,2720.6,1705,1,Frontier Developments Ltd.,Frontier Developments Ltd.,False,False,False
214832269481,Crestline Real Estate Pte. Ltd.,Riverside Walk Mall,Water,Newater,m³,2019-11,2019,586.35,1705,1,Frontier Developments Ltd.,Frontier Developments Ltd.,False,False,False
214832269481,Crestline Real Estate Pte. Ltd.,Tanjong Pagar Plaza,Water,Newater,m³,2019-11,2019,2620.5,1705,1,Frontier Developments Ltd.,Frontier Developments Ltd.,False,False,False
214832269481,Crestline Real Estate Pte. Ltd.,City Plaza Commercial,Water,Newater,m³,2019-11,2019,586.35,1705,1,Frontier Developments Ltd.,Frontier Developments Ltd.,False,False,False
214832269481,Crestline Real Estate Pte. Ltd.,Tanjong Pagar Plaza,Water,Newater,m³,2019-12,2019,2283.3,1705,1,Frontier Developments Ltd.,Frontier Developments Ltd.,False,False,False
214832269481,Crestline Real Estate Pte. Ltd.,Riverside Walk Mall,Water,Newater,m³,2019-12,2019,617.0,1705,1,Frontier Developments Ltd.,Frontier Developments Ltd.,False,False,False
214832269481,Crestline Real Estate Pte. Ltd.,City Plaza Commercial,Water,Newater,m³,2019-12,2019,617.0,1705,1,Frontier Developments Ltd.,Frontier Developments Ltd.,False,False,False
354342113419,Frontier Developments Ltd.,One Holland Village,Water,Potable water,m³,2019-01,2019,0.0,1704,0,,Frontier Developments Ltd.,False,True,False
214832269481,Crestline Real Estate Pte. Ltd.,Riverside Walk Mall,Water,Potable water,m³,2019-01,2019,3057.1,1705,1,Frontier Developments Ltd.,Frontier Developments Ltd.,False,False,False
214832269481,Crestline Real Estate Pte. Ltd.,Tanjong Pagar Plaza,Water,Potable water,m³,2019-01,2019,2091.7,1705,1,Frontier Developments Ltd.,Frontier Developments Ltd.,False,False,False
214832269481,Crestline Real Estate Pte. Ltd.,City Plaza Commercial,Water,Potable water,m³,2019-01,2019,3057.1,1705,1,Frontier Developments Ltd.,Frontier Developments Ltd.,False,False,False
214832269481,Crestline Real Estate Pte. Ltd.,Clarke Quay Hotel,Water,Potable water,m³,2019-01,2019,0.0,1705,1,Frontier Developments Ltd.,Frontier Developments Ltd.,False,True,False
354342113419,Frontier Developments Ltd.,Raffles Place Centre,Water,Potable water,m³,2019-01,2019,0.0,1704,0,,Frontier Developments Ltd.,False,True,False
354342113419,Frontier Developments Ltd.,Buona Vista Campus,Water,Potable water,m³,2019-01,2019,0.0,1704,0,,Frontier Developments Ltd.,False,True,False
886833016361,Blue Ridge Properties Ltd.,Harbourfront Office Park,Water,Potable water,m³,2019-01,2019,0.0,1715,1,Frontier Developments Ltd.,Frontier Developments Ltd.,False,True,False
354342113419,Frontier Developments Ltd.,Sentosa Cove Villas,Water,Potable water,m³,2019-01,2019,0.0,1704,0,,Frontier Developments Ltd.,False,True,False
214832269481,Crestline Real Estate Pte. Ltd.,Novena Medical Hub,Water,Potable water,m³,2019-01,2019,0.0,1705,1,Frontier Developments Ltd.,Frontier Developments Ltd.,False,True,False
354342113419,Frontier Developments Ltd.,One Holland Village,Water,Potable water,m³,2019-02,2019,0.0,1704,0,,Frontier Developments Ltd.,False,True,False
214832269481,Crestline Real Estate Pte. Ltd.,Riverside Walk Mall,Water,Potable water,m³,2019-02,2019,2634.95,1705,1,Frontier Developments Ltd.,Frontier Developments Ltd.,False,False,False
354342113419,Frontier Developments Ltd.,Buona Vista Campus,Water,Potable water,m³,2019-02,2019,0.0,1704,0,,Frontier Developments Ltd.,False,True,False
214832269481,Crestline Real Estate Pte. Ltd.,City Plaza Commercial,Water,Potable water,m³,2019-02,2019,2634.95,1705,1,Frontier Developments Ltd.,Frontier Developments Ltd.,False,False,False
214832269481,Crestline Real Estate Pte. Ltd.,Novena Medical Hub,Water,Potable water,m³,2019-02,2019,0.0,1705,1,Frontier Developments Ltd.,Frontier Developments Ltd.,False,True,False
354342113419,Frontier Developments Ltd.,Raffles Place Centre,Water,Potable water,m³,2019-02,2019,0.0,1704,0,,Frontier Developments Ltd.,False,True,False
214832269481,Crestline Real Estate Pte. Ltd.,Tanjong Pagar Plaza,Water,Potable water,m³,2019-02,2019,13165.5,1705,1,Frontier Developments Ltd.,Frontier Developments Ltd.,False,False,False
354342113419,Frontier Developments Ltd.,Sentosa Cove Villas,Water,Potable water,m³,2019-02,2019,0.0,1704,0,,Frontier Developments Ltd.,False,True,False
886833016361,Blue Ridge Properties Ltd.,Harbourfront Office Park,Water,Potable water,m³,2019-02,2019,0.0,1715,1,Frontier Developments Ltd.,Frontier Developments Ltd.,False,True,False
214832269481,Crestline Real Estate Pte. Ltd.,Clarke Quay Hotel,Water,Potable water,m³,2019-02,2019,0.0,1705,1,Frontier Developments Ltd.,Frontier Developments Ltd.,False,True,False
354342113419,Frontier Developments Ltd.,Raffles Place Centre,Water,Potable water,m³,2019-03,2019,0.0,1704,0,,Frontier Developments Ltd.,False,True,False
214832269481,Crestline Real Estate Pte. Ltd.,Riverside Walk Mall,Water,Potable water,m³,2019-03,2019,3176.4,1705,1,Frontier Developments Ltd.,Frontier Developments Ltd.,False,False,False
354342113419,Frontier Developments Ltd.,Sentosa Cove Villas,Water,Potable water,m³,2019-03,2019,0.0,1704,0,,Frontier Developments Ltd.,False,True,False
214832269481,Crestline Real Estate Pte. Ltd.,City Plaza Commercial,Water,Potable water,m³,2019-03,2019,3176.4,1705,1,Frontier Developments Ltd.,Frontier Developments Ltd.,False,False,False
886833016361,Blue Ridge Properties Ltd.,Harbourfront Office Park,Water,Potable water,m³,2019-03,2019,0.0,1715,1,Frontier Developments Ltd.,Frontier Developments Ltd.,False,True,False
214832269481,Crestline Real Estate Pte. Ltd.,Novena Medical Hub,Water,Potable water,m³,2019-03,2019,0.0,1705,1,Frontier Developments Ltd.,Frontier Developments Ltd.,False,True,False
354342113419,Frontier Developments Ltd.,Buona Vista Campus,Water,Potable water,m³,2019-03,2019,0.0,1704,0,,Frontier Developments Ltd.,False,True,False
214832269481,Crestline Real Estate Pte. Ltd.,Tanjong Pagar Plaza,Water,Potable water,m³,2019-03,2019,2932.8,1705,1,Frontier Developments Ltd.,Frontier Developments Ltd.,False,False,False
214832269481,Crestline Real Estate Pte. Ltd.,Clarke Quay Hotel,Water,Potable water,m³,2019-03,2019,0.0,1705,1,Frontier Developments Ltd.,Frontier Developments Ltd.,False,True,False
354342113419,Frontier Developments Ltd.,One Holland Village,Water,Potable water,m³,2019-03,2019,0.0,1704,0,,Frontier Developments Ltd.,False,True,False
354342113419,Frontier Developments Ltd.,One Holland Village,Water,Potable water,m³,2019-04,2019,0.0,1704,0,,Frontier Developments Ltd.,False,True,False
214832269481,Crestline Real Estate Pte. Ltd.,City Plaza Commercial,Water,Potable water,m³,2019-04,2019,3444.0,1705,1,Frontier Developments Ltd.,Frontier Developments Ltd.,False,False,False
886833016361,Blue Ridge Properties Ltd.,Harbourfront Office Park,Water,Potable water,m³,2019-04,2019,0.0,1715,1,Frontier Developments Ltd.,Frontier Developments Ltd.,False,True,False
354342113419,Frontier Developments Ltd.,Buona Vista Campus,Water,Potable water,m³,2019-04,2019,0.0,1704,0,,Frontier Developments Ltd.,False,True,False
214832269481,Crestline Real Estate Pte. Ltd.,Riverside Walk Mall,Water,Potable water,m³,2019-04,2019,3444.0,1705,1,Frontier Developments Ltd.,Frontier Developments Ltd.,False,False,False
214832269481,Crestline Real Estate Pte. Ltd.,Tanjong Pagar Plaza,Water,Potable water,m³,2019-04,2019,3327.0,1705,1,Frontier Developments Ltd.,Frontier Developments Ltd.,False,False,False
354342113419,Frontier Developments Ltd.,Sentosa Cove Villas,Water,Potable water,m³,2019-04,2019,0.0,1704,0,,Frontier Developments Ltd.,False,True,False
214832269481,Crestline Real Estate Pte. Ltd.,Clarke Quay Hotel,Water,Potable water,m³,2019-04,2019,0.0,1705,1,Frontier Developments Ltd.,Frontier Developments Ltd.,False,True,False
214832269481,Crestline Real Estate Pte. Ltd.,Novena Medical Hub,Water,Potable water,m³,2019-04,2019,0.0,1705,1,Frontier Developments Ltd.,Frontier Developments Ltd.,False,True,False
354342113419,Frontier Developments Ltd.,Raffles Place Centre,Water,Potable water,m³,2019-04,2019,0.0,1704,0,,Frontier Developments Ltd.,False,True,False
214832269481,Crestline Real Estate Pte. Ltd.,City Plaza Commercial,Water,Potable water,m³,2019-05,2019,3111.65,1705,1,Frontier Developments Ltd.,Frontier Developments Ltd.,False,False,False
354342113419,Frontier Developments Ltd.,Sentosa Cove Villas,Water,Potable water,m³,2019-05,2019,0.0,1704,0,,Frontier Developments Ltd.,False,True,False
886833016361,Blue Ridge Properties Ltd.,Harbourfront Office Park,Water,Potable water,m³,2019-05,2019,0.0,1715,1,Frontier Developments Ltd.,Frontier Developments Ltd.,False,True,False
354342113419,Frontier Developments Ltd.,Raffles Place Centre,Water,Potable water,m³,2019-05,2019,0.0,1704,0,,Frontier Developments Ltd.,False,True,False
214832269481,Crestline Real Estate Pte. Ltd.,Tanjong Pagar Plaza,Water,Potable water,m³,2019-05,2019,3171.0,1705,1,Frontier Developments Ltd.,Frontier Developments Ltd.,False,False,False
214832269481,Crestline Real Estate Pte. Ltd.,Novena Medical Hub,Water,Potable water,m³,2019-05,2019,0.0,1705,1,Frontier Developments Ltd.,Frontier Developments Ltd.,False,True,False
354342113419,Frontier Developments Ltd.,Buona Vista Campus,Water,Potable water,m³,2019-05,2019,0.0,1704,0,,Frontier Developments Ltd.,False,True,False
214832269481,Crestline Real Estate Pte. Ltd.,Clarke Quay Hotel,Water,Potable water,m³,2019-05,2019,0.0,1705,1,Frontier Developments Ltd.,Frontier Developments Ltd.,False,True,False
214832269481,Crestline Real Estate Pte. Ltd.,Riverside Walk Mall,Water,Potable water,m³,2019-05,2019,3111.65,1705,1,Frontier Developments Ltd.,Frontier Developments Ltd.,False,False,False
354342113419,Frontier Developments Ltd.,One Holland Village,Water,Potable water,m³,2019-05,2019,0.0,1704,0,,Frontier Developments Ltd.,False,True,False
214832269481,Crestline Real Estate Pte. Ltd.,Clarke Quay Hotel,Water,Potable water,m³,2019-06,2019,0.0,1705,1,Frontier Developments Ltd.,Frontier Developments Ltd.,False,True,False
354342113419,Frontier Developments Ltd.,Sentosa Cove Villas,Water,Potable water,m³,2019-06,2019,0.0,1704,0,,Frontier Developments Ltd.,False,True,False
354342113419,Frontier Developments Ltd.,One Holland Village,Water,Potable water,m³,2019-06,2019,0.0,1704,0,,Frontier Developments Ltd.,False,True,False
214832269481,Crestline Real Estate Pte. Ltd.,Novena Medical Hub,Water,Potable water,m³,2019-06,2019,0.0,1705,1,Frontier Developments Ltd.,Frontier Developments Ltd.,False,True,False
354342113419,Frontier Developments Ltd.,Buona Vista Campus,Water,Potable water,m³,2019-06,2019,0.0,1704,0,,Frontier Developments Ltd.,False,True,False
214832269481,Crestline Real Estate Pte. Ltd.,Tanjong Pagar Plaza,Water,Potable water,m³,2019-06,2019,2856.0,1705,1,Frontier Developments Ltd.,Frontier Developments Ltd.,False,False,False
214832269481,Crestline Real Estate Pte. Ltd.,Riverside Walk Mall,Water,Potable water,m³,2019-06,2019,3016.05,1705,1,Frontier Developments Ltd.,Frontier Developments Ltd.,False,False,False
354342113419,Frontier Developments Ltd.,Raffles Place Centre,Water,Potable water,m³,2019-06,2019,0.0,1704,0,,Frontier Developments Ltd.,False,True,False
886833016361,Blue Ridge Properties Ltd.,Harbourfront Office Park,Water,Potable water,m³,2019-06,2019,0.0,1715,1,Frontier Developments Ltd.,Frontier Developments Ltd.,False,True,False
214832269481,Crestline Real Estate Pte. Ltd.,City Plaza Commercial,Water,Potable water,m³,2019-06,2019,3016.05,1705,1,Frontier Developments Ltd.,Frontier Developments Ltd.,False,False,False
214832269481,Crestline Real Estate Pte. Ltd.,City Plaza Commercial,Water,Potable water,m³,2019-07,2019,3058.2,1705,1,Frontier Developments Ltd.,Frontier Developments Ltd.,False,False,False
214832269481,Crestline Real Estate Pte. Ltd.,Clarke Quay Hotel,Water,Potable water,m³,2019-07,2019,0.0,1705,1,Frontier Developments Ltd.,Frontier Developments Ltd.,False,True,False
214832269481,Crestline Real Estate Pte. Ltd.,Novena Medical Hub,Water,Potable water,m³,2019-07,2019,0.0,1705,1,Frontier Developments Ltd.,Frontier Developments Ltd.,False,True,False
886833016361,Blue Ridge Properties Ltd.,Harbourfront Office Park,Water,Potable water,m³,2019-07,2019,0.0,1715,1,Frontier Developments Ltd.,Frontier Developments Ltd.,False,True,False
354342113419,Frontier Developments Ltd.,Sentosa Cove Villas,Water,Potable water,m³,2019-07,2019,0.0,1704,0,,Frontier Developments Ltd.,False,True,False
354342113419,Frontier Developments Ltd.,One Holland Village,Water,Potable water,m³,2019-07,2019,0.0,1704,0,,Frontier Developments Ltd.,False,True,False
354342113419,Frontier Developments Ltd.,Buona Vista Campus,Water,Potable water,m³,2019-07,2019,0.0,1704,0,,Frontier Developments Ltd.,False,True,False
354342113419,Frontier Developments Ltd.,Raffles Place Centre,Water,Potable water,m³,2019-07,2019,0.0,1704,0,,Frontier Developments Ltd.,False,True,False
214832269481,Crestline Real Estate Pte. Ltd.,Tanjong Pagar Plaza,Water,Potable water,m³,2019-07,2019,3368.3,1705,1,Frontier Developments Ltd.,Frontier Developments Ltd.,False,False,False
214832269481,Crestline Real Estate Pte. Ltd.,Riverside Walk Mall,Water,Potable water,m³,2019-07,2019,3058.2,1705,1,Frontier Developments Ltd.,Frontier Developments Ltd.,False,False,False
214832269481,Crestline Real Estate Pte. Ltd.,Clarke Quay Hotel,Water,Potable water,m³,2019-08,2019,0.0,1705,1,Frontier Developments Ltd.,Frontier Developments Ltd.,False,True,False
354342113419,Frontier Developments Ltd.,Buona Vista Campus,Water,Potable water,m³,2019-08,2019,0.0,1704,0,,Frontier Developments Ltd.,False,True,False
886833016361,Blue Ridge Properties Ltd.,Harbourfront Office Park,Water,Potable water,m³,2019-08,2019,0.0,1715,1,Frontier Developments Ltd.,Frontier Developments Ltd.,False,True,False
214832269481,Crestline Real Estate Pte. Ltd.,City Plaza Commercial,Water,Potable water,m³,2019-08,2019,2590.6,1705,1,Frontier Developments Ltd.,Frontier Developments Ltd.,False,False,False
354342113419,Frontier Developments Ltd.,One Holland Village,Water,Potable water,m³,2019-08,2019,0.0,1704,0,,Frontier Developments Ltd.,False,True,False
354342113419,Frontier Developments Ltd.,Raffles Place Centre,Water,Potable water,m³,2019-08,2019,0.0,1704,0,,Frontier Developments Ltd.,False,True,False
214832269481,Crestline Real Estate Pte. Ltd.,Tanjong Pagar Plaza,Water,Potable water,m³,2019-08,2019,3071.6,1705,1,Frontier Developments Ltd.,Frontier Developments Ltd.,False,False,False
214832269481,Crestline Real Estate Pte. Ltd.,Novena Medical Hub,Water,Potable water,m³,2019-08,2019,0.0,1705,1,Frontier Developments Ltd.,Frontier Developments Ltd.,False,True,False
214832269481,Crestline Real Estate Pte. Ltd.,Riverside Walk Mall,Water,Potable water,m³,2019-08,2019,2590.6,1705,1,Frontier Developments Ltd.,Frontier Developments Ltd.,False,False,False
354342113419,Frontier Developments Ltd.,Sentosa Cove Villas,Water,Potable water,m³,2019-08,2019,0.0,1704,0,,Frontier Developments Ltd.,False,True,False
886833016361,Blue Ridge Properties Ltd.,Harbourfront Office Park,Water,Potable water,m³,2019-09,2019,0.0,1715,1,Frontier Developments Ltd.,Frontier Developments Ltd.,False,True,False
354342113419,Frontier Developments Ltd.,Raffles Place Centre,Water,Potable water,m³,2019-09,2019,0.0,1704,0,,Frontier Developments Ltd.,False,True,False
354342113419,Frontier Developments Ltd.,One Holland Village,Water,Potable water,m³,2019-09,2019,0.0,1704,0,,Frontier Developments Ltd.,False,True,False
214832269481,Crestline Real Estate Pte. Ltd.,Riverside Walk Mall,Water,Potable water,m³,2019-09,2019,4594.35,1705,1,Frontier Developments Ltd.,Frontier Developments Ltd.,False,False,False
354342113419,Frontier Developments Ltd.,Buona Vista Campus,Water,Potable water,m³,2019-09,2019,0.0,1704,0,,Frontier Developments Ltd.,False,True,False
354342113419,Frontier Developments Ltd.,Sentosa Cove Villas,Water,Potable water,m³,2019-09,2019,0.0,1704,0,,Frontier Developments Ltd.,False,True,False
214832269481,Crestline Real Estate Pte. Ltd.,City Plaza Commercial,Water,Potable water,m³,2019-09,2019,4594.35,1705,1,Frontier Developments Ltd.,Frontier Developments Ltd.,False,False,False
214832269481,Crestline Real Estate Pte. Ltd.,Tanjong Pagar Plaza,Water,Potable water,m³,2019-09,2019,3154.4,1705,1,Frontier Developments Ltd.,Frontier Developments Ltd.,False,False,False
214832269481,Crestline Real Estate Pte. Ltd.,Clarke Quay Hotel,Water,Potable water,m³,2019-09,2019,0.0,1705,1,Frontier Developments Ltd.,Frontier Developments Ltd.,False,True,False
214832269481,Crestline Real Estate Pte. Ltd.,Novena Medical Hub,Water,Potable water,m³,2019-09,2019,0.0,1705,1,Frontier Developments Ltd.,Frontier Developments Ltd.,False,True,False
214832269481,Crestline Real Estate Pte. Ltd.,Riverside Walk Mall,Water,Potable water,m³,2019-10,2019,2512.2,1705,1,Frontier Developments Ltd.,Frontier Developments Ltd.,False,False,False
354342113419,Frontier Developments Ltd.,One Holland Village,Water,Potable water,m³,2019-10,2019,0.0,1704,0,,Frontier Developments Ltd.,False,True,False
886833016361,Blue Ridge Properties Ltd.,Harbourfront Office Park,Water,Potable water,m³,2019-10,2019,0.0,1715,1,Frontier Developments Ltd.,Frontier Developments Ltd.,False,True,False
354342113419,Frontier Developments Ltd.,Sentosa Cove Villas,Water,Potable water,m³,2019-10,2019,0.0,1704,0,,Frontier Developments Ltd.,False,True,False
214832269481,Crestline Real Estate Pte. Ltd.,Tanjong Pagar Plaza,Water,Potable water,m³,2019-10,2019,4688.8,1705,1,Frontier Developments Ltd.,Frontier Developments Ltd.,False,False,False
354342113419,Frontier Developments Ltd.,Buona Vista Campus,Water,Potable water,m³,2019-10,2019,0.0,1704,0,,Frontier Developments Ltd.,False,True,False
214832269481,Crestline Real Estate Pte. Ltd.,City Plaza Commercial,Water,Potable water,m³,2019-10,2019,2512.2,1705,1,Frontier Developments Ltd.,Frontier Developments Ltd.,False,False,False
214832269481,Crestline Real Estate Pte. Ltd.,Clarke Quay Hotel,Water,Potable water,m³,2019-10,2019,0.0,1705,1,Frontier Developments Ltd.,Frontier Developments Ltd.,False,True,False
214832269481,Crestline Real Estate Pte. Ltd.,Novena Medical Hub,Water,Potable water,m³,2019-10,2019,0.0,1705,1,Frontier Developments Ltd.,Frontier Developments Ltd.,False,True,False
354342113419,Frontier Developments Ltd.,Raffles Place Centre,Water,Potable water,m³,2019-10,2019,0.0,1704,0,,Frontier Developments Ltd.,False,True,False
214832269481,Crestline Real Estate Pte. Ltd.,City Plaza Commercial,Water,Potable water,m³,2019-11,2019,3068.95,1705,1,Frontier Developments Ltd.,Frontier Developments Ltd.,False,False,False
214832269481,Crestline Real Estate Pte. Ltd.,Clarke Quay Hotel,Water,Potable water,m³,2019-11,2019,0.0,1705,1,Frontier Developments Ltd.,Frontier Developments Ltd.,False,True,False
214832269481,Crestline Real Estate Pte. Ltd.,Novena Medical Hub,Water,Potable water,m³,2019-11,2019,0.0,1705,1,Frontier Developments Ltd.,Frontier Developments Ltd.,False,True,False
354342113419,Frontier Developments Ltd.,Raffles Place Centre,Water,Potable water,m³,2019-11,2019,0.0,1704,0,,Frontier Developments Ltd.,False,True,False
886833016361,Blue Ridge Properties Ltd.,Harbourfront Office Park,Water,Potable water,m³,2019-11,2019,0.0,1715,1,Frontier Developments Ltd.,Frontier Developments Ltd.,False,True,False
354342113419,Frontier Developments Ltd.,Sentosa Cove Villas,Water,Potable water,m³,2019-11,2019,0.0,1704,0,,Frontier Developments Ltd.,False,True,False
214832269481,Crestline Real Estate Pte. Ltd.,Riverside Walk Mall,Water,Potable water,m³,2019-11,2019,3068.95,1705,1,Frontier Developments Ltd.,Frontier Developments Ltd.,False,False,False
354342113419,Frontier Developments Ltd.,Buona Vista Campus,Water,Potable water,m³,2019-11,2019,0.0,1704,0,,Frontier Developments Ltd.,False,True,False
354342113419,Frontier Developments Ltd.,One Holland Village,Water,Potable water,m³,2019-11,2019,0.0,1704,0,,Frontier Developments Ltd.,False,True,False
214832269481,Crestline Real Estate Pte. Ltd.,Tanjong Pagar Plaza,Water,Potable water,m³,2019-11,2019,3128.1,1705,1,Frontier Developments Ltd.,Frontier Developments Ltd.,False,False,False
354342113419,Frontier Developments Ltd.,Buona Vista Campus,Water,Potable water,m³,2019-12,2019,0.0,1704,0,,Frontier Developments Ltd.,False,True,False
214832269481,Crestline Real Estate Pte. Ltd.,Tanjong Pagar Plaza,Water,Potable water,m³,2019-12,2019,2595.3,1705,1,Frontier Developments Ltd.,Frontier Developments Ltd.,False,False,False
214832269481,Crestline Real Estate Pte. Ltd.,Riverside Walk Mall,Water,Potable water,m³,2019-12,2019,2715.6,1705,1,Frontier Developments Ltd.,Frontier Developments Ltd.,False,False,False
214832269481,Crestline Real Estate Pte. Ltd.,Clarke Quay Hotel,Water,Potable water,m³,2019-12,2019,0.0,1705,1,Frontier Developments Ltd.,Frontier Developments Ltd.,False,True,False
886833016361,Blue Ridge Properties Ltd.,Harbourfront Office Park,Water,Potable water,m³,2019-12,2019,0.0,1715,1,Frontier Developments Ltd.,Frontier Developments Ltd.,False,True,False
214832269481,Crestline Real Estate Pte. Ltd.,City Plaza Commercial,Water,Potable water,m³,2019-12,2019,2715.6,1705,1,Frontier Developments Ltd.,Frontier Developments Ltd.,False,False,False
214832269481,Crestline Real Estate Pte. Ltd.,Novena Medical Hub,Water,Potable water,m³,2019-12,2019,0.0,1705,1,Frontier Developments Ltd.,Frontier Developments Ltd.,False,True,False
354342113419,Frontier Developments Ltd.,Raffles Place Centre,Water,Potable water,m³,2019-12,2019,0.0,1704,0,,Frontier Developments Ltd.,False,True,False
354342113419,Frontier Developments Ltd.,Sentosa Cove Villas,Water,Potable water,m³,2019-12,2019,0.0,1704,0,,Frontier Developments Ltd.,False,True,False
354342113419,Frontier Developments Ltd.,One Holland Village,Water,Potable water,m³,2019-12,2019,0.0,1704,0,,Frontier Developments Ltd.,False,True,False
367469214295,Granite Capital Partners Pte. Ltd.,Marina Bay Tower,Water,Water supply,m³,2019-01,2019,0.0,1717,1,Frontier Developments Ltd.,Frontier Developments Ltd.,False,True,False
198912225902,Emerald Hospitality Group Pte. Ltd.,Suntec City Annexe,Water,Water supply,m³,2019-01,2019,0.0,1716,1,Frontier Developments Ltd.,Frontier Developments Ltd.,False,True,False
198912225902,Emerald Hospitality Group Pte. Ltd.,Lagoon Residences,Water,Water supply,m³,2019-01,2019,0.0,1716,1,Frontier Developments Ltd.,Frontier Developments Ltd.,False,True,False
198912225902,Emerald Hospitality Group Pte. Ltd.,Suntec City Annexe,Water,Water supply,m³,2019-02,2019,0.0,1716,1,Frontier Developments Ltd.,Frontier Developments Ltd.,False,True,False
367469214295,Granite Capital Partners Pte. Ltd.,Marina Bay Tower,Water,Water supply,m³,2019-02,2019,0.0,1717,1,Frontier Developments Ltd.,Frontier Developments Ltd.,False,True,False
198912225902,Emerald Hospitality Group Pte. Ltd.,Lagoon Residences,Water,Water supply,m³,2019-02,2019,0.0,1716,1,Frontier Developments Ltd.,Frontier Developments Ltd.,False,True,False
198912225902,Emerald Hospitality Group Pte. Ltd.,Suntec City Annexe,Water,Water supply,m³,2019-03,2019,0.0,1716,1,Frontier Developments Ltd.,Frontier Developments Ltd.,False,True,False
367469214295,Granite Capital Partners Pte. Ltd.,Marina Bay Tower,Water,Water supply,m³,2019-03,2019,0.0,1717,1,Frontier Developments Ltd.,Frontier Developments Ltd.,False,True,False
198912225902,Emerald Hospitality Group Pte. Ltd.,Lagoon Residences,Water,Water supply,m³,2019-03,2019,0.0,1716,1,Frontier Developments Ltd.,Frontier Developments Ltd.,False,True,False
367469214295,Granite Capital Partners Pte. Ltd.,Marina Bay Tower,Water,Water supply,m³,2019-04,2019,0.0,1717,1,Frontier Developments Ltd.,Frontier Developments Ltd.,False,True,False
198912225902,Emerald Hospitality Group Pte. Ltd.,Lagoon Residences,Water,Water supply,m³,2019-04,2019,0.0,1716,1,Frontier Developments Ltd.,Frontier Developments Ltd.,False,True,False
198912225902,Emerald Hospitality Group Pte. Ltd.,Suntec City Annexe,Water,Water supply,m³,2019-04,2019,0.0,1716,1,Frontier Developments Ltd.,Frontier Developments Ltd.,False,True,False
367469214295,Granite Capital Partners Pte. Ltd.,Marina Bay Tower,Water,Water supply,m³,2019-05,2019,0.0,1717,1,Frontier Developments Ltd.,Frontier Developments Ltd.,False,True,False
198912225902,Emerald Hospitality Group Pte. Ltd.,Suntec City Annexe,Water,Water supply,m³,2019-05,2019,0.0,1716,1,Frontier Developments Ltd.,Frontier Developments Ltd.,False,True,False
198912225902,Emerald Hospitality Group Pte. Ltd.,Lagoon Residences,Water,Water supply,m³,2019-05,2019,0.0,1716,1,Frontier Developments Ltd.,Frontier Developments Ltd.,False,True,False
198912225902,Emerald Hospitality Group Pte. Ltd.,Suntec City Annexe,Water,Water supply,m³,2019-06,2019,0.0,1716,1,Frontier Developments Ltd.,Frontier Developments Ltd.,False,True,False
367469214295,Granite Capital Partners Pte. Ltd.,Marina Bay Tower,Water,Water supply,m³,2019-06,2019,0.0,1717,1,Frontier Developments Ltd.,Frontier Developments Ltd.,False,True,False
198912225902,Emerald Hospitality Group Pte. Ltd.,Lagoon Residences,Water,Water supply,m³,2019-06,2019,0.0,1716,1,Frontier Developments Ltd.,Frontier Developments Ltd.,False,True,False
198912225902,Emerald Hospitality Group Pte. Ltd.,Lagoon Residences,Water,Water supply,m³,2019-07,2019,0.0,1716,1,Frontier Developments Ltd.,Frontier Developments Ltd.,False,True,False
367469214295,Granite Capital Partners Pte. Ltd.,Marina Bay Tower,Water,Water supply,m³,2019-07,2019,0.0,1717,1,Frontier Developments Ltd.,Frontier Developments Ltd.,False,True,False
198912225902,Emerald Hospitality Group Pte. Ltd.,Suntec City Annexe,Water,Water supply,m³,2019-07,2019,0.0,1716,1,Frontier Developments Ltd.,Frontier Developments Ltd.,False,True,False
198912225902,Emerald Hospitality Group Pte. Ltd.,Lagoon Residences,Water,Water supply,m³,2019-08,2019,0.0,1716,1,Frontier Developments Ltd.,Frontier Developments Ltd.,False,True,False
367469214295,Granite Capital Partners Pte. Ltd.,Marina Bay Tower,Water,Water supply,m³,2019-08,2019,0.0,1717,1,Frontier Developments Ltd.,Frontier Developments Ltd.,False,True,False
198912225902,Emerald Hospitality Group Pte. Ltd.,Suntec City Annexe,Water,Water supply,m³,2019-08,2019,0.0,1716,1,Frontier Developments Ltd.,Frontier Developments Ltd.,False,True,False
198912225902,Emerald Hospitality Group Pte. Ltd.,Lagoon Residences,Water,Water supply,m³,2019-09,2019,0.0,1716,1,Frontier Developments Ltd.,Frontier Developments Ltd.,False,True,False
198912225902,Emerald Hospitality Group Pte. Ltd.,Suntec City Annexe,Water,Water supply,m³,2019-09,2019,0.0,1716,1,Frontier Developments Ltd.,Frontier Developments Ltd.,False,True,False
367469214295,Granite Capital Partners Pte. Ltd.,Marina Bay Tower,Water,Water supply,m³,2019-09,2019,0.0,1717,1,Frontier Developments Ltd.,Frontier Developments Ltd.,False,True,False
198912225902,Emerald Hospitality Group Pte. Ltd.,Lagoon Residences,Water,Water supply,m³,2019-10,2019,0.0,1716,1,Frontier Developments Ltd.,Frontier Developments Ltd.,False,True,False
367469214295,Granite Capital Partners Pte. Ltd.,Marina Bay Tower,Water,Water supply,m³,2019-10,2019,0.0,1717,1,Frontier Developments Ltd.,Frontier Developments Ltd.,False,True,False
198912225902,Emerald Hospitality Group Pte. Ltd.,Suntec City Annexe,Water,Water supply,m³,2019-10,2019,0.0,1716,1,Frontier Developments Ltd.,Frontier Developments Ltd.,False,True,False
198912225902,Emerald Hospitality Group Pte. Ltd.,Suntec City Annexe,Water,Water supply,m³,2019-11,2019,0.0,1716,1,Frontier Developments Ltd.,Frontier Developments Ltd.,False,True,False
367469214295,Granite Capital Partners Pte. Ltd.,Marina Bay Tower,Water,Water supply,m³,2019-11,2019,0.0,1717,1,Frontier Developments Ltd.,Frontier Developments Ltd.,False,True,False
198912225902,Emerald Hospitality Group Pte. Ltd.,Lagoon Residences,Water,Water supply,m³,2019-11,2019,0.0,1716,1,Frontier Developments Ltd.,Frontier Developments Ltd.,False,True,False
198912225902,Emerald Hospitality Group Pte. Ltd.,Lagoon Residences,Water,Water supply,m³,2019-12,2019,0.0,1716,1,Frontier Developments Ltd.,Frontier Developments Ltd.,False,True,False
198912225902,Emerald Hospitality Group Pte. Ltd.,Suntec City Annexe,Water,Water supply,m³,2019-12,2019,0.0,1716,1,Frontier Developments Ltd.,Frontier Developments Ltd.,False,True,False
367469214295,Granite Capital Partners Pte. Ltd.,Marina Bay Tower,Water,Water supply,m³,2019-12,2019,0.0,1717,1,Frontier Developments Ltd.,Frontier Developments Ltd.,False,True,False
