organizationId,company_name,asset_name,data_type,metric,unit,month,reportedYear,total_value,customer_id,level,immediate_parent_name,top_parent_name,is_negative,is_zero,is_sparse_metric
354342113419,Frontier Developments Ltd.,Maldives Beach Resort,Electricity Consumption,Electricity,kg CO2e,2026-01,2026,4.02,1704,0,,Frontier Developments Ltd.,False,False,False
354342113419,Frontier Developments Ltd.,Alexandra Business Park,Electricity Consumption,Electricity,kg CO2e,2026-01,2026,12582.6,1704,0,,Frontier Developments Ltd.,False,False,False
354342113419,Frontier Developments Ltd.,Raffles Place Centre,Electricity Consumption,Electricity,kg CO2e,2026-02,2026,455892.7056336,1704,0,,Frontier Developments Ltd.,False,False,False
354342113419,Frontier Developments Ltd.,Maldives Beach Resort,Electricity Consumption,Electricity,kg CO2e,2026-02,2026,0.0,1704,0,,Frontier Developments Ltd.,False,True,False
354342113419,Frontier Developments Ltd.,Alexandra Business Park,Electricity Consumption,Electricity,kg CO2e,2026-02,2026,7605.84,1704,0,,Frontier Developments Ltd.,False,False,False
354342113419,Frontier Developments Ltd.,Raffles Place Centre,Electricity Consumption,Electricity,kg CO2e,2026-03,2026,48133.486884,1704,0,,Frontier Developments Ltd.,False,False,False
354342113419,Frontier Developments Ltd.,Maldives Beach Resort,Electricity Consumption,Electricity,kg CO2e,2026-03,2026,0.0,1704,0,,Frontier Developments Ltd.,False,True,False
354342113419,Frontier Developments Ltd.,Alexandra Business Park,Electricity Consumption,Electricity,kg CO2e,2026-03,2026,6986.808642,1704,0,,Frontier Developments Ltd.,False,False,False
354342113419,Frontier Developments Ltd.,Maldives Beach Resort,Electricity Consumption,Electricity,kg CO2e,2026-04,2026,0.0,1704,0,,Frontier Developments Ltd.,False,True,False
354342113419,Frontier Developments Ltd.,Alexandra Business Park,Electricity Consumption,Electricity,kg CO2e,2026-04,2026,6986.808642,1704,0,,Frontier Developments Ltd.,False,False,False
354342113419,Frontier Developments Ltd.,Maldives Beach Resort,Electricity Consumption,Electricity,kg CO2e,2026-05,2026,0.0,1704,0,,Frontier Developments Ltd.,False,True,False
354342113419,Frontier Developments Ltd.,Alexandra Business Park,Electricity Consumption,Electricity,kg CO2e,2026-05,2026,6986.808642,1704,0,,Frontier Developments Ltd.,False,False,False
354342113419,Frontier Developments Ltd.,Maldives Beach Resort,Electricity Consumption,Electricity,kg CO2e,2026-06,2026,0.0,1704,0,,Frontier Developments Ltd.,False,True,False
354342113419,Frontier Developments Ltd.,Alexandra Business Park,Electricity Consumption,Electricity,kg CO2e,2026-06,2026,6986.808642,1704,0,,Frontier Developments Ltd.,False,False,False
354342113419,Frontier Developments Ltd.,Maldives Beach Resort,Electricity Consumption,Electricity,kg CO2e,2026-07,2026,0.0,1704,0,,Frontier Developments Ltd.,False,True,False
354342113419,Frontier Developments Ltd.,Alexandra Business Park,Electricity Consumption,Electricity,kg CO2e,2026-07,2026,6986.808642,1704,0,,Frontier Developments Ltd.,False,False,False
354342113419,Frontier Developments Ltd.,Maldives Beach Resort,Electricity Consumption,Electricity,kg CO2e,2026-08,2026,0.0,1704,0,,Frontier Developments Ltd.,False,True,False
354342113419,Frontier Developments Ltd.,Alexandra Business Park,Electricity Consumption,Electricity,kg CO2e,2026-08,2026,6986.808642,1704,0,,Frontier Developments Ltd.,False,False,False
354342113419,Frontier Developments Ltd.,Maldives Beach Resort,Electricity Consumption,Electricity,kg CO2e,2026-09,2026,0.0,1704,0,,Frontier Developments Ltd.,False,True,False
354342113419,Frontier Developments Ltd.,Alexandra Business Park,Electricity Consumption,Electricity,kg CO2e,2026-09,2026,6986.808642,1704,0,,Frontier Developments Ltd.,False,False,False
354342113419,Frontier Developments Ltd.,Maldives Beach Resort,Electricity Consumption,Electricity,kg CO2e,2026-10,2026,0.0,1704,0,,Frontier Developments Ltd.,False,True,False
354342113419,Frontier Developments Ltd.,Alexandra Business Park,Electricity Consumption,Electricity,kg CO2e,2026-10,2026,6986.808642,1704,0,,Frontier Developments Ltd.,False,False,False
354342113419,Frontier Developments Ltd.,Maldives Beach Resort,Electricity Consumption,Electricity,kg CO2e,2026-11,2026,0.0,1704,0,,Frontier Developments Ltd.,False,True,False
354342113419,Frontier Developments Ltd.,Alexandra Business Park,Electricity Consumption,Electricity,kg CO2e,2026-11,2026,6986.808642,1704,0,,Frontier Developments Ltd.,False,False,False
354342113419,Frontier Developments Ltd.,Maldives Beach Resort,Electricity Consumption,Electricity,kg CO2e,2026-12,2026,0.0,1704,0,,Frontier Developments Ltd.,False,True,False
354342113419,Frontier Developments Ltd.,Alexandra Business Park,Electricity Consumption,Electricity,kg CO2e,2026-12,2026,7364.64,1704,0,,Frontier Developments Ltd.,False,False,False
354342113419,Frontier Developments Ltd.,Maldives Beach Resort,Stationary Asset Combustion,Diesel,kg CO2e,2026-01,2026,26.55107142,1704,0,,Frontier Developments Ltd.,False,False,False
354342113419,Frontier Developments Ltd.,Maldives Beach Resort,Stationary Asset Combustion,Diesel,kg CO2e,2026-02,2026,0.0,1704,0,,Frontier Developments Ltd.,False,True,False
354342113419,Frontier Developments Ltd.,Maldives Beach Resort,Stationary Asset Combustion,Diesel,kg CO2e,2026-03,2026,0.0,1704,0,,Frontier Developments Ltd.,False,True,False
354342113419,Frontier Developments Ltd.,Maldives Beach Resort,Stationary Asset Combustion,Diesel,kg CO2e,2026-04,2026,0.0,1704,0,,Frontier Developments Ltd.,False,True,False
354342113419,Frontier Developments Ltd.,Maldives Beach Resort,Stationary Asset Combustion,Diesel,kg CO2e,2026-05,2026,0.0,1704,0,,Frontier Developments Ltd.,False,True,False
354342113419,Frontier Developments Ltd.,Maldives Beach Resort,Stationary Asset Combustion,Diesel,kg CO2e,2026-06,2026,0.0,1704,0,,Frontier Developments Ltd.,False,True,False
354342113419,Frontier Developments Ltd.,Maldives Beach Resort,Stationary Asset Combustion,Diesel,kg CO2e,2026-07,2026,0.0,1704,0,,Frontier Developments Ltd.,False,True,False
354342113419,Frontier Developments Ltd.,Maldives Beach Resort,Stationary Asset Combustion,Diesel,kg CO2e,2026-08,2026,0.0,1704,0,,Frontier Developments Ltd.,False,True,False
354342113419,Frontier Developments Ltd.,Maldives Beach Resort,Stationary Asset Combustion,Diesel,kg CO2e,2026-09,2026,0.0,1704,0,,Frontier Developments Ltd.,False,True,False
354342113419,Frontier Developments Ltd.,Maldives Beach Resort,Stationary Asset Combustion,Diesel,kg CO2e,2026-10,2026,0.0,1704,0,,Frontier Developments Ltd.,False,True,False
354342113419,Frontier Developments Ltd.,Maldives Beach Resort,Stationary Asset Combustion,Diesel,kg CO2e,2026-11,2026,0.0,1704,0,,Frontier Developments Ltd.,False,True,False
354342113419,Frontier Developments Ltd.,Maldives Beach Resort,Stationary Asset Combustion,Diesel,kg CO2e,2026-12,2026,0.0,1704,0,,Frontier Developments Ltd.,False,True,False
354342113419,Frontier Developments Ltd.,Maldives Beach Resort,Water,Newater,kg CO2e,2026-01,2026,56.0538,1704,0,,Frontier Developments Ltd.,False,False,False
354342113419,Frontier Developments Ltd.,Maldives Beach Resort,Water,Newater,kg CO2e,2026-02,2026,0.0,1704,0,,Frontier Developments Ltd.,False,True,False
354342113419,Frontier Developments Ltd.,Maldives Beach Resort,Water,Newater,kg CO2e,2026-03,2026,0.0,1704,0,,Frontier Developments Ltd.,False,True,False
354342113419,Frontier Developments Ltd.,Maldives Beach Resort,Water,Newater,kg CO2e,2026-04,2026,0.0,1704,0,,Frontier Developments Ltd.,False,True,False
354342113419,Frontier Developments Ltd.,Maldives Beach Resort,Water,Newater,kg CO2e,2026-05,2026,0.0,1704,0,,Frontier Developments Ltd.,False,True,False
354342113419,Frontier Developments Ltd.,Maldives Beach Resort,Water,Newater,kg CO2e,2026-06,2026,0.0,1704,0,,Frontier Developments Ltd.,False,True,False
354342113419,Frontier Developments Ltd.,Maldives Beach Resort,Water,Newater,kg CO2e,2026-07,2026,0.0,1704,0,,Frontier Developments Ltd.,False,True,False
354342113419,Frontier Developments Ltd.,Maldives Beach Resort,Water,Newater,kg CO2e,2026-08,2026,0.0,1704,0,,Frontier Developments Ltd.,False,True,False
354342113419,Frontier Developments Ltd.,Maldives Beach Resort,Water,Newater,kg CO2e,2026-09,2026,0.0,1704,0,,Frontier Developments Ltd.,False,True,False
354342113419,Frontier Developments Ltd.,Maldives Beach Resort,Water,Newater,kg CO2e,2026-10,2026,0.0,1704,0,,Frontier Developments Ltd.,False,True,False
354342113419,Frontier Developments Ltd.,Maldives Beach Resort,Water,Newater,kg CO2e,2026-11,2026,0.0,1704,0,,Frontier Developments Ltd.,False,True,False
354342113419,Frontier Developments Ltd.,Maldives Beach Resort,Water,Newater,kg CO2e,2026-12,2026,0.0,1704,0,,Frontier Developments Ltd.,False,True,False
354342113419,Frontier Developments Ltd.,Alexandra Business Park,Water,Potable water,kg CO2e,2026-01,2026,277.38138,1704,0,,Frontier Developments Ltd.,False,False,False
354342113419,Frontier Developments Ltd.,Alexandra Business Park,Water,Potable water,kg CO2e,2026-02,2026,277.38138,1704,0,,Frontier Developments Ltd.,False,False,False
354342113419,Frontier Developments Ltd.,Alexandra Business Park,Water,Potable water,kg CO2e,2026-03,2026,277.38138,1704,0,,Frontier Developments Ltd.,False,False,False
354342113419,Frontier Developments Ltd.,Alexandra Business Park,Water,Potable water,kg CO2e,2026-04,2026,277.38138,1704,0,,Frontier Developments Ltd.,False,False,False
354342113419,Frontier Developments Ltd.,Alexandra Business Park,Water,Potable water,kg CO2e,2026-05,2026,277.38138,1704,0,,Frontier Developments Ltd.,False,False,False
354342113419,Frontier Developments Ltd.,Alexandra Business Park,Water,Potable water,kg CO2e,2026-06,2026,277.38138,1704,0,,Frontier Developments Ltd.,False,False,False
354342113419,Frontier Developments Ltd.,Alexandra Business Park,Water,Potable water,kg CO2e,2026-07,2026,277.38138,1704,0,,Frontier Developments Ltd.,False,False,False
354342113419,Frontier Developments Ltd.,Alexandra Business Park,Water,Potable water,kg CO2e,2026-08,2026,277.38138,1704,0,,Frontier Developments Ltd.,False,False,False
354342113419,Frontier Developments Ltd.,Alexandra Business Park,Water,Potable water,kg CO2e,2026-09,2026,277.38138,1704,0,,Frontier Developments Ltd.,False,False,False
354342113419,Frontier Developments Ltd.,Alexandra Business Park,Water,Potable water,kg CO2e,2026-10,2026,277.38138,1704,0,,Frontier Developments Ltd.,False,False,False
354342113419,Frontier Developments Ltd.,Alexandra Business Park,Water,Potable water,kg CO2e,2026-11,2026,277.38138,1704,0,,Frontier Developments Ltd.,False,False,False
354342113419,Frontier Developments Ltd.,Alexandra Business Park,Water,Potable water,kg CO2e,2026-12,2026,277.38138,1704,0,,Frontier Developments Ltd.,False,False,False
214832269481,Crestline Real Estate Pte. Ltd.,Riverside Walk Mall,Electricity Consumption,Electricity,kg CO2e,2025-01,2025,1062224.42262,1705,1,Frontier Developments Ltd.,Frontier Developments Ltd.,False,False,False
214832269481,Crestline Real Estate Pte. Ltd.,Tanjong Pagar Plaza,Electricity Consumption,Electricity,kg CO2e,2025-01,2025,315788.49102,1705,1,Frontier Developments Ltd.,Frontier Developments Ltd.,False,False,False
763595448017,Apex Holdings Pte. Ltd.,Dempsey Hill Estate,Electricity Consumption,Electricity,kg CO2e,2025-01,2025,699228.98387243,1721,2,Crestline Real Estate Pte. Ltd.,Frontier Developments Ltd.,False,False,False
354342113419,Frontier Developments Ltd.,Maldives Beach Resort,Electricity Consumption,Electricity,kg CO2e,2025-01,2025,8640.588,1704,0,,Frontier Developments Ltd.,False,False,False
223005401501,Delta Asset Management Ltd.,Melbourne Central Tower,Electricity Consumption,Electricity,kg CO2e,2025-01,2025,1225.296,1719,2,Kestrel Properties Pte. Ltd.,Frontier Developments Ltd.,False,False,False
223005401501,Delta Asset Management Ltd.,Sydney Harbour Suites,Electricity Consumption,Electricity,kg CO2e,2025-01,2025,1225.296,1719,2,Kestrel Properties Pte. Ltd.,Frontier Developments Ltd.,False,False,False
354342113419,Frontier Developments Ltd.,Alexandra Business Park,Electricity Consumption,Electricity,kg CO2e,2025-01,2025,2910.48,1704,0,,Frontier Developments Ltd.,False,False,False
354342113419,Frontier Developments Ltd.,Orchard Grand Residences,Electricity Consumption,Electricity,kg CO2e,2025-01,2025,215.472,1704,0,,Frontier Developments Ltd.,False,False,False
354342113419,Frontier Developments Ltd.,Sentosa Cove Villas,Electricity Consumption,Electricity,kg CO2e,2025-01,2025,141539.96292,1704,0,,Frontier Developments Ltd.,False,False,False
214832269481,Crestline Real Estate Pte. Ltd.,City Plaza Commercial,Electricity Consumption,Electricity,kg CO2e,2025-01,2025,314125.8552,1705,1,Frontier Developments Ltd.,Frontier Developments Ltd.,False,False,False
354342113419,Frontier Developments Ltd.,Jurong Lake District Tower,Electricity Consumption,Electricity,kg CO2e,2025-01,2025,52.662,1704,0,,Frontier Developments Ltd.,False,False,False
214832269481,Crestline Real Estate Pte. Ltd.,City Plaza Commercial,Electricity Consumption,Electricity,kg CO2e,2025-02,2025,298035.97002,1705,1,Frontier Developments Ltd.,Frontier Developments Ltd.,False,False,False
763595448017,Apex Holdings Pte. Ltd.,Dempsey Hill Estate,Electricity Consumption,Electricity,kg CO2e,2025-02,2025,612008.77874284,1721,2,Crestline Real Estate Pte. Ltd.,Frontier Developments Ltd.,False,False,False
214832269481,Crestline Real Estate Pte. Ltd.,Tanjong Pagar Plaza,Electricity Consumption,Electricity,kg CO2e,2025-02,2025,302130.84654,1705,1,Frontier Developments Ltd.,Frontier Developments Ltd.,False,False,False
354342113419,Frontier Developments Ltd.,Jurong Lake District Tower,Electricity Consumption,Electricity,kg CO2e,2025-02,2025,101.706,1704,0,,Frontier Developments Ltd.,False,False,False
354342113419,Frontier Developments Ltd.,Sentosa Cove Villas,Electricity Consumption,Electricity,kg CO2e,2025-02,2025,138020.47704,1704,0,,Frontier Developments Ltd.,False,False,False
223005401501,Delta Asset Management Ltd.,Melbourne Central Tower,Electricity Consumption,Electricity,kg CO2e,2025-02,2025,71.154,1719,2,Kestrel Properties Pte. Ltd.,Frontier Developments Ltd.,False,False,False
214832269481,Crestline Real Estate Pte. Ltd.,Riverside Walk Mall,Electricity Consumption,Electricity,kg CO2e,2025-02,2025,993676.43184,1705,1,Frontier Developments Ltd.,Frontier Developments Ltd.,False,False,False
354342113419,Frontier Developments Ltd.,Alexandra Business Park,Electricity Consumption,Electricity,kg CO2e,2025-02,2025,23582.928,1704,0,,Frontier Developments Ltd.,False,False,False
354342113419,Frontier Developments Ltd.,Maldives Beach Resort,Electricity Consumption,Electricity,kg CO2e,2025-02,2025,13491.12,1704,0,,Frontier Developments Ltd.,False,False,False
354342113419,Frontier Developments Ltd.,Orchard Grand Residences,Electricity Consumption,Electricity,kg CO2e,2025-02,2025,182.106,1704,0,,Frontier Developments Ltd.,False,False,False
223005401501,Delta Asset Management Ltd.,Sydney Harbour Suites,Electricity Consumption,Electricity,kg CO2e,2025-02,2025,71.154,1719,2,Kestrel Properties Pte. Ltd.,Frontier Developments Ltd.,False,False,False
354342113419,Frontier Developments Ltd.,Alexandra Business Park,Electricity Consumption,Electricity,kg CO2e,2025-03,2025,20975.06556,1704,0,,Frontier Developments Ltd.,False,False,False
214832269481,Crestline Real Estate Pte. Ltd.,Riverside Walk Mall,Electricity Consumption,Electricity,kg CO2e,2025-03,2025,1097051.82126,1705,1,Frontier Developments Ltd.,Frontier Developments Ltd.,False,False,False
763595448017,Apex Holdings Pte. Ltd.,Dempsey Hill Estate,Electricity Consumption,Electricity,kg CO2e,2025-03,2025,691263.92024713,1721,2,Crestline Real Estate Pte. Ltd.,Frontier Developments Ltd.,False,False,False
354342113419,Frontier Developments Ltd.,Maldives Beach Resort,Electricity Consumption,Electricity,kg CO2e,2025-03,2025,13135.752,1704,0,,Frontier Developments Ltd.,False,False,False
354342113419,Frontier Developments Ltd.,Orchard Grand Residences,Electricity Consumption,Electricity,kg CO2e,2025-03,2025,188.136,1704,0,,Frontier Developments Ltd.,False,False,False
214832269481,Crestline Real Estate Pte. Ltd.,City Plaza Commercial,Electricity Consumption,Electricity,kg CO2e,2025-03,2025,317937.57498,1705,1,Frontier Developments Ltd.,Frontier Developments Ltd.,False,False,False
214832269481,Crestline Real Estate Pte. Ltd.,Tanjong Pagar Plaza,Electricity Consumption,Electricity,kg CO2e,2025-03,2025,325683.62856,1705,1,Frontier Developments Ltd.,Frontier Developments Ltd.,False,False,False
354342113419,Frontier Developments Ltd.,Jurong Lake District Tower,Electricity Consumption,Electricity,kg CO2e,2025-03,2025,48.24,1704,0,,Frontier Developments Ltd.,False,False,False
223005401501,Delta Asset Management Ltd.,Sydney Harbour Suites,Electricity Consumption,Electricity,kg CO2e,2025-03,2025,328.635,1719,2,Kestrel Properties Pte. Ltd.,Frontier Developments Ltd.,False,False,False
354342113419,Frontier Developments Ltd.,Sentosa Cove Villas,Electricity Consumption,Electricity,kg CO2e,2025-03,2025,159743.63646,1704,0,,Frontier Developments Ltd.,False,False,False
223005401501,Delta Asset Management Ltd.,Melbourne Central Tower,Electricity Consumption,Electricity,kg CO2e,2025-03,2025,328.635,1719,2,Kestrel Properties Pte. Ltd.,Frontier Developments Ltd.,False,False,False
223005401501,Delta Asset Management Ltd.,Melbourne Central Tower,Electricity Consumption,Electricity,kg CO2e,2025-04,2025,1029.522,1719,2,Kestrel Properties Pte. Ltd.,Frontier Developments Ltd.,False,False,False
214832269481,Crestline Real Estate Pte. Ltd.,Riverside Walk Mall,Electricity Consumption,Electricity,kg CO2e,2025-04,2025,1093844.3316,1705,1,Frontier Developments Ltd.,Frontier Developments Ltd.,False,False,False
214832269481,Crestline Real Estate Pte. Ltd.,City Plaza Commercial,Electricity Consumption,Electricity,kg CO2e,2025-04,2025,314472.74502,1705,1,Frontier Developments Ltd.,Frontier Developments Ltd.,False,False,False
223005401501,Delta Asset Management Ltd.,Sydney Harbour Suites,Electricity Consumption,Electricity,kg CO2e,2025-04,2025,1029.522,1719,2,Kestrel Properties Pte. Ltd.,Frontier Developments Ltd.,False,False,False
354342113419,Frontier Developments Ltd.,Orchard Grand Residences,Electricity Consumption,Electricity,kg CO2e,2025-04,2025,195.774,1704,0,,Frontier Developments Ltd.,False,False,False
354342113419,Frontier Developments Ltd.,Jurong Lake District Tower,Electricity Consumption,Electricity,kg CO2e,2025-04,2025,89.244,1704,0,,Frontier Developments Ltd.,False,False,False
763595448017,Apex Holdings Pte. Ltd.,Dempsey Hill Estate,Electricity Consumption,Electricity,kg CO2e,2025-04,2025,728955.57286349,1721,2,Crestline Real Estate Pte. Ltd.,Frontier Developments Ltd.,False,False,False
354342113419,Frontier Developments Ltd.,Sentosa Cove Villas,Electricity Consumption,Electricity,kg CO2e,2025-04,2025,159781.75008,1704,0,,Frontier Developments Ltd.,False,False,False
354342113419,Frontier Developments Ltd.,Alexandra Business Park,Electricity Consumption,Electricity,kg CO2e,2025-04,2025,5631.216,1704,0,,Frontier Developments Ltd.,False,False,False
354342113419,Frontier Developments Ltd.,Maldives Beach Resort,Electricity Consumption,Electricity,kg CO2e,2025-04,2025,4819.578,1704,0,,Frontier Developments Ltd.,False,False,False
214832269481,Crestline Real Estate Pte. Ltd.,Tanjong Pagar Plaza,Electricity Consumption,Electricity,kg CO2e,2025-04,2025,332636.68488,1705,1,Frontier Developments Ltd.,Frontier Developments Ltd.,False,False,False
354342113419,Frontier Developments Ltd.,Sentosa Cove Villas,Electricity Consumption,Electricity,kg CO2e,2025-05,2025,166513.3647,1704,0,,Frontier Developments Ltd.,False,False,False
214832269481,Crestline Real Estate Pte. Ltd.,Tanjong Pagar Plaza,Electricity Consumption,Electricity,kg CO2e,2025-05,2025,341238.6648,1705,1,Frontier Developments Ltd.,Frontier Developments Ltd.,False,False,False
223005401501,Delta Asset Management Ltd.,Sydney Harbour Suites,Electricity Consumption,Electricity,kg CO2e,2025-05,2025,541.494,1719,2,Kestrel Properties Pte. Ltd.,Frontier Developments Ltd.,False,False,False
354342113419,Frontier Developments Ltd.,Alexandra Business Park,Electricity Consumption,Electricity,kg CO2e,2025-05,2025,13744.12272,1704,0,,Frontier Developments Ltd.,False,False,False
214832269481,Crestline Real Estate Pte. Ltd.,Riverside Walk Mall,Electricity Consumption,Electricity,kg CO2e,2025-05,2025,1171027.37484,1705,1,Frontier Developments Ltd.,Frontier Developments Ltd.,False,False,False
763595448017,Apex Holdings Pte. Ltd.,Dempsey Hill Estate,Electricity Consumption,Electricity,kg CO2e,2025-05,2025,769979.55532794,1721,2,Crestline Real Estate Pte. Ltd.,Frontier Developments Ltd.,False,False,False
214832269481,Crestline Real Estate Pte. Ltd.,City Plaza Commercial,Electricity Consumption,Electricity,kg CO2e,2025-05,2025,316142.63694,1705,1,Frontier Developments Ltd.,Frontier Developments Ltd.,False,False,False
354342113419,Frontier Developments Ltd.,Jurong Lake District Tower,Electricity Consumption,Electricity,kg CO2e,2025-05,2025,85.626,1704,0,,Frontier Developments Ltd.,False,False,False
354342113419,Frontier Developments Ltd.,Maldives Beach Resort,Electricity Consumption,Electricity,kg CO2e,2025-05,2025,10804.956,1704,0,,Frontier Developments Ltd.,False,False,False
223005401501,Delta Asset Management Ltd.,Melbourne Central Tower,Electricity Consumption,Electricity,kg CO2e,2025-05,2025,541.494,1719,2,Kestrel Properties Pte. Ltd.,Frontier Developments Ltd.,False,False,False
354342113419,Frontier Developments Ltd.,Orchard Grand Residences,Electricity Consumption,Electricity,kg CO2e,2025-05,2025,208.236,1704,0,,Frontier Developments Ltd.,False,False,False
214832269481,Crestline Real Estate Pte. Ltd.,Riverside Walk Mall,Electricity Consumption,Electricity,kg CO2e,2025-06,2025,1129972.152,1705,1,Frontier Developments Ltd.,Frontier Developments Ltd.,False,False,False
763595448017,Apex Holdings Pte. Ltd.,Dempsey Hill Estate,Electricity Consumption,Electricity,kg CO2e,2025-06,2025,756326.38878628,1721,2,Crestline Real Estate Pte. Ltd.,Frontier Developments Ltd.,False,False,False
354342113419,Frontier Developments Ltd.,Alexandra Business Park,Electricity Consumption,Electricity,kg CO2e,2025-06,2025,11524.17018,1704,0,,Frontier Developments Ltd.,False,False,False
354342113419,Frontier Developments Ltd.,Jurong Lake District Tower,Electricity Consumption,Electricity,kg CO2e,2025-06,2025,99.294,1704,0,,Frontier Developments Ltd.,False,False,False
214832269481,Crestline Real Estate Pte. Ltd.,City Plaza Commercial,Electricity Consumption,Electricity,kg CO2e,2025-06,2025,309354.15138,1705,1,Frontier Developments Ltd.,Frontier Developments Ltd.,False,False,False
214832269481,Crestline Real Estate Pte. Ltd.,Tanjong Pagar Plaza,Electricity Consumption,Electricity,kg CO2e,2025-06,2025,336603.29124,1705,1,Frontier Developments Ltd.,Frontier Developments Ltd.,False,False,False
354342113419,Frontier Developments Ltd.,Orchard Grand Residences,Electricity Consumption,Electricity,kg CO2e,2025-06,2025,298.686,1704,0,,Frontier Developments Ltd.,False,False,False
354342113419,Frontier Developments Ltd.,Maldives Beach Resort,Electricity Consumption,Electricity,kg CO2e,2025-06,2025,8875.758,1704,0,,Frontier Developments Ltd.,False,False,False
354342113419,Frontier Developments Ltd.,Sentosa Cove Villas,Electricity Consumption,Electricity,kg CO2e,2025-06,2025,160594.9197,1704,0,,Frontier Developments Ltd.,False,False,False
354342113419,Frontier Developments Ltd.,Jurong Lake District Tower,Electricity Consumption,Electricity,kg CO2e,2025-07,2025,48.24,1704,0,,Frontier Developments Ltd.,False,False,False
354342113419,Frontier Developments Ltd.,Sentosa Cove Villas,Electricity Consumption,Electricity,kg CO2e,2025-07,2025,169758.771,1704,0,,Frontier Developments Ltd.,False,False,False
214832269481,Crestline Real Estate Pte. Ltd.,Riverside Walk Mall,Electricity Consumption,Electricity,kg CO2e,2025-07,2025,1196861.54304,1705,1,Frontier Developments Ltd.,Frontier Developments Ltd.,False,False,False
354342113419,Frontier Developments Ltd.,Orchard Grand Residences,Electricity Consumption,Electricity,kg CO2e,2025-07,2025,216.678,1704,0,,Frontier Developments Ltd.,False,False,False
763595448017,Apex Holdings Pte. Ltd.,Dempsey Hill Estate,Electricity Consumption,Electricity,kg CO2e,2025-07,2025,732755.76153566,1721,2,Crestline Real Estate Pte. Ltd.,Frontier Developments Ltd.,False,False,False
354342113419,Frontier Developments Ltd.,Maldives Beach Resort,Electricity Consumption,Electricity,kg CO2e,2025-07,2025,9679.356,1704,0,,Frontier Developments Ltd.,False,False,False
354342113419,Frontier Developments Ltd.,Alexandra Business Park,Electricity Consumption,Electricity,kg CO2e,2025-07,2025,12869.10942,1704,0,,Frontier Developments Ltd.,False,False,False
214832269481,Crestline Real Estate Pte. Ltd.,City Plaza Commercial,Electricity Consumption,Electricity,kg CO2e,2025-07,2025,330655.39974,1705,1,Frontier Developments Ltd.,Frontier Developments Ltd.,False,False,False
223005401501,Delta Asset Management Ltd.,Sydney Harbour Suites,Electricity Consumption,Electricity,kg CO2e,2025-07,2025,68.139,1719,2,Kestrel Properties Pte. Ltd.,Frontier Developments Ltd.,False,False,False
214832269481,Crestline Real Estate Pte. Ltd.,Tanjong Pagar Plaza,Electricity Consumption,Electricity,kg CO2e,2025-07,2025,359252.55816,1705,1,Frontier Developments Ltd.,Frontier Developments Ltd.,False,False,False
223005401501,Delta Asset Management Ltd.,Melbourne Central Tower,Electricity Consumption,Electricity,kg CO2e,2025-07,2025,68.139,1719,2,Kestrel Properties Pte. Ltd.,Frontier Developments Ltd.,False,False,False
354342113419,Frontier Developments Ltd.,Sentosa Cove Villas,Electricity Consumption,Electricity,kg CO2e,2025-08,2025,174084.16236,1704,0,,Frontier Developments Ltd.,False,False,False
214832269481,Crestline Real Estate Pte. Ltd.,Tanjong Pagar Plaza,Electricity Consumption,Electricity,kg CO2e,2025-08,2025,335791.73766,1705,1,Frontier Developments Ltd.,Frontier Developments Ltd.,False,False,False
354342113419,Frontier Developments Ltd.,Orchard Grand Residences,Electricity Consumption,Electricity,kg CO2e,2025-08,2025,223.914,1704,0,,Frontier Developments Ltd.,False,False,False
354342113419,Frontier Developments Ltd.,Alexandra Business Park,Electricity Consumption,Electricity,kg CO2e,2025-08,2025,12563.17536,1704,0,,Frontier Developments Ltd.,False,False,False
354342113419,Frontier Developments Ltd.,Jurong Lake District Tower,Electricity Consumption,Electricity,kg CO2e,2025-08,2025,49.446,1704,0,,Frontier Developments Ltd.,False,False,False
223005401501,Delta Asset Management Ltd.,Melbourne Central Tower,Electricity Consumption,Electricity,kg CO2e,2025-08,2025,339.69,1719,2,Kestrel Properties Pte. Ltd.,Frontier Developments Ltd.,False,False,False
214832269481,Crestline Real Estate Pte. Ltd.,City Plaza Commercial,Electricity Consumption,Electricity,kg CO2e,2025-08,2025,321511.31076,1705,1,Frontier Developments Ltd.,Frontier Developments Ltd.,False,False,False
763595448017,Apex Holdings Pte. Ltd.,Dempsey Hill Estate,Electricity Consumption,Electricity,kg CO2e,2025-08,2025,717307.10615304,1721,2,Crestline Real Estate Pte. Ltd.,Frontier Developments Ltd.,False,False,False
223005401501,Delta Asset Management Ltd.,Sydney Harbour Suites,Electricity Consumption,Electricity,kg CO2e,2025-08,2025,339.69,1719,2,Kestrel Properties Pte. Ltd.,Frontier Developments Ltd.,False,False,False
354342113419,Frontier Developments Ltd.,Maldives Beach Resort,Electricity Consumption,Electricity,kg CO2e,2025-08,2025,9717.144,1704,0,,Frontier Developments Ltd.,False,False,False
214832269481,Crestline Real Estate Pte. Ltd.,Riverside Walk Mall,Electricity Consumption,Electricity,kg CO2e,2025-08,2025,1158055.43784,1705,1,Frontier Developments Ltd.,Frontier Developments Ltd.,False,False,False
214832269481,Crestline Real Estate Pte. Ltd.,Riverside Walk Mall,Electricity Consumption,Electricity,kg CO2e,2025-09,2025,1119797.8938,1705,1,Frontier Developments Ltd.,Frontier Developments Ltd.,False,False,False
354342113419,Frontier Developments Ltd.,Alexandra Business Park,Electricity Consumption,Electricity,kg CO2e,2025-09,2025,12594.74442,1704,0,,Frontier Developments Ltd.,False,False,False
354342113419,Frontier Developments Ltd.,Sentosa Cove Villas,Electricity Consumption,Electricity,kg CO2e,2025-09,2025,170020.14738,1704,0,,Frontier Developments Ltd.,False,False,False
354342113419,Frontier Developments Ltd.,Jurong Lake District Tower,Electricity Consumption,Electricity,kg CO2e,2025-09,2025,47.436,1704,0,,Frontier Developments Ltd.,False,False,False
214832269481,Crestline Real Estate Pte. Ltd.,City Plaza Commercial,Electricity Consumption,Electricity,kg CO2e,2025-09,2025,319506.62922,1705,1,Frontier Developments Ltd.,Frontier Developments Ltd.,False,False,False
354342113419,Frontier Developments Ltd.,Maldives Beach Resort,Electricity Consumption,Electricity,kg CO2e,2025-09,2025,8653.452,1704,0,,Frontier Developments Ltd.,False,False,False
763595448017,Apex Holdings Pte. Ltd.,Dempsey Hill Estate,Electricity Consumption,Electricity,kg CO2e,2025-09,2025,663003.95761579,1721,2,Crestline Real Estate Pte. Ltd.,Frontier Developments Ltd.,False,False,False
214832269481,Crestline Real Estate Pte. Ltd.,Tanjong Pagar Plaza,Electricity Consumption,Electricity,kg CO2e,2025-09,2025,307915.78332,1705,1,Frontier Developments Ltd.,Frontier Developments Ltd.,False,False,False
354342113419,Frontier Developments Ltd.,Orchard Grand Residences,Electricity Consumption,Electricity,kg CO2e,2025-09,2025,215.472,1704,0,,Frontier Developments Ltd.,False,False,False
223005401501,Delta Asset Management Ltd.,Sydney Harbour Suites,Electricity Consumption,Electricity,kg CO2e,2025-10,2025,321.6,1719,2,Kestrel Properties Pte. Ltd.,Frontier Developments Ltd.,False,False,False
354342113419,Frontier Developments Ltd.,Maldives Beach Resort,Electricity Consumption,Electricity,kg CO2e,2025-10,2025,5900.154,1704,0,,Frontier Developments Ltd.,False,False,False
214832269481,Crestline Real Estate Pte. Ltd.,Tanjong Pagar Plaza,Electricity Consumption,Electricity,kg CO2e,2025-10,2025,308504.68116,1705,1,Frontier Developments Ltd.,Frontier Developments Ltd.,False,False,False
354342113419,Frontier Developments Ltd.,Alexandra Business Park,Electricity Consumption,Electricity,kg CO2e,2025-10,2025,11906.68524,1704,0,,Frontier Developments Ltd.,False,False,False
763595448017,Apex Holdings Pte. Ltd.,Dempsey Hill Estate,Electricity Consumption,Electricity,kg CO2e,2025-10,2025,731665.2850728,1721,2,Crestline Real Estate Pte. Ltd.,Frontier Developments Ltd.,False,False,False
354342113419,Frontier Developments Ltd.,Orchard Grand Residences,Electricity Consumption,Electricity,kg CO2e,2025-10,2025,205.02,1704,0,,Frontier Developments Ltd.,False,False,False
354342113419,Frontier Developments Ltd.,Jurong Lake District Tower,Electricity Consumption,Electricity,kg CO2e,2025-10,2025,45.024,1704,0,,Frontier Developments Ltd.,False,False,False
354342113419,Frontier Developments Ltd.,Sentosa Cove Villas,Electricity Consumption,Electricity,kg CO2e,2025-10,2025,177650.23602,1704,0,,Frontier Developments Ltd.,False,False,False
214832269481,Crestline Real Estate Pte. Ltd.,City Plaza Commercial,Electricity Consumption,Electricity,kg CO2e,2025-10,2025,326968.72206,1705,1,Frontier Developments Ltd.,Frontier Developments Ltd.,False,False,False
214832269481,Crestline Real Estate Pte. Ltd.,Riverside Walk Mall,Electricity Consumption,Electricity,kg CO2e,2025-10,2025,1172982.84756,1705,1,Frontier Developments Ltd.,Frontier Developments Ltd.,False,False,False
223005401501,Delta Asset Management Ltd.,Melbourne Central Tower,Electricity Consumption,Electricity,kg CO2e,2025-10,2025,321.6,1719,2,Kestrel Properties Pte. Ltd.,Frontier Developments Ltd.,False,False,False
223005401501,Delta Asset Management Ltd.,Melbourne Central Tower,Electricity Consumption,Electricity,kg CO2e,2025-11,2025,822.894,1719,2,Kestrel Properties Pte. Ltd.,Frontier Developments Ltd.,False,False,False
354342113419,Frontier Developments Ltd.,Maldives Beach Resort,Electricity Consumption,Electricity,kg CO2e,2025-11,2025,5831.412,1704,0,,Frontier Developments Ltd.,False,False,False
354342113419,Frontier Developments Ltd.,Alexandra Business Park,Electricity Consumption,Electricity,kg CO2e,2025-11,2025,12237.21366,1704,0,,Frontier Developments Ltd.,False,False,False
763595448017,Apex Holdings Pte. Ltd.,Dempsey Hill Estate,Electricity Consumption,Electricity,kg CO2e,2025-11,2025,689229.12842417,1721,2,Crestline Real Estate Pte. Ltd.,Frontier Developments Ltd.,False,False,False
214832269481,Crestline Real Estate Pte. Ltd.,Riverside Walk Mall,Electricity Consumption,Electricity,kg CO2e,2025-11,2025,1111598.46462,1705,1,Frontier Developments Ltd.,Frontier Developments Ltd.,False,False,False
354342113419,Frontier Developments Ltd.,Sentosa Cove Villas,Electricity Consumption,Electricity,kg CO2e,2025-11,2025,169678.90566,1704,0,,Frontier Developments Ltd.,False,False,False
223005401501,Delta Asset Management Ltd.,Sydney Harbour Suites,Electricity Consumption,Electricity,kg CO2e,2025-11,2025,822.894,1719,2,Kestrel Properties Pte. Ltd.,Frontier Developments Ltd.,False,False,False
214832269481,Crestline Real Estate Pte. Ltd.,City Plaza Commercial,Electricity Consumption,Electricity,kg CO2e,2025-11,2025,308329.62624,1705,1,Frontier Developments Ltd.,Frontier Developments Ltd.,False,False,False
214832269481,Crestline Real Estate Pte. Ltd.,Tanjong Pagar Plaza,Electricity Consumption,Electricity,kg CO2e,2025-11,2025,288101.30382,1705,1,Frontier Developments Ltd.,Frontier Developments Ltd.,False,False,False
354342113419,Frontier Developments Ltd.,Jurong Lake District Tower,Electricity Consumption,Electricity,kg CO2e,2025-11,2025,50.25,1704,0,,Frontier Developments Ltd.,False,False,False
354342113419,Frontier Developments Ltd.,Orchard Grand Residences,Electricity Consumption,Electricity,kg CO2e,2025-11,2025,238.788,1704,0,,Frontier Developments Ltd.,False,False,False
763595448017,Apex Holdings Pte. Ltd.,Dempsey Hill Estate,Electricity Consumption,Electricity,kg CO2e,2025-12,2025,684014.61613984,1721,2,Crestline Real Estate Pte. Ltd.,Frontier Developments Ltd.,False,False,False
354342113419,Frontier Developments Ltd.,Jurong Lake District Tower,Electricity Consumption,Electricity,kg CO2e,2025-12,2025,43.014,1704,0,,Frontier Developments Ltd.,False,False,False
354342113419,Frontier Developments Ltd.,Maldives Beach Resort,Electricity Consumption,Electricity,kg CO2e,2025-12,2025,3402.93,1704,0,,Frontier Developments Ltd.,False,False,False
214832269481,Crestline Real Estate Pte. Ltd.,City Plaza Commercial,Electricity Consumption,Electricity,kg CO2e,2025-12,2025,312484.19574,1705,1,Frontier Developments Ltd.,Frontier Developments Ltd.,False,False,False
223005401501,Delta Asset Management Ltd.,Sydney Harbour Suites,Electricity Consumption,Electricity,kg CO2e,2025-12,2025,571.443,1719,2,Kestrel Properties Pte. Ltd.,Frontier Developments Ltd.,False,False,False
214832269481,Crestline Real Estate Pte. Ltd.,Riverside Walk Mall,Electricity Consumption,Electricity,kg CO2e,2025-12,2025,1072079.22348,1705,1,Frontier Developments Ltd.,Frontier Developments Ltd.,False,False,False
354342113419,Frontier Developments Ltd.,Alexandra Business Park,Electricity Consumption,Electricity,kg CO2e,2025-12,2025,4369.74,1704,0,,Frontier Developments Ltd.,False,False,False
214832269481,Crestline Real Estate Pte. Ltd.,Tanjong Pagar Plaza,Electricity Consumption,Electricity,kg CO2e,2025-12,2025,308504.68116,1705,1,Frontier Developments Ltd.,Frontier Developments Ltd.,False,False,False
223005401501,Delta Asset Management Ltd.,Melbourne Central Tower,Electricity Consumption,Electricity,kg CO2e,2025-12,2025,571.443,1719,2,Kestrel Properties Pte. Ltd.,Frontier Developments Ltd.,False,False,False
354342113419,Frontier Developments Ltd.,Alexandra Business Park,Stationary Asset Combustion,Diesel,kg CO2e,2025-12,2025,0.0,1704,0,,Frontier Developments Ltd.,False,True,False
214832269481,Crestline Real Estate Pte. Ltd.,Tanjong Pagar Plaza,Stationary Asset Combustion,Diesel,kg CO2e,2025-12,2025,658.46657142,1705,1,Frontier Developments Ltd.,Frontier Developments Ltd.,False,False,False
354342113419,Frontier Developments Ltd.,Sentosa Cove Villas,Stationary Asset Combustion,Diesel,kg CO2e,2025-12,2025,796.53214285,1704,0,,Frontier Developments Ltd.,False,False,False
214832269481,Crestline Real Estate Pte. Ltd.,City Plaza Commercial,Stationary Asset Combustion,Diesel,kg CO2e,2025-12,2025,1439.06807142,1705,1,Frontier Developments Ltd.,Frontier Developments Ltd.,False,False,False
214832269481,Crestline Real Estate Pte. Ltd.,Riverside Walk Mall,Stationary Asset Combustion,Diesel,kg CO2e,2025-12,2025,438.09267857,1705,1,Frontier Developments Ltd.,Frontier Developments Ltd.,False,False,False
763595448017,Apex Holdings Pte. Ltd.,Dempsey Hill Estate,Stationary Asset Combustion,Diesel 100 mineral diesel,kg CO2e,2025-01,2025,1245363.19895,1721,2,Crestline Real Estate Pte. Ltd.,Frontier Developments Ltd.,False,False,False
763595448017,Apex Holdings Pte. Ltd.,Dempsey Hill Estate,Stationary Asset Combustion,Diesel 100 mineral diesel,kg CO2e,2025-02,2025,1302416.18475,1721,2,Crestline Real Estate Pte. Ltd.,Frontier Developments Ltd.,False,False,False
763595448017,Apex Holdings Pte. Ltd.,Dempsey Hill Estate,Stationary Asset Combustion,Diesel 100 mineral diesel,kg CO2e,2025-03,2025,1355814.8624,1721,2,Crestline Real Estate Pte. Ltd.,Frontier Developments Ltd.,False,False,False
763595448017,Apex Holdings Pte. Ltd.,Dempsey Hill Estate,Stationary Asset Combustion,Diesel 100 mineral diesel,kg CO2e,2025-04,2025,1420072.66405,1721,2,Crestline Real Estate Pte. Ltd.,Frontier Developments Ltd.,False,False,False
763595448017,Apex Holdings Pte. Ltd.,Dempsey Hill Estate,Stationary Asset Combustion,Diesel 100 mineral diesel,kg CO2e,2025-05,2025,1466388.95715,1721,2,Crestline Real Estate Pte. Ltd.,Frontier Developments Ltd.,False,False,False
763595448017,Apex Holdings Pte. Ltd.,Dempsey Hill Estate,Stationary Asset Combustion,Diesel 100 mineral diesel,kg CO2e,2025-06,2025,1301572.4734,1721,2,Crestline Real Estate Pte. Ltd.,Frontier Developments Ltd.,False,False,False
763595448017,Apex Holdings Pte. Ltd.,Dempsey Hill Estate,Stationary Asset Combustion,Diesel 100 mineral diesel,kg CO2e,2025-07,2025,1520045.80515,1721,2,Crestline Real Estate Pte. Ltd.,Frontier Developments Ltd.,False,False,False
763595448017,Apex Holdings Pte. Ltd.,Dempsey Hill Estate,Stationary Asset Combustion,Diesel 100 mineral diesel,kg CO2e,2025-08,2025,1471736.0111,1721,2,Crestline Real Estate Pte. Ltd.,Frontier Developments Ltd.,False,False,False
763595448017,Apex Holdings Pte. Ltd.,Dempsey Hill Estate,Stationary Asset Combustion,Diesel 100 mineral diesel,kg CO2e,2025-09,2025,1390521.4744,1721,2,Crestline Real Estate Pte. Ltd.,Frontier Developments Ltd.,False,False,False
763595448017,Apex Holdings Pte. Ltd.,Dempsey Hill Estate,Stationary Asset Combustion,Diesel 100 mineral diesel,kg CO2e,2025-10,2025,1621647.81485,1721,2,Crestline Real Estate Pte. Ltd.,Frontier Developments Ltd.,False,False,False
763595448017,Apex Holdings Pte. Ltd.,Dempsey Hill Estate,Stationary Asset Combustion,Diesel 100 mineral diesel,kg CO2e,2025-11,2025,1520045.80515,1721,2,Crestline Real Estate Pte. Ltd.,Frontier Developments Ltd.,False,False,False
763595448017,Apex Holdings Pte. Ltd.,Dempsey Hill Estate,Stationary Asset Combustion,Diesel 100 mineral diesel,kg CO2e,2025-12,2025,1480040.0471,1721,2,Crestline Real Estate Pte. Ltd.,Frontier Developments Ltd.,False,False,False
763595448017,Apex Holdings Pte. Ltd.,Dempsey Hill Estate,Stationary Asset Combustion,Petrol 100 mineral petrol,kg CO2e,2025-01,2025,151315.11296,1721,2,Crestline Real Estate Pte. Ltd.,Frontier Developments Ltd.,False,False,False
763595448017,Apex Holdings Pte. Ltd.,Dempsey Hill Estate,Stationary Asset Combustion,Petrol 100 mineral petrol,kg CO2e,2025-02,2025,124947.456,1721,2,Crestline Real Estate Pte. Ltd.,Frontier Developments Ltd.,False,False,False
763595448017,Apex Holdings Pte. Ltd.,Dempsey Hill Estate,Stationary Asset Combustion,Petrol 100 mineral petrol,kg CO2e,2025-03,2025,149120.34304,1721,2,Crestline Real Estate Pte. Ltd.,Frontier Developments Ltd.,False,False,False
763595448017,Apex Holdings Pte. Ltd.,Dempsey Hill Estate,Stationary Asset Combustion,Petrol 100 mineral petrol,kg CO2e,2025-04,2025,119285.0432,1721,2,Crestline Real Estate Pte. Ltd.,Frontier Developments Ltd.,False,False,False
763595448017,Apex Holdings Pte. Ltd.,Dempsey Hill Estate,Stationary Asset Combustion,Petrol 100 mineral petrol,kg CO2e,2025-05,2025,137650.44736,1721,2,Crestline Real Estate Pte. Ltd.,Frontier Developments Ltd.,False,False,False
763595448017,Apex Holdings Pte. Ltd.,Dempsey Hill Estate,Stationary Asset Combustion,Petrol 100 mineral petrol,kg CO2e,2025-06,2025,142285.6704,1721,2,Crestline Real Estate Pte. Ltd.,Frontier Developments Ltd.,False,False,False
763595448017,Apex Holdings Pte. Ltd.,Dempsey Hill Estate,Stationary Asset Combustion,Petrol 100 mineral petrol,kg CO2e,2025-07,2025,138530.2272,1721,2,Crestline Real Estate Pte. Ltd.,Frontier Developments Ltd.,False,False,False
763595448017,Apex Holdings Pte. Ltd.,Dempsey Hill Estate,Stationary Asset Combustion,Petrol 100 mineral petrol,kg CO2e,2025-08,2025,163023.67232,1721,2,Crestline Real Estate Pte. Ltd.,Frontier Developments Ltd.,False,False,False
763595448017,Apex Holdings Pte. Ltd.,Dempsey Hill Estate,Stationary Asset Combustion,Petrol 100 mineral petrol,kg CO2e,2025-09,2025,164425.23648,1721,2,Crestline Real Estate Pte. Ltd.,Frontier Developments Ltd.,False,False,False
763595448017,Apex Holdings Pte. Ltd.,Dempsey Hill Estate,Stationary Asset Combustion,Petrol 100 mineral petrol,kg CO2e,2025-10,2025,140650.12224,1721,2,Crestline Real Estate Pte. Ltd.,Frontier Developments Ltd.,False,False,False
763595448017,Apex Holdings Pte. Ltd.,Dempsey Hill Estate,Stationary Asset Combustion,Petrol 100 mineral petrol,kg CO2e,2025-11,2025,151315.11296,1721,2,Crestline Real Estate Pte. Ltd.,Frontier Developments Ltd.,False,False,False
763595448017,Apex Holdings Pte. Ltd.,Dempsey Hill Estate,Stationary Asset Combustion,Petrol 100 mineral petrol,kg CO2e,2025-12,2025,124947.456,1721,2,Crestline Real Estate Pte. Ltd.,Frontier Developments Ltd.,False,False,False
763595448017,Apex Holdings Pte. Ltd.,Dempsey Hill Estate,Waste,Food waste,kg CO2e,2025-12,2025,94600.4752,1721,2,Crestline Real Estate Pte. Ltd.,Frontier Developments Ltd.,False,False,True
214832269481,Crestline Real Estate Pte. Ltd.,Tanjong Pagar Plaza,Waste,Glass,kg CO2e,2025-12,2025,2.0382708,1705,1,Frontier Developments Ltd.,Frontier Developments Ltd.,False,False,False
214832269481,Crestline Real Estate Pte. Ltd.,Riverside Walk Mall,Waste,Glass,kg CO2e,2025-12,2025,3.18626239,1705,1,Frontier Developments Ltd.,Frontier Developments Ltd.,False,False,False
214832269481,Crestline Real Estate Pte. Ltd.,City Plaza Commercial,Waste,Glass,kg CO2e,2025-12,2025,2.0382708,1705,1,Frontier Developments Ltd.,Frontier Developments Ltd.,False,False,False
354342113419,Frontier Developments Ltd.,Sentosa Cove Villas,Waste,Metals,kg CO2e,2025-12,2025,0.2117535,1704,0,,Frontier Developments Ltd.,False,False,False
214832269481,Crestline Real Estate Pte. Ltd.,City Plaza Commercial,Waste,Metals,kg CO2e,2025-12,2025,0.2299038,1705,1,Frontier Developments Ltd.,Frontier Developments Ltd.,False,False,False
214832269481,Crestline Real Estate Pte. Ltd.,Riverside Walk Mall,Waste,Metals,kg CO2e,2025-12,2025,1.6355437,1705,1,Frontier Developments Ltd.,Frontier Developments Ltd.,False,False,False
214832269481,Crestline Real Estate Pte. Ltd.,Tanjong Pagar Plaza,Waste,Metals,kg CO2e,2025-12,2025,0.2299038,1705,1,Frontier Developments Ltd.,Frontier Developments Ltd.,False,False,False
214832269481,Crestline Real Estate Pte. Ltd.,City Plaza Commercial,Waste,Mixed recyclables,kg CO2e,2025-12,2025,1000.0165392,1705,1,Frontier Developments Ltd.,Frontier Developments Ltd.,False,False,False
214832269481,Crestline Real Estate Pte. Ltd.,Tanjong Pagar Plaza,Waste,Mixed recyclables,kg CO2e,2025-12,2025,1000.0165392,1705,1,Frontier Developments Ltd.,Frontier Developments Ltd.,False,False,False
354342113419,Frontier Developments Ltd.,Sentosa Cove Villas,Waste,Mixed recyclables,kg CO2e,2025-12,2025,625.01033699,1704,0,,Frontier Developments Ltd.,False,False,False
214832269481,Crestline Real Estate Pte. Ltd.,Riverside Walk Mall,Waste,Mixed recyclables,kg CO2e,2025-12,2025,1037.7155754,1705,1,Frontier Developments Ltd.,Frontier Developments Ltd.,False,False,False
763595448017,Apex Holdings Pte. Ltd.,Dempsey Hill Estate,Waste,Mixed recyclables,kg CO2e,2025-12,2025,7025.8106438,1721,2,Crestline Real Estate Pte. Ltd.,Frontier Developments Ltd.,False,False,False
354342113419,Frontier Developments Ltd.,Sentosa Cove Villas,Waste,Other waste,kg CO2e,2025-12,2025,16702.7,1704,0,,Frontier Developments Ltd.,False,False,False
214832269481,Crestline Real Estate Pte. Ltd.,Riverside Walk Mall,Waste,Other waste,kg CO2e,2025-12,2025,94298.895,1705,1,Frontier Developments Ltd.,Frontier Developments Ltd.,False,False,False
763595448017,Apex Holdings Pte. Ltd.,Dempsey Hill Estate,Waste,Other waste,kg CO2e,2025-12,2025,13422.593,1721,2,Crestline Real Estate Pte. Ltd.,Frontier Developments Ltd.,False,False,False
214832269481,Crestline Real Estate Pte. Ltd.,Tanjong Pagar Plaza,Waste,Other waste,kg CO2e,2025-12,2025,20088.955,1705,1,Frontier Developments Ltd.,Frontier Developments Ltd.,False,False,False
214832269481,Crestline Real Estate Pte. Ltd.,City Plaza Commercial,Waste,Other waste,kg CO2e,2025-12,2025,20088.955,1705,1,Frontier Developments Ltd.,Frontier Developments Ltd.,False,False,False
354342113419,Frontier Developments Ltd.,Sentosa Cove Villas,Waste,Plastics average plastics,kg CO2e,2025-12,2025,2.47872471,1704,0,,Frontier Developments Ltd.,False,False,False
214832269481,Crestline Real Estate Pte. Ltd.,Riverside Walk Mall,Waste,Plastics average plastics,kg CO2e,2025-12,2025,6.27881119,1705,1,Frontier Developments Ltd.,Frontier Developments Ltd.,False,False,False
214832269481,Crestline Real Estate Pte. Ltd.,City Plaza Commercial,Waste,Plastics average plastics,kg CO2e,2025-12,2025,1.64233083,1705,1,Frontier Developments Ltd.,Frontier Developments Ltd.,False,False,False
214832269481,Crestline Real Estate Pte. Ltd.,Tanjong Pagar Plaza,Waste,Plastics average plastics,kg CO2e,2025-12,2025,1.64233083,1705,1,Frontier Developments Ltd.,Frontier Developments Ltd.,False,False,False
763595448017,Apex Holdings Pte. Ltd.,Dempsey Hill Estate,Waste,Plastics waste,kg CO2e,2025-12,2025,19431.425,1721,2,Crestline Real Estate Pte. Ltd.,Frontier Developments Ltd.,False,False,True
214832269481,Crestline Real Estate Pte. Ltd.,City Plaza Commercial,Waste,Waste paper unsorted,kg CO2e,2025-12,2025,0.0,1705,1,Frontier Developments Ltd.,Frontier Developments Ltd.,False,True,False
214832269481,Crestline Real Estate Pte. Ltd.,Tanjong Pagar Plaza,Waste,Waste paper unsorted,kg CO2e,2025-12,2025,0.0,1705,1,Frontier Developments Ltd.,Frontier Developments Ltd.,False,True,False
354342113419,Frontier Developments Ltd.,Sentosa Cove Villas,Waste,Waste paper unsorted,kg CO2e,2025-12,2025,0.0,1704,0,,Frontier Developments Ltd.,False,True,False
214832269481,Crestline Real Estate Pte. Ltd.,Riverside Walk Mall,Waste,Waste paper unsorted,kg CO2e,2025-12,2025,0.0,1705,1,Frontier Developments Ltd.,Frontier Developments Ltd.,False,True,False
214832269481,Crestline Real Estate Pte. Ltd.,City Plaza Commercial,Waste,Weee small,kg CO2e,2025-12,2025,6.24249717,1705,1,Frontier Developments Ltd.,Frontier Developments Ltd.,False,False,False
354342113419,Frontier Developments Ltd.,Sentosa Cove Villas,Waste,Weee small,kg CO2e,2025-12,2025,3.46740319,1704,0,,Frontier Developments Ltd.,False,False,False
214832269481,Crestline Real Estate Pte. Ltd.,Tanjong Pagar Plaza,Waste,Weee small,kg CO2e,2025-12,2025,6.24249717,1705,1,Frontier Developments Ltd.,Frontier Developments Ltd.,False,False,False
214832269481,Crestline Real Estate Pte. Ltd.,Riverside Walk Mall,Waste,Weee small,kg CO2e,2025-12,2025,4.81687903,1705,1,Frontier Developments Ltd.,Frontier Developments Ltd.,False,False,False
214832269481,Crestline Real Estate Pte. Ltd.,City Plaza Commercial,Water,Newater,kg CO2e,2025-01,2025,198.5025,1705,1,Frontier Developments Ltd.,Frontier Developments Ltd.,False,False,False
214832269481,Crestline Real Estate Pte. Ltd.,Riverside Walk Mall,Water,Newater,kg CO2e,2025-01,2025,198.5025,1705,1,Frontier Developments Ltd.,Frontier Developments Ltd.,False,False,False
214832269481,Crestline Real Estate Pte. Ltd.,Tanjong Pagar Plaza,Water,Newater,kg CO2e,2025-01,2025,1363.269,1705,1,Frontier Developments Ltd.,Frontier Developments Ltd.,False,False,False
214832269481,Crestline Real Estate Pte. Ltd.,Tanjong Pagar Plaza,Water,Newater,kg CO2e,2025-02,2025,796.404,1705,1,Frontier Developments Ltd.,Frontier Developments Ltd.,False,False,False
214832269481,Crestline Real Estate Pte. Ltd.,City Plaza Commercial,Water,Newater,kg CO2e,2025-02,2025,203.091,1705,1,Frontier Developments Ltd.,Frontier Developments Ltd.,False,False,False
214832269481,Crestline Real Estate Pte. Ltd.,Riverside Walk Mall,Water,Newater,kg CO2e,2025-02,2025,203.091,1705,1,Frontier Developments Ltd.,Frontier Developments Ltd.,False,False,False
214832269481,Crestline Real Estate Pte. Ltd.,Riverside Walk Mall,Water,Newater,kg CO2e,2025-03,2025,128.6205,1705,1,Frontier Developments Ltd.,Frontier Developments Ltd.,False,False,False
214832269481,Crestline Real Estate Pte. Ltd.,City Plaza Commercial,Water,Newater,kg CO2e,2025-03,2025,128.6205,1705,1,Frontier Developments Ltd.,Frontier Developments Ltd.,False,False,False
214832269481,Crestline Real Estate Pte. Ltd.,Tanjong Pagar Plaza,Water,Newater,kg CO2e,2025-03,2025,1160.064,1705,1,Frontier Developments Ltd.,Frontier Developments Ltd.,False,False,False
214832269481,Crestline Real Estate Pte. Ltd.,Riverside Walk Mall,Water,Newater,kg CO2e,2025-04,2025,151.5915,1705,1,Frontier Developments Ltd.,Frontier Developments Ltd.,False,False,False
214832269481,Crestline Real Estate Pte. Ltd.,Tanjong Pagar Plaza,Water,Newater,kg CO2e,2025-04,2025,1373.814,1705,1,Frontier Developments Ltd.,Frontier Developments Ltd.,False,False,False
214832269481,Crestline Real Estate Pte. Ltd.,City Plaza Commercial,Water,Newater,kg CO2e,2025-04,2025,151.5915,1705,1,Frontier Developments Ltd.,Frontier Developments Ltd.,False,False,False
214832269481,Crestline Real Estate Pte. Ltd.,City Plaza Commercial,Water,Newater,kg CO2e,2025-05,2025,137.826,1705,1,Frontier Developments Ltd.,Frontier Developments Ltd.,False,False,False
214832269481,Crestline Real Estate Pte. Ltd.,Tanjong Pagar Plaza,Water,Newater,kg CO2e,2025-05,2025,1294.641,1705,1,Frontier Developments Ltd.,Frontier Developments Ltd.,False,False,False
214832269481,Crestline Real Estate Pte. Ltd.,Riverside Walk Mall,Water,Newater,kg CO2e,2025-05,2025,137.826,1705,1,Frontier Developments Ltd.,Frontier Developments Ltd.,False,False,False
214832269481,Crestline Real Estate Pte. Ltd.,City Plaza Commercial,Water,Newater,kg CO2e,2025-06,2025,142.443,1705,1,Frontier Developments Ltd.,Frontier Developments Ltd.,False,False,False
214832269481,Crestline Real Estate Pte. Ltd.,Tanjong Pagar Plaza,Water,Newater,kg CO2e,2025-06,2025,1348.905,1705,1,Frontier Developments Ltd.,Frontier Developments Ltd.,False,False,False
214832269481,Crestline Real Estate Pte. Ltd.,Riverside Walk Mall,Water,Newater,kg CO2e,2025-06,2025,142.443,1705,1,Frontier Developments Ltd.,Frontier Developments Ltd.,False,False,False
214832269481,Crestline Real Estate Pte. Ltd.,Tanjong Pagar Plaza,Water,Newater,kg CO2e,2025-07,2025,1606.146,1705,1,Frontier Developments Ltd.,Frontier Developments Ltd.,False,False,False
214832269481,Crestline Real Estate Pte. Ltd.,Riverside Walk Mall,Water,Newater,kg CO2e,2025-07,2025,-366.0825,1705,1,Frontier Developments Ltd.,Frontier Developments Ltd.,True,False,False
214832269481,Crestline Real Estate Pte. Ltd.,City Plaza Commercial,Water,Newater,kg CO2e,2025-07,2025,-366.0825,1705,1,Frontier Developments Ltd.,Frontier Developments Ltd.,True,False,False
214832269481,Crestline Real Estate Pte. Ltd.,City Plaza Commercial,Water,Newater,kg CO2e,2025-08,2025,55.005,1705,1,Frontier Developments Ltd.,Frontier Developments Ltd.,False,False,False
214832269481,Crestline Real Estate Pte. Ltd.,Riverside Walk Mall,Water,Newater,kg CO2e,2025-08,2025,55.005,1705,1,Frontier Developments Ltd.,Frontier Developments Ltd.,False,False,False
214832269481,Crestline Real Estate Pte. Ltd.,Tanjong Pagar Plaza,Water,Newater,kg CO2e,2025-08,2025,1092.576,1705,1,Frontier Developments Ltd.,Frontier Developments Ltd.,False,False,False
214832269481,Crestline Real Estate Pte. Ltd.,City Plaza Commercial,Water,Newater,kg CO2e,2025-09,2025,83.79,1705,1,Frontier Developments Ltd.,Frontier Developments Ltd.,False,False,False
214832269481,Crestline Real Estate Pte. Ltd.,Tanjong Pagar Plaza,Water,Newater,kg CO2e,2025-09,2025,1441.872,1705,1,Frontier Developments Ltd.,Frontier Developments Ltd.,False,False,False
214832269481,Crestline Real Estate Pte. Ltd.,Riverside Walk Mall,Water,Newater,kg CO2e,2025-09,2025,83.79,1705,1,Frontier Developments Ltd.,Frontier Developments Ltd.,False,False,False
214832269481,Crestline Real Estate Pte. Ltd.,City Plaza Commercial,Water,Newater,kg CO2e,2025-10,2025,44.7735,1705,1,Frontier Developments Ltd.,Frontier Developments Ltd.,False,False,False
214832269481,Crestline Real Estate Pte. Ltd.,Tanjong Pagar Plaza,Water,Newater,kg CO2e,2025-10,2025,964.611,1705,1,Frontier Developments Ltd.,Frontier Developments Ltd.,False,False,False
214832269481,Crestline Real Estate Pte. Ltd.,Riverside Walk Mall,Water,Newater,kg CO2e,2025-10,2025,44.7735,1705,1,Frontier Developments Ltd.,Frontier Developments Ltd.,False,False,False
214832269481,Crestline Real Estate Pte. Ltd.,Riverside Walk Mall,Water,Newater,kg CO2e,2025-11,2025,97.6125,1705,1,Frontier Developments Ltd.,Frontier Developments Ltd.,False,False,False
214832269481,Crestline Real Estate Pte. Ltd.,Tanjong Pagar Plaza,Water,Newater,kg CO2e,2025-11,2025,1564.935,1705,1,Frontier Developments Ltd.,Frontier Developments Ltd.,False,False,False
214832269481,Crestline Real Estate Pte. Ltd.,City Plaza Commercial,Water,Newater,kg CO2e,2025-11,2025,97.6125,1705,1,Frontier Developments Ltd.,Frontier Developments Ltd.,False,False,False
214832269481,Crestline Real Estate Pte. Ltd.,City Plaza Commercial,Water,Newater,kg CO2e,2025-12,2025,92.055,1705,1,Frontier Developments Ltd.,Frontier Developments Ltd.,False,False,False
214832269481,Crestline Real Estate Pte. Ltd.,Riverside Walk Mall,Water,Newater,kg CO2e,2025-12,2025,92.055,1705,1,Frontier Developments Ltd.,Frontier Developments Ltd.,False,False,False
214832269481,Crestline Real Estate Pte. Ltd.,Tanjong Pagar Plaza,Water,Newater,kg CO2e,2025-12,2025,1266.198,1705,1,Frontier Developments Ltd.,Frontier Developments Ltd.,False,False,False
214832269481,Crestline Real Estate Pte. Ltd.,Riverside Walk Mall,Water,Potable water,kg CO2e,2025-01,2025,1451.277,1705,1,Frontier Developments Ltd.,Frontier Developments Ltd.,False,False,False
354342113419,Frontier Developments Ltd.,Sentosa Cove Villas,Water,Potable water,kg CO2e,2025-01,2025,1230.345,1704,0,,Frontier Developments Ltd.,False,False,False
354342113419,Frontier Developments Ltd.,Orchard Grand Residences,Water,Potable water,kg CO2e,2025-01,2025,7.809,1704,0,,Frontier Developments Ltd.,False,False,False
223005401501,Delta Asset Management Ltd.,Sydney Harbour Suites,Water,Potable water,kg CO2e,2025-01,2025,3.933,1719,2,Kestrel Properties Pte. Ltd.,Frontier Developments Ltd.,False,False,False
354342113419,Frontier Developments Ltd.,Jurong Lake District Tower,Water,Potable water,kg CO2e,2025-01,2025,2.052,1704,0,,Frontier Developments Ltd.,False,False,False
354342113419,Frontier Developments Ltd.,Alexandra Business Park,Water,Potable water,kg CO2e,2025-01,2025,44.289,1704,0,,Frontier Developments Ltd.,False,False,False
223005401501,Delta Asset Management Ltd.,Melbourne Central Tower,Water,Potable water,kg CO2e,2025-01,2025,3.933,1719,2,Kestrel Properties Pte. Ltd.,Frontier Developments Ltd.,False,False,False
214832269481,Crestline Real Estate Pte. Ltd.,City Plaza Commercial,Water,Potable water,kg CO2e,2025-01,2025,1451.277,1705,1,Frontier Developments Ltd.,Frontier Developments Ltd.,False,False,False
214832269481,Crestline Real Estate Pte. Ltd.,Tanjong Pagar Plaza,Water,Potable water,kg CO2e,2025-01,2025,1204.296,1705,1,Frontier Developments Ltd.,Frontier Developments Ltd.,False,False,False
354342113419,Frontier Developments Ltd.,Maldives Beach Resort,Water,Potable water,kg CO2e,2025-01,2025,584.307,1704,0,,Frontier Developments Ltd.,False,False,False
214832269481,Crestline Real Estate Pte. Ltd.,Tanjong Pagar Plaza,Water,Potable water,kg CO2e,2025-02,2025,1144.56,1705,1,Frontier Developments Ltd.,Frontier Developments Ltd.,False,False,False
354342113419,Frontier Developments Ltd.,Sentosa Cove Villas,Water,Potable water,kg CO2e,2025-02,2025,657.096,1704,0,,Frontier Developments Ltd.,False,False,False
214832269481,Crestline Real Estate Pte. Ltd.,City Plaza Commercial,Water,Potable water,kg CO2e,2025-02,2025,1115.8035,1705,1,Frontier Developments Ltd.,Frontier Developments Ltd.,False,False,False
354342113419,Frontier Developments Ltd.,Jurong Lake District Tower,Water,Potable water,kg CO2e,2025-02,2025,8.037,1704,0,,Frontier Developments Ltd.,False,False,False
354342113419,Frontier Developments Ltd.,Alexandra Business Park,Water,Potable water,kg CO2e,2025-02,2025,473.385,1704,0,,Frontier Developments Ltd.,False,False,False
223005401501,Delta Asset Management Ltd.,Melbourne Central Tower,Water,Potable water,kg CO2e,2025-02,2025,13.224,1719,2,Kestrel Properties Pte. Ltd.,Frontier Developments Ltd.,False,False,False
223005401501,Delta Asset Management Ltd.,Sydney Harbour Suites,Water,Potable water,kg CO2e,2025-02,2025,13.224,1719,2,Kestrel Properties Pte. Ltd.,Frontier Developments Ltd.,False,False,False
214832269481,Crestline Real Estate Pte. Ltd.,Riverside Walk Mall,Water,Potable water,kg CO2e,2025-02,2025,1115.8035,1705,1,Frontier Developments Ltd.,Frontier Developments Ltd.,False,False,False
354342113419,Frontier Developments Ltd.,Maldives Beach Resort,Water,Potable water,kg CO2e,2025-02,2025,349.353,1704,0,,Frontier Developments Ltd.,False,False,False
354342113419,Frontier Developments Ltd.,Orchard Grand Residences,Water,Potable water,kg CO2e,2025-02,2025,7.467,1704,0,,Frontier Developments Ltd.,False,False,False
354342113419,Frontier Developments Ltd.,Sentosa Cove Villas,Water,Potable water,kg CO2e,2025-03,2025,912.057,1704,0,,Frontier Developments Ltd.,False,False,False
354342113419,Frontier Developments Ltd.,Alexandra Business Park,Water,Potable water,kg CO2e,2025-03,2025,149.739,1704,0,,Frontier Developments Ltd.,False,False,False
214832269481,Crestline Real Estate Pte. Ltd.,City Plaza Commercial,Water,Potable water,kg CO2e,2025-03,2025,1306.2975,1705,1,Frontier Developments Ltd.,Frontier Developments Ltd.,False,False,False
214832269481,Crestline Real Estate Pte. Ltd.,Riverside Walk Mall,Water,Potable water,kg CO2e,2025-03,2025,1306.2975,1705,1,Frontier Developments Ltd.,Frontier Developments Ltd.,False,False,False
354342113419,Frontier Developments Ltd.,Maldives Beach Resort,Water,Potable water,kg CO2e,2025-03,2025,429.552,1704,0,,Frontier Developments Ltd.,False,False,False
223005401501,Delta Asset Management Ltd.,Melbourne Central Tower,Water,Potable water,kg CO2e,2025-03,2025,3.306,1719,2,Kestrel Properties Pte. Ltd.,Frontier Developments Ltd.,False,False,False
214832269481,Crestline Real Estate Pte. Ltd.,Tanjong Pagar Plaza,Water,Potable water,kg CO2e,2025-03,2025,1333.857,1705,1,Frontier Developments Ltd.,Frontier Developments Ltd.,False,False,False
354342113419,Frontier Developments Ltd.,Orchard Grand Residences,Water,Potable water,kg CO2e,2025-03,2025,-13.851,1704,0,,Frontier Developments Ltd.,True,False,False
354342113419,Frontier Developments Ltd.,Jurong Lake District Tower,Water,Potable water,kg CO2e,2025-03,2025,-1.938,1704,0,,Frontier Developments Ltd.,True,False,False
223005401501,Delta Asset Management Ltd.,Sydney Harbour Suites,Water,Potable water,kg CO2e,2025-03,2025,3.306,1719,2,Kestrel Properties Pte. Ltd.,Frontier Developments Ltd.,False,False,False
223005401501,Delta Asset Management Ltd.,Sydney Harbour Suites,Water,Potable water,kg CO2e,2025-04,2025,3.7905,1719,2,Kestrel Properties Pte. Ltd.,Frontier Developments Ltd.,False,False,False
354342113419,Frontier Developments Ltd.,Orchard Grand Residences,Water,Potable water,kg CO2e,2025-04,2025,2.451,1704,0,,Frontier Developments Ltd.,False,False,False
214832269481,Crestline Real Estate Pte. Ltd.,City Plaza Commercial,Water,Potable water,kg CO2e,2025-04,2025,-1224.8445,1705,1,Frontier Developments Ltd.,Frontier Developments Ltd.,True,False,False
223005401501,Delta Asset Management Ltd.,Melbourne Central Tower,Water,Potable water,kg CO2e,2025-04,2025,3.7905,1719,2,Kestrel Properties Pte. Ltd.,Frontier Developments Ltd.,False,False,False
214832269481,Crestline Real Estate Pte. Ltd.,Riverside Walk Mall,Water,Potable water,kg CO2e,2025-04,2025,-1224.8445,1705,1,Frontier Developments Ltd.,Frontier Developments Ltd.,True,False,False
354342113419,Frontier Developments Ltd.,Maldives Beach Resort,Water,Potable water,kg CO2e,2025-04,2025,546.459,1704,0,,Frontier Developments Ltd.,False,False,False
354342113419,Frontier Developments Ltd.,Sentosa Cove Villas,Water,Potable water,kg CO2e,2025-04,2025,992.655,1704,0,,Frontier Developments Ltd.,False,False,False
214832269481,Crestline Real Estate Pte. Ltd.,Tanjong Pagar Plaza,Water,Potable water,kg CO2e,2025-04,2025,1613.499,1705,1,Frontier Developments Ltd.,Frontier Developments Ltd.,False,False,False
354342113419,Frontier Developments Ltd.,Jurong Lake District Tower,Water,Potable water,kg CO2e,2025-04,2025,2.337,1704,0,,Frontier Developments Ltd.,False,False,False
354342113419,Frontier Developments Ltd.,Alexandra Business Park,Water,Potable water,kg CO2e,2025-04,2025,171.171,1704,0,,Frontier Developments Ltd.,False,False,False
354342113419,Frontier Developments Ltd.,Sentosa Cove Villas,Water,Potable water,kg CO2e,2025-05,2025,1083.171,1704,0,,Frontier Developments Ltd.,False,False,False
354342113419,Frontier Developments Ltd.,Maldives Beach Resort,Water,Potable water,kg CO2e,2025-05,2025,521.607,1704,0,,Frontier Developments Ltd.,False,False,False
214832269481,Crestline Real Estate Pte. Ltd.,Riverside Walk Mall,Water,Potable water,kg CO2e,2025-05,2025,4190.2695,1705,1,Frontier Developments Ltd.,Frontier Developments Ltd.,False,False,False
223005401501,Delta Asset Management Ltd.,Sydney Harbour Suites,Water,Potable water,kg CO2e,2025-05,2025,2.28,1719,2,Kestrel Properties Pte. Ltd.,Frontier Developments Ltd.,False,False,False
354342113419,Frontier Developments Ltd.,Jurong Lake District Tower,Water,Potable water,kg CO2e,2025-05,2025,3.42,1704,0,,Frontier Developments Ltd.,False,False,False
214832269481,Crestline Real Estate Pte. Ltd.,Tanjong Pagar Plaza,Water,Potable water,kg CO2e,2025-05,2025,1458.003,1705,1,Frontier Developments Ltd.,Frontier Developments Ltd.,False,False,False
223005401501,Delta Asset Management Ltd.,Melbourne Central Tower,Water,Potable water,kg CO2e,2025-05,2025,2.28,1719,2,Kestrel Properties Pte. Ltd.,Frontier Developments Ltd.,False,False,False
354342113419,Frontier Developments Ltd.,Alexandra Business Park,Water,Potable water,kg CO2e,2025-05,2025,360.867,1704,0,,Frontier Developments Ltd.,False,False,False
354342113419,Frontier Developments Ltd.,Orchard Grand Residences,Water,Potable water,kg CO2e,2025-05,2025,5.301,1704,0,,Frontier Developments Ltd.,False,False,False
214832269481,Crestline Real Estate Pte. Ltd.,City Plaza Commercial,Water,Potable water,kg CO2e,2025-05,2025,4190.2695,1705,1,Frontier Developments Ltd.,Frontier Developments Ltd.,False,False,False
354342113419,Frontier Developments Ltd.,Alexandra Business Park,Water,Potable water,kg CO2e,2025-06,2025,243.561,1704,0,,Frontier Developments Ltd.,False,False,False
354342113419,Frontier Developments Ltd.,Maldives Beach Resort,Water,Potable water,kg CO2e,2025-06,2025,180.348,1704,0,,Frontier Developments Ltd.,False,False,False
214832269481,Crestline Real Estate Pte. Ltd.,Riverside Walk Mall,Water,Potable water,kg CO2e,2025-06,2025,1534.8105,1705,1,Frontier Developments Ltd.,Frontier Developments Ltd.,False,False,False
214832269481,Crestline Real Estate Pte. Ltd.,City Plaza Commercial,Water,Potable water,kg CO2e,2025-06,2025,1534.8105,1705,1,Frontier Developments Ltd.,Frontier Developments Ltd.,False,False,False
354342113419,Frontier Developments Ltd.,Orchard Grand Residences,Water,Potable water,kg CO2e,2025-06,2025,4.959,1704,0,,Frontier Developments Ltd.,False,False,False
354342113419,Frontier Developments Ltd.,Sentosa Cove Villas,Water,Potable water,kg CO2e,2025-06,2025,1229.547,1704,0,,Frontier Developments Ltd.,False,False,False
214832269481,Crestline Real Estate Pte. Ltd.,Tanjong Pagar Plaza,Water,Potable water,kg CO2e,2025-06,2025,1511.412,1705,1,Frontier Developments Ltd.,Frontier Developments Ltd.,False,False,False
354342113419,Frontier Developments Ltd.,Jurong Lake District Tower,Water,Potable water,kg CO2e,2025-06,2025,2.907,1704,0,,Frontier Developments Ltd.,False,False,False
354342113419,Frontier Developments Ltd.,Maldives Beach Resort,Water,Potable water,kg CO2e,2025-07,2025,350.721,1704,0,,Frontier Developments Ltd.,False,False,False
214832269481,Crestline Real Estate Pte. Ltd.,City Plaza Commercial,Water,Potable water,kg CO2e,2025-07,2025,1971.801,1705,1,Frontier Developments Ltd.,Frontier Developments Ltd.,False,False,False
223005401501,Delta Asset Management Ltd.,Melbourne Central Tower,Water,Potable water,kg CO2e,2025-07,2025,0.513,1719,2,Kestrel Properties Pte. Ltd.,Frontier Developments Ltd.,False,False,False
354342113419,Frontier Developments Ltd.,Alexandra Business Park,Water,Potable water,kg CO2e,2025-07,2025,402.534,1704,0,,Frontier Developments Ltd.,False,False,False
354342113419,Frontier Developments Ltd.,Sentosa Cove Villas,Water,Potable water,kg CO2e,2025-07,2025,1376.379,1704,0,,Frontier Developments Ltd.,False,False,False
354342113419,Frontier Developments Ltd.,Jurong Lake District Tower,Water,Potable water,kg CO2e,2025-07,2025,2.679,1704,0,,Frontier Developments Ltd.,False,False,False
214832269481,Crestline Real Estate Pte. Ltd.,Riverside Walk Mall,Water,Potable water,kg CO2e,2025-07,2025,1971.801,1705,1,Frontier Developments Ltd.,Frontier Developments Ltd.,False,False,False
223005401501,Delta Asset Management Ltd.,Sydney Harbour Suites,Water,Potable water,kg CO2e,2025-07,2025,0.513,1719,2,Kestrel Properties Pte. Ltd.,Frontier Developments Ltd.,False,False,False
214832269481,Crestline Real Estate Pte. Ltd.,Tanjong Pagar Plaza,Water,Potable water,kg CO2e,2025-07,2025,1526.859,1705,1,Frontier Developments Ltd.,Frontier Developments Ltd.,False,False,False
354342113419,Frontier Developments Ltd.,Orchard Grand Residences,Water,Potable water,kg CO2e,2025-07,2025,7.125,1704,0,,Frontier Developments Ltd.,False,False,False
354342113419,Frontier Developments Ltd.,Maldives Beach Resort,Water,Potable water,kg CO2e,2025-08,2025,472.929,1704,0,,Frontier Developments Ltd.,False,False,False
354342113419,Frontier Developments Ltd.,Orchard Grand Residences,Water,Potable water,kg CO2e,2025-08,2025,1.995,1704,0,,Frontier Developments Ltd.,False,False,False
354342113419,Frontier Developments Ltd.,Sentosa Cove Villas,Water,Potable water,kg CO2e,2025-08,2025,1029.648,1704,0,,Frontier Developments Ltd.,False,False,False
214832269481,Crestline Real Estate Pte. Ltd.,City Plaza Commercial,Water,Potable water,kg CO2e,2025-08,2025,1262.778,1705,1,Frontier Developments Ltd.,Frontier Developments Ltd.,False,False,False
223005401501,Delta Asset Management Ltd.,Melbourne Central Tower,Water,Potable water,kg CO2e,2025-08,2025,5.586,1719,2,Kestrel Properties Pte. Ltd.,Frontier Developments Ltd.,False,False,False
223005401501,Delta Asset Management Ltd.,Sydney Harbour Suites,Water,Potable water,kg CO2e,2025-08,2025,5.586,1719,2,Kestrel Properties Pte. Ltd.,Frontier Developments Ltd.,False,False,False
214832269481,Crestline Real Estate Pte. Ltd.,Riverside Walk Mall,Water,Potable water,kg CO2e,2025-08,2025,1262.778,1705,1,Frontier Developments Ltd.,Frontier Developments Ltd.,False,False,False
354342113419,Frontier Developments Ltd.,Alexandra Business Park,Water,Potable water,kg CO2e,2025-08,2025,351.69,1704,0,,Frontier Developments Ltd.,False,False,False
214832269481,Crestline Real Estate Pte. Ltd.,Tanjong Pagar Plaza,Water,Potable water,kg CO2e,2025-08,2025,1458.231,1705,1,Frontier Developments Ltd.,Frontier Developments Ltd.,False,False,False
354342113419,Frontier Developments Ltd.,Jurong Lake District Tower,Water,Potable water,kg CO2e,2025-08,2025,2.622,1704,0,,Frontier Developments Ltd.,False,False,False
214832269481,Crestline Real Estate Pte. Ltd.,Riverside Walk Mall,Water,Potable water,kg CO2e,2025-09,2025,1842.1545,1705,1,Frontier Developments Ltd.,Frontier Developments Ltd.,False,False,False
214832269481,Crestline Real Estate Pte. Ltd.,Tanjong Pagar Plaza,Water,Potable water,kg CO2e,2025-09,2025,1555.986,1705,1,Frontier Developments Ltd.,Frontier Developments Ltd.,False,False,False
354342113419,Frontier Developments Ltd.,Maldives Beach Resort,Water,Potable water,kg CO2e,2025-09,2025,510.606,1704,0,,Frontier Developments Ltd.,False,False,False
354342113419,Frontier Developments Ltd.,Sentosa Cove Villas,Water,Potable water,kg CO2e,2025-09,2025,1079.979,1704,0,,Frontier Developments Ltd.,False,False,False
214832269481,Crestline Real Estate Pte. Ltd.,City Plaza Commercial,Water,Potable water,kg CO2e,2025-09,2025,1842.1545,1705,1,Frontier Developments Ltd.,Frontier Developments Ltd.,False,False,False
354342113419,Frontier Developments Ltd.,Orchard Grand Residences,Water,Potable water,kg CO2e,2025-09,2025,-1.653,1704,0,,Frontier Developments Ltd.,True,False,False
354342113419,Frontier Developments Ltd.,Alexandra Business Park,Water,Potable water,kg CO2e,2025-09,2025,392.958,1704,0,,Frontier Developments Ltd.,False,False,False
354342113419,Frontier Developments Ltd.,Jurong Lake District Tower,Water,Potable water,kg CO2e,2025-09,2025,1.254,1704,0,,Frontier Developments Ltd.,False,False,False
214832269481,Crestline Real Estate Pte. Ltd.,City Plaza Commercial,Water,Potable water,kg CO2e,2025-10,2025,1256.3655,1705,1,Frontier Developments Ltd.,Frontier Developments Ltd.,False,False,False
354342113419,Frontier Developments Ltd.,Maldives Beach Resort,Water,Potable water,kg CO2e,2025-10,2025,-627.912,1704,0,,Frontier Developments Ltd.,True,False,False
214832269481,Crestline Real Estate Pte. Ltd.,Riverside Walk Mall,Water,Potable water,kg CO2e,2025-10,2025,1256.3655,1705,1,Frontier Developments Ltd.,Frontier Developments Ltd.,False,False,False
214832269481,Crestline Real Estate Pte. Ltd.,Tanjong Pagar Plaza,Water,Potable water,kg CO2e,2025-10,2025,1809.237,1705,1,Frontier Developments Ltd.,Frontier Developments Ltd.,False,False,False
354342113419,Frontier Developments Ltd.,Jurong Lake District Tower,Water,Potable water,kg CO2e,2025-10,2025,2.28,1704,0,,Frontier Developments Ltd.,False,False,False
354342113419,Frontier Developments Ltd.,Sentosa Cove Villas,Water,Potable water,kg CO2e,2025-10,2025,383.61,1704,0,,Frontier Developments Ltd.,False,False,False
223005401501,Delta Asset Management Ltd.,Melbourne Central Tower,Water,Potable water,kg CO2e,2025-10,2025,3.2775,1719,2,Kestrel Properties Pte. Ltd.,Frontier Developments Ltd.,False,False,False
223005401501,Delta Asset Management Ltd.,Sydney Harbour Suites,Water,Potable water,kg CO2e,2025-10,2025,3.2775,1719,2,Kestrel Properties Pte. Ltd.,Frontier Developments Ltd.,False,False,False
354342113419,Frontier Developments Ltd.,Alexandra Business Park,Water,Potable water,kg CO2e,2025-10,2025,348.384,1704,0,,Frontier Developments Ltd.,False,False,False
354342113419,Frontier Developments Ltd.,Orchard Grand Residences,Water,Potable water,kg CO2e,2025-10,2025,0.171,1704,0,,Frontier Developments Ltd.,False,False,False
223005401501,Delta Asset Management Ltd.,Melbourne Central Tower,Water,Potable water,kg CO2e,2025-11,2025,4.9305,1719,2,Kestrel Properties Pte. Ltd.,Frontier Developments Ltd.,False,False,False
354342113419,Frontier Developments Ltd.,Sentosa Cove Villas,Water,Potable water,kg CO2e,2025-11,2025,961.02,1704,0,,Frontier Developments Ltd.,False,False,False
214832269481,Crestline Real Estate Pte. Ltd.,City Plaza Commercial,Water,Potable water,kg CO2e,2025-11,2025,1795.5855,1705,1,Frontier Developments Ltd.,Frontier Developments Ltd.,False,False,False
214832269481,Crestline Real Estate Pte. Ltd.,Riverside Walk Mall,Water,Potable water,kg CO2e,2025-11,2025,1795.5855,1705,1,Frontier Developments Ltd.,Frontier Developments Ltd.,False,False,False
354342113419,Frontier Developments Ltd.,Jurong Lake District Tower,Water,Potable water,kg CO2e,2025-11,2025,2.394,1704,0,,Frontier Developments Ltd.,False,False,False
354342113419,Frontier Developments Ltd.,Orchard Grand Residences,Water,Potable water,kg CO2e,2025-11,2025,4.503,1704,0,,Frontier Developments Ltd.,False,False,False
223005401501,Delta Asset Management Ltd.,Sydney Harbour Suites,Water,Potable water,kg CO2e,2025-11,2025,4.9305,1719,2,Kestrel Properties Pte. Ltd.,Frontier Developments Ltd.,False,False,False
354342113419,Frontier Developments Ltd.,Alexandra Business Park,Water,Potable water,kg CO2e,2025-11,2025,367.08,1704,0,,Frontier Developments Ltd.,False,False,False
214832269481,Crestline Real Estate Pte. Ltd.,Tanjong Pagar Plaza,Water,Potable water,kg CO2e,2025-11,2025,2623.368,1705,1,Frontier Developments Ltd.,Frontier Developments Ltd.,False,False,False
354342113419,Frontier Developments Ltd.,Maldives Beach Resort,Water,Potable water,kg CO2e,2025-11,2025,49.305,1704,0,,Frontier Developments Ltd.,False,False,False
354342113419,Frontier Developments Ltd.,Maldives Beach Resort,Water,Potable water,kg CO2e,2025-12,2025,227.259,1704,0,,Frontier Developments Ltd.,False,False,False
223005401501,Delta Asset Management Ltd.,Sydney Harbour Suites,Water,Potable water,kg CO2e,2025-12,2025,3.135,1719,2,Kestrel Properties Pte. Ltd.,Frontier Developments Ltd.,False,False,False
214832269481,Crestline Real Estate Pte. Ltd.,City Plaza Commercial,Water,Potable water,kg CO2e,2025-12,2025,1656.876,1705,1,Frontier Developments Ltd.,Frontier Developments Ltd.,False,False,False
354342113419,Frontier Developments Ltd.,Alexandra Business Park,Water,Potable water,kg CO2e,2025-12,2025,351.69,1704,0,,Frontier Developments Ltd.,False,False,False
214832269481,Crestline Real Estate Pte. Ltd.,Riverside Walk Mall,Water,Potable water,kg CO2e,2025-12,2025,1656.876,1705,1,Frontier Developments Ltd.,Frontier Developments Ltd.,False,False,False
223005401501,Delta Asset Management Ltd.,Melbourne Central Tower,Water,Potable water,kg CO2e,2025-12,2025,3.135,1719,2,Kestrel Properties Pte. Ltd.,Frontier Developments Ltd.,False,False,False
354342113419,Frontier Developments Ltd.,Jurong Lake District Tower,Water,Potable water,kg CO2e,2025-12,2025,2.223,1704,0,,Frontier Developments Ltd.,False,False,False
214832269481,Crestline Real Estate Pte. Ltd.,Tanjong Pagar Plaza,Water,Potable water,kg CO2e,2025-12,2025,1460.853,1705,1,Frontier Developments Ltd.,Frontier Developments Ltd.,False,False,False
354342113419,Frontier Developments Ltd.,Sentosa Cove Villas,Water,Potable water,kg CO2e,2025-12,2025,934.686,1704,0,,Frontier Developments Ltd.,False,False,False
763595448017,Apex Holdings Pte. Ltd.,Dempsey Hill Estate,Water,Water supply,kg CO2e,2025-01,2025,2583.3152,1721,2,Crestline Real Estate Pte. Ltd.,Frontier Developments Ltd.,False,False,False
763595448017,Apex Holdings Pte. Ltd.,Dempsey Hill Estate,Water,Water supply,kg CO2e,2025-02,2025,2287.3741,1721,2,Crestline Real Estate Pte. Ltd.,Frontier Developments Ltd.,False,False,False
763595448017,Apex Holdings Pte. Ltd.,Dempsey Hill Estate,Water,Water supply,kg CO2e,2025-03,2025,2423.3884,1721,2,Crestline Real Estate Pte. Ltd.,Frontier Developments Ltd.,False,False,False
763595448017,Apex Holdings Pte. Ltd.,Dempsey Hill Estate,Water,Water supply,kg CO2e,2025-04,2025,2348.9727,1721,2,Crestline Real Estate Pte. Ltd.,Frontier Developments Ltd.,False,False,False
763595448017,Apex Holdings Pte. Ltd.,Dempsey Hill Estate,Water,Water supply,kg CO2e,2025-05,2025,2253.8966,1721,2,Crestline Real Estate Pte. Ltd.,Frontier Developments Ltd.,False,False,False
763595448017,Apex Holdings Pte. Ltd.,Dempsey Hill Estate,Water,Water supply,kg CO2e,2025-06,2025,2258.2965,1721,2,Crestline Real Estate Pte. Ltd.,Frontier Developments Ltd.,False,False,False
763595448017,Apex Holdings Pte. Ltd.,Dempsey Hill Estate,Water,Water supply,kg CO2e,2025-07,2025,2169.9159,1721,2,Crestline Real Estate Pte. Ltd.,Frontier Developments Ltd.,False,False,False
763595448017,Apex Holdings Pte. Ltd.,Dempsey Hill Estate,Water,Water supply,kg CO2e,2025-08,2025,2215.6366,1721,2,Crestline Real Estate Pte. Ltd.,Frontier Developments Ltd.,False,False,False
763595448017,Apex Holdings Pte. Ltd.,Dempsey Hill Estate,Water,Water supply,kg CO2e,2025-09,2025,2188.6633,1721,2,Crestline Real Estate Pte. Ltd.,Frontier Developments Ltd.,False,False,False
763595448017,Apex Holdings Pte. Ltd.,Dempsey Hill Estate,Water,Water supply,kg CO2e,2025-10,2025,2396.6064,1721,2,Crestline Real Estate Pte. Ltd.,Frontier Developments Ltd.,False,False,False
763595448017,Apex Holdings Pte. Ltd.,Dempsey Hill Estate,Water,Water supply,kg CO2e,2025-11,2025,2327.9297,1721,2,Crestline Real Estate Pte. Ltd.,Frontier Developments Ltd.,False,False,False
763595448017,Apex Holdings Pte. Ltd.,Dempsey Hill Estate,Water,Water supply,kg CO2e,2025-12,2025,2570.4981,1721,2,Crestline Real Estate Pte. Ltd.,Frontier Developments Ltd.,False,False,False
354342113419,Frontier Developments Ltd.,Alexandra Business Park,Electricity Consumption,Electricity,kg CO2e,2024-01,2024,2792.292,1704,0,,Frontier Developments Ltd.,False,False,False
214832269481,Crestline Real Estate Pte. Ltd.,City Plaza Commercial,Electricity Consumption,Electricity,kg CO2e,2024-01,2024,348252.14976,1705,1,Frontier Developments Ltd.,Frontier Developments Ltd.,False,False,False
354342113419,Frontier Developments Ltd.,Jurong Lake District Tower,Electricity Consumption,Electricity,kg CO2e,2024-01,2024,59.496,1704,0,,Frontier Developments Ltd.,False,False,False
763595448017,Apex Holdings Pte. Ltd.,Dempsey Hill Estate,Electricity Consumption,Electricity,kg CO2e,2024-01,2024,799833.13376,1721,2,Crestline Real Estate Pte. Ltd.,Frontier Developments Ltd.,False,False,False
354342113419,Frontier Developments Ltd.,Sentosa Cove Villas,Electricity Consumption,Electricity,kg CO2e,2024-01,2024,151743.5647884,1704,0,,Frontier Developments Ltd.,False,False,False
223005401501,Delta Asset Management Ltd.,Melbourne Central Tower,Electricity Consumption,Electricity,kg CO2e,2024-01,2024,7717.395,1719,2,Kestrel Properties Pte. Ltd.,Frontier Developments Ltd.,False,False,False
214832269481,Crestline Real Estate Pte. Ltd.,Tanjong Pagar Plaza,Electricity Consumption,Electricity,kg CO2e,2024-01,2024,309853.08966,1705,1,Frontier Developments Ltd.,Frontier Developments Ltd.,False,False,False
214832269481,Crestline Real Estate Pte. Ltd.,Riverside Walk Mall,Electricity Consumption,Electricity,kg CO2e,2024-01,2024,1159067.8266,1705,1,Frontier Developments Ltd.,Frontier Developments Ltd.,False,False,False
223005401501,Delta Asset Management Ltd.,Sydney Harbour Suites,Electricity Consumption,Electricity,kg CO2e,2024-01,2024,7717.395,1719,2,Kestrel Properties Pte. Ltd.,Frontier Developments Ltd.,False,False,False
354342113419,Frontier Developments Ltd.,Maldives Beach Resort,Electricity Consumption,Electricity,kg CO2e,2024-01,2024,1290.822,1704,0,,Frontier Developments Ltd.,False,False,False
354342113419,Frontier Developments Ltd.,One Holland Village,Electricity Consumption,Electricity,kg CO2e,2024-01,2024,59.496,1704,0,,Frontier Developments Ltd.,False,False,False
354342113419,Frontier Developments Ltd.,Orchard Grand Residences,Electricity Consumption,Electricity,kg CO2e,2024-01,2024,387.93,1704,0,,Frontier Developments Ltd.,False,False,False
354342113419,Frontier Developments Ltd.,Maldives Beach Resort,Electricity Consumption,Electricity,kg CO2e,2024-02,2024,28.14,1704,0,,Frontier Developments Ltd.,False,False,False
223005401501,Delta Asset Management Ltd.,Melbourne Central Tower,Electricity Consumption,Electricity,kg CO2e,2024-02,2024,4483.707,1719,2,Kestrel Properties Pte. Ltd.,Frontier Developments Ltd.,False,False,False
354342113419,Frontier Developments Ltd.,Jurong Lake District Tower,Electricity Consumption,Electricity,kg CO2e,2024-02,2024,54.672,1704,0,,Frontier Developments Ltd.,False,False,False
214832269481,Crestline Real Estate Pte. Ltd.,Tanjong Pagar Plaza,Electricity Consumption,Electricity,kg CO2e,2024-02,2024,293998.69608,1705,1,Frontier Developments Ltd.,Frontier Developments Ltd.,False,False,False
354342113419,Frontier Developments Ltd.,Orchard Grand Residences,Electricity Consumption,Electricity,kg CO2e,2024-02,2024,294.666,1704,0,,Frontier Developments Ltd.,False,False,False
354342113419,Frontier Developments Ltd.,Sentosa Cove Villas,Electricity Consumption,Electricity,kg CO2e,2024-02,2024,140219.1276804,1704,0,,Frontier Developments Ltd.,False,False,False
223005401501,Delta Asset Management Ltd.,Sydney Harbour Suites,Electricity Consumption,Electricity,kg CO2e,2024-02,2024,4483.707,1719,2,Kestrel Properties Pte. Ltd.,Frontier Developments Ltd.,False,False,False
354342113419,Frontier Developments Ltd.,Alexandra Business Park,Electricity Consumption,Electricity,kg CO2e,2024-02,2024,33903.072,1704,0,,Frontier Developments Ltd.,False,False,False
763595448017,Apex Holdings Pte. Ltd.,Dempsey Hill Estate,Electricity Consumption,Electricity,kg CO2e,2024-02,2024,814345.43616,1721,2,Crestline Real Estate Pte. Ltd.,Frontier Developments Ltd.,False,False,False
214832269481,Crestline Real Estate Pte. Ltd.,City Plaza Commercial,Electricity Consumption,Electricity,kg CO2e,2024-02,2024,321541.09092,1705,1,Frontier Developments Ltd.,Frontier Developments Ltd.,False,False,False
354342113419,Frontier Developments Ltd.,One Holland Village,Electricity Consumption,Electricity,kg CO2e,2024-02,2024,54.672,1704,0,,Frontier Developments Ltd.,False,False,False
214832269481,Crestline Real Estate Pte. Ltd.,Riverside Walk Mall,Electricity Consumption,Electricity,kg CO2e,2024-02,2024,1072146.77556,1705,1,Frontier Developments Ltd.,Frontier Developments Ltd.,False,False,False
354342113419,Frontier Developments Ltd.,One Holland Village,Electricity Consumption,Electricity,kg CO2e,2024-03,2024,39.396,1704,0,,Frontier Developments Ltd.,False,False,False
763595448017,Apex Holdings Pte. Ltd.,Dempsey Hill Estate,Electricity Consumption,Electricity,kg CO2e,2024-03,2024,856908.64704,1721,2,Crestline Real Estate Pte. Ltd.,Frontier Developments Ltd.,False,False,False
214832269481,Crestline Real Estate Pte. Ltd.,Riverside Walk Mall,Electricity Consumption,Electricity,kg CO2e,2024-03,2024,1166257.46394,1705,1,Frontier Developments Ltd.,Frontier Developments Ltd.,False,False,False
354342113419,Frontier Developments Ltd.,Sentosa Cove Villas,Electricity Consumption,Electricity,kg CO2e,2024-03,2024,155625.5823486,1704,0,,Frontier Developments Ltd.,False,False,False
354342113419,Frontier Developments Ltd.,Alexandra Business Park,Electricity Consumption,Electricity,kg CO2e,2024-03,2024,18174.822,1704,0,,Frontier Developments Ltd.,False,False,False
214832269481,Crestline Real Estate Pte. Ltd.,City Plaza Commercial,Electricity Consumption,Electricity,kg CO2e,2024-03,2024,341447.3229,1705,1,Frontier Developments Ltd.,Frontier Developments Ltd.,False,False,False
223005401501,Delta Asset Management Ltd.,Sydney Harbour Suites,Electricity Consumption,Electricity,kg CO2e,2024-03,2024,1464.084,1719,2,Kestrel Properties Pte. Ltd.,Frontier Developments Ltd.,False,False,False
214832269481,Crestline Real Estate Pte. Ltd.,Tanjong Pagar Plaza,Electricity Consumption,Electricity,kg CO2e,2024-03,2024,312074.84316,1705,1,Frontier Developments Ltd.,Frontier Developments Ltd.,False,False,False
223005401501,Delta Asset Management Ltd.,Melbourne Central Tower,Electricity Consumption,Electricity,kg CO2e,2024-03,2024,1464.084,1719,2,Kestrel Properties Pte. Ltd.,Frontier Developments Ltd.,False,False,False
354342113419,Frontier Developments Ltd.,Orchard Grand Residences,Electricity Consumption,Electricity,kg CO2e,2024-03,2024,309.138,1704,0,,Frontier Developments Ltd.,False,False,False
354342113419,Frontier Developments Ltd.,Jurong Lake District Tower,Electricity Consumption,Electricity,kg CO2e,2024-03,2024,39.396,1704,0,,Frontier Developments Ltd.,False,False,False
214832269481,Crestline Real Estate Pte. Ltd.,City Plaza Commercial,Electricity Consumption,Electricity,kg CO2e,2024-04,2024,337839.17592,1705,1,Frontier Developments Ltd.,Frontier Developments Ltd.,False,False,False
214832269481,Crestline Real Estate Pte. Ltd.,Riverside Walk Mall,Electricity Consumption,Electricity,kg CO2e,2024-04,2024,1164254.21754,1705,1,Frontier Developments Ltd.,Frontier Developments Ltd.,False,False,False
223005401501,Delta Asset Management Ltd.,Melbourne Central Tower,Electricity Consumption,Electricity,kg CO2e,2024-04,2024,2222.055,1719,2,Kestrel Properties Pte. Ltd.,Frontier Developments Ltd.,False,False,False
354342113419,Frontier Developments Ltd.,Alexandra Business Park,Electricity Consumption,Electricity,kg CO2e,2024-04,2024,13571.118,1704,0,,Frontier Developments Ltd.,False,False,False
354342113419,Frontier Developments Ltd.,Sentosa Cove Villas,Electricity Consumption,Electricity,kg CO2e,2024-04,2024,153632.7859788,1704,0,,Frontier Developments Ltd.,False,False,False
354342113419,Frontier Developments Ltd.,One Holland Village,Electricity Consumption,Electricity,kg CO2e,2024-04,2024,102.51,1704,0,,Frontier Developments Ltd.,False,False,False
214832269481,Crestline Real Estate Pte. Ltd.,Tanjong Pagar Plaza,Electricity Consumption,Electricity,kg CO2e,2024-04,2024,323737.84002,1705,1,Frontier Developments Ltd.,Frontier Developments Ltd.,False,False,False
763595448017,Apex Holdings Pte. Ltd.,Dempsey Hill Estate,Electricity Consumption,Electricity,kg CO2e,2024-04,2024,861380.9152,1721,2,Crestline Real Estate Pte. Ltd.,Frontier Developments Ltd.,False,False,False
354342113419,Frontier Developments Ltd.,Jurong Lake District Tower,Electricity Consumption,Electricity,kg CO2e,2024-04,2024,102.51,1704,0,,Frontier Developments Ltd.,False,False,False
223005401501,Delta Asset Management Ltd.,Sydney Harbour Suites,Electricity Consumption,Electricity,kg CO2e,2024-04,2024,2222.055,1719,2,Kestrel Properties Pte. Ltd.,Frontier Developments Ltd.,False,False,False
354342113419,Frontier Developments Ltd.,Orchard Grand Residences,Electricity Consumption,Electricity,kg CO2e,2024-04,2024,380.292,1704,0,,Frontier Developments Ltd.,False,False,False
354342113419,Frontier Developments Ltd.,Jurong Lake District Tower,Electricity Consumption,Electricity,kg CO2e,2024-05,2024,238.788,1704,0,,Frontier Developments Ltd.,False,False,False
214832269481,Crestline Real Estate Pte. Ltd.,Tanjong Pagar Plaza,Electricity Consumption,Electricity,kg CO2e,2024-05,2024,330096.34638,1705,1,Frontier Developments Ltd.,Frontier Developments Ltd.,False,False,False
214832269481,Crestline Real Estate Pte. Ltd.,City Plaza Commercial,Electricity Consumption,Electricity,kg CO2e,2024-05,2024,342126.85566,1705,1,Frontier Developments Ltd.,Frontier Developments Ltd.,False,False,False
354342113419,Frontier Developments Ltd.,Orchard Grand Residences,Electricity Consumption,Electricity,kg CO2e,2024-05,2024,670.134,1704,0,,Frontier Developments Ltd.,False,False,False
223005401501,Delta Asset Management Ltd.,Melbourne Central Tower,Electricity Consumption,Electricity,kg CO2e,2024-05,2024,2142.861,1719,2,Kestrel Properties Pte. Ltd.,Frontier Developments Ltd.,False,False,False
763595448017,Apex Holdings Pte. Ltd.,Dempsey Hill Estate,Electricity Consumption,Electricity,kg CO2e,2024-05,2024,857423.07968,1721,2,Crestline Real Estate Pte. Ltd.,Frontier Developments Ltd.,False,False,False
354342113419,Frontier Developments Ltd.,Sentosa Cove Villas,Electricity Consumption,Electricity,kg CO2e,2024-05,2024,158308.4927616,1704,0,,Frontier Developments Ltd.,False,False,False
223005401501,Delta Asset Management Ltd.,Sydney Harbour Suites,Electricity Consumption,Electricity,kg CO2e,2024-05,2024,2142.861,1719,2,Kestrel Properties Pte. Ltd.,Frontier Developments Ltd.,False,False,False
354342113419,Frontier Developments Ltd.,One Holland Village,Electricity Consumption,Electricity,kg CO2e,2024-05,2024,238.788,1704,0,,Frontier Developments Ltd.,False,False,False
214832269481,Crestline Real Estate Pte. Ltd.,Riverside Walk Mall,Electricity Consumption,Electricity,kg CO2e,2024-05,2024,1227435.95454,1705,1,Frontier Developments Ltd.,Frontier Developments Ltd.,False,False,False
354342113419,Frontier Developments Ltd.,Alexandra Business Park,Electricity Consumption,Electricity,kg CO2e,2024-05,2024,29017.968,1704,0,,Frontier Developments Ltd.,False,False,False
354342113419,Frontier Developments Ltd.,Alexandra Business Park,Electricity Consumption,Electricity,kg CO2e,2024-06,2024,27707.046,1704,0,,Frontier Developments Ltd.,False,False,False
214832269481,Crestline Real Estate Pte. Ltd.,Riverside Walk Mall,Electricity Consumption,Electricity,kg CO2e,2024-06,2024,1151695.31142,1705,1,Frontier Developments Ltd.,Frontier Developments Ltd.,False,False,False
223005401501,Delta Asset Management Ltd.,Sydney Harbour Suites,Electricity Consumption,Electricity,kg CO2e,2024-06,2024,7479.813,1719,2,Kestrel Properties Pte. Ltd.,Frontier Developments Ltd.,False,False,False
763595448017,Apex Holdings Pte. Ltd.,Dempsey Hill Estate,Electricity Consumption,Electricity,kg CO2e,2024-06,2024,818437.25344,1721,2,Crestline Real Estate Pte. Ltd.,Frontier Developments Ltd.,False,False,False
354342113419,Frontier Developments Ltd.,Orchard Grand Residences,Electricity Consumption,Electricity,kg CO2e,2024-06,2024,323.208,1704,0,,Frontier Developments Ltd.,False,False,False
354342113419,Frontier Developments Ltd.,Jurong Lake District Tower,Electricity Consumption,Electricity,kg CO2e,2024-06,2024,309.54,1704,0,,Frontier Developments Ltd.,False,False,False
214832269481,Crestline Real Estate Pte. Ltd.,Tanjong Pagar Plaza,Electricity Consumption,Electricity,kg CO2e,2024-06,2024,313465.96416,1705,1,Frontier Developments Ltd.,Frontier Developments Ltd.,False,False,False
354342113419,Frontier Developments Ltd.,Sentosa Cove Villas,Electricity Consumption,Electricity,kg CO2e,2024-06,2024,148925.3148846,1704,0,,Frontier Developments Ltd.,False,False,False
354342113419,Frontier Developments Ltd.,One Holland Village,Electricity Consumption,Electricity,kg CO2e,2024-06,2024,309.54,1704,0,,Frontier Developments Ltd.,False,False,False
354342113419,Frontier Developments Ltd.,Maldives Beach Resort,Electricity Consumption,Electricity,kg CO2e,2024-06,2024,185.322,1704,0,,Frontier Developments Ltd.,False,False,False
223005401501,Delta Asset Management Ltd.,Melbourne Central Tower,Electricity Consumption,Electricity,kg CO2e,2024-06,2024,7479.813,1719,2,Kestrel Properties Pte. Ltd.,Frontier Developments Ltd.,False,False,False
214832269481,Crestline Real Estate Pte. Ltd.,City Plaza Commercial,Electricity Consumption,Electricity,kg CO2e,2024-06,2024,313153.76694,1705,1,Frontier Developments Ltd.,Frontier Developments Ltd.,False,False,False
354342113419,Frontier Developments Ltd.,Maldives Beach Resort,Electricity Consumption,Electricity,kg CO2e,2024-07,2024,1111.128,1704,0,,Frontier Developments Ltd.,False,False,False
354342113419,Frontier Developments Ltd.,Jurong Lake District Tower,Electricity Consumption,Electricity,kg CO2e,2024-07,2024,287.43,1704,0,,Frontier Developments Ltd.,False,False,False
354342113419,Frontier Developments Ltd.,Alexandra Business Park,Electricity Consumption,Electricity,kg CO2e,2024-07,2024,17255.448,1704,0,,Frontier Developments Ltd.,False,False,False
223005401501,Delta Asset Management Ltd.,Melbourne Central Tower,Electricity Consumption,Electricity,kg CO2e,2024-07,2024,1306.701,1719,2,Kestrel Properties Pte. Ltd.,Frontier Developments Ltd.,False,False,False
214832269481,Crestline Real Estate Pte. Ltd.,Tanjong Pagar Plaza,Electricity Consumption,Electricity,kg CO2e,2024-07,2024,349281.58734,1705,1,Frontier Developments Ltd.,Frontier Developments Ltd.,False,False,False
354342113419,Frontier Developments Ltd.,Sentosa Cove Villas,Electricity Consumption,Electricity,kg CO2e,2024-07,2024,159441.7224,1704,0,,Frontier Developments Ltd.,False,False,False
354342113419,Frontier Developments Ltd.,Orchard Grand Residences,Electricity Consumption,Electricity,kg CO2e,2024-07,2024,629.13,1704,0,,Frontier Developments Ltd.,False,False,False
214832269481,Crestline Real Estate Pte. Ltd.,Riverside Walk Mall,Electricity Consumption,Electricity,kg CO2e,2024-07,2024,1195774.09686,1705,1,Frontier Developments Ltd.,Frontier Developments Ltd.,False,False,False
354342113419,Frontier Developments Ltd.,One Holland Village,Electricity Consumption,Electricity,kg CO2e,2024-07,2024,287.43,1704,0,,Frontier Developments Ltd.,False,False,False
223005401501,Delta Asset Management Ltd.,Sydney Harbour Suites,Electricity Consumption,Electricity,kg CO2e,2024-07,2024,1306.701,1719,2,Kestrel Properties Pte. Ltd.,Frontier Developments Ltd.,False,False,False
763595448017,Apex Holdings Pte. Ltd.,Dempsey Hill Estate,Electricity Consumption,Electricity,kg CO2e,2024-07,2024,835524.58496,1721,2,Crestline Real Estate Pte. Ltd.,Frontier Developments Ltd.,False,False,False
214832269481,Crestline Real Estate Pte. Ltd.,City Plaza Commercial,Electricity Consumption,Electricity,kg CO2e,2024-07,2024,336568.60266,1705,1,Frontier Developments Ltd.,Frontier Developments Ltd.,False,False,False
214832269481,Crestline Real Estate Pte. Ltd.,Tanjong Pagar Plaza,Electricity Consumption,Electricity,kg CO2e,2024-08,2024,337002.61392,1705,1,Frontier Developments Ltd.,Frontier Developments Ltd.,False,False,False
214832269481,Crestline Real Estate Pte. Ltd.,City Plaza Commercial,Electricity Consumption,Electricity,kg CO2e,2024-08,2024,328114.25322,1705,1,Frontier Developments Ltd.,Frontier Developments Ltd.,False,False,False
354342113419,Frontier Developments Ltd.,One Holland Village,Electricity Consumption,Electricity,kg CO2e,2024-08,2024,-30.15,1704,0,,Frontier Developments Ltd.,True,False,False
223005401501,Delta Asset Management Ltd.,Melbourne Central Tower,Electricity Consumption,Electricity,kg CO2e,2024-08,2024,7027.563,1719,2,Kestrel Properties Pte. Ltd.,Frontier Developments Ltd.,False,False,False
354342113419,Frontier Developments Ltd.,Alexandra Business Park,Electricity Consumption,Electricity,kg CO2e,2024-08,2024,19663.83,1704,0,,Frontier Developments Ltd.,False,False,False
354342113419,Frontier Developments Ltd.,Maldives Beach Resort,Electricity Consumption,Electricity,kg CO2e,2024-08,2024,1512.324,1704,0,,Frontier Developments Ltd.,False,False,False
763595448017,Apex Holdings Pte. Ltd.,Dempsey Hill Estate,Electricity Consumption,Electricity,kg CO2e,2024-08,2024,792595.96928,1721,2,Crestline Real Estate Pte. Ltd.,Frontier Developments Ltd.,False,False,False
354342113419,Frontier Developments Ltd.,Orchard Grand Residences,Electricity Consumption,Electricity,kg CO2e,2024-08,2024,288.234,1704,0,,Frontier Developments Ltd.,False,False,False
223005401501,Delta Asset Management Ltd.,Sydney Harbour Suites,Electricity Consumption,Electricity,kg CO2e,2024-08,2024,7027.563,1719,2,Kestrel Properties Pte. Ltd.,Frontier Developments Ltd.,False,False,False
354342113419,Frontier Developments Ltd.,Jurong Lake District Tower,Electricity Consumption,Electricity,kg CO2e,2024-08,2024,-30.15,1704,0,,Frontier Developments Ltd.,True,False,False
354342113419,Frontier Developments Ltd.,Sentosa Cove Villas,Electricity Consumption,Electricity,kg CO2e,2024-08,2024,154075.671228,1704,0,,Frontier Developments Ltd.,False,False,False
214832269481,Crestline Real Estate Pte. Ltd.,Riverside Walk Mall,Electricity Consumption,Electricity,kg CO2e,2024-08,2024,1164283.25802,1705,1,Frontier Developments Ltd.,Frontier Developments Ltd.,False,False,False
354342113419,Frontier Developments Ltd.,Sentosa Cove Villas,Electricity Consumption,Electricity,kg CO2e,2024-09,2024,146497.0087998,1704,0,,Frontier Developments Ltd.,False,False,False
354342113419,Frontier Developments Ltd.,Jurong Lake District Tower,Electricity Consumption,Electricity,kg CO2e,2024-09,2024,118.992,1704,0,,Frontier Developments Ltd.,False,False,False
223005401501,Delta Asset Management Ltd.,Sydney Harbour Suites,Electricity Consumption,Electricity,kg CO2e,2024-09,2024,1223.889,1719,2,Kestrel Properties Pte. Ltd.,Frontier Developments Ltd.,False,False,False
354342113419,Frontier Developments Ltd.,One Holland Village,Electricity Consumption,Electricity,kg CO2e,2024-09,2024,118.992,1704,0,,Frontier Developments Ltd.,False,False,False
763595448017,Apex Holdings Pte. Ltd.,Dempsey Hill Estate,Electricity Consumption,Electricity,kg CO2e,2024-09,2024,761206.264,1721,2,Crestline Real Estate Pte. Ltd.,Frontier Developments Ltd.,False,False,False
214832269481,Crestline Real Estate Pte. Ltd.,Riverside Walk Mall,Electricity Consumption,Electricity,kg CO2e,2024-09,2024,1119981.82488,1705,1,Frontier Developments Ltd.,Frontier Developments Ltd.,False,False,False
214832269481,Crestline Real Estate Pte. Ltd.,City Plaza Commercial,Electricity Consumption,Electricity,kg CO2e,2024-09,2024,318526.47282,1705,1,Frontier Developments Ltd.,Frontier Developments Ltd.,False,False,False
214832269481,Crestline Real Estate Pte. Ltd.,Tanjong Pagar Plaza,Electricity Consumption,Electricity,kg CO2e,2024-09,2024,327591.50448,1705,1,Frontier Developments Ltd.,Frontier Developments Ltd.,False,False,False
354342113419,Frontier Developments Ltd.,Orchard Grand Residences,Electricity Consumption,Electricity,kg CO2e,2024-09,2024,352.554,1704,0,,Frontier Developments Ltd.,False,False,False
354342113419,Frontier Developments Ltd.,Maldives Beach Resort,Electricity Consumption,Electricity,kg CO2e,2024-09,2024,1472.928,1704,0,,Frontier Developments Ltd.,False,False,False
354342113419,Frontier Developments Ltd.,Alexandra Business Park,Electricity Consumption,Electricity,kg CO2e,2024-09,2024,15958.194,1704,0,,Frontier Developments Ltd.,False,False,False
223005401501,Delta Asset Management Ltd.,Melbourne Central Tower,Electricity Consumption,Electricity,kg CO2e,2024-09,2024,1223.889,1719,2,Kestrel Properties Pte. Ltd.,Frontier Developments Ltd.,False,False,False
214832269481,Crestline Real Estate Pte. Ltd.,City Plaza Commercial,Electricity Consumption,Electricity,kg CO2e,2024-10,2024,334801.90512,1705,1,Frontier Developments Ltd.,Frontier Developments Ltd.,False,False,False
354342113419,Frontier Developments Ltd.,Orchard Grand Residences,Electricity Consumption,Electricity,kg CO2e,2024-10,2024,246.828,1704,0,,Frontier Developments Ltd.,False,False,False
763595448017,Apex Holdings Pte. Ltd.,Dempsey Hill Estate,Electricity Consumption,Electricity,kg CO2e,2024-10,2024,799493.52224,1721,2,Crestline Real Estate Pte. Ltd.,Frontier Developments Ltd.,False,False,False
223005401501,Delta Asset Management Ltd.,Sydney Harbour Suites,Electricity Consumption,Electricity,kg CO2e,2024-10,2024,4217.181,1719,2,Kestrel Properties Pte. Ltd.,Frontier Developments Ltd.,False,False,False
214832269481,Crestline Real Estate Pte. Ltd.,Riverside Walk Mall,Electricity Consumption,Electricity,kg CO2e,2024-10,2024,1170672.4209,1705,1,Frontier Developments Ltd.,Frontier Developments Ltd.,False,False,False
214832269481,Crestline Real Estate Pte. Ltd.,Tanjong Pagar Plaza,Electricity Consumption,Electricity,kg CO2e,2024-10,2024,341614.59108,1705,1,Frontier Developments Ltd.,Frontier Developments Ltd.,False,False,False
223005401501,Delta Asset Management Ltd.,Melbourne Central Tower,Electricity Consumption,Electricity,kg CO2e,2024-10,2024,4217.181,1719,2,Kestrel Properties Pte. Ltd.,Frontier Developments Ltd.,False,False,False
354342113419,Frontier Developments Ltd.,Maldives Beach Resort,Electricity Consumption,Electricity,kg CO2e,2024-10,2024,2524.158,1704,0,,Frontier Developments Ltd.,False,False,False
354342113419,Frontier Developments Ltd.,One Holland Village,Electricity Consumption,Electricity,kg CO2e,2024-10,2024,46.632,1704,0,,Frontier Developments Ltd.,False,False,False
354342113419,Frontier Developments Ltd.,Jurong Lake District Tower,Electricity Consumption,Electricity,kg CO2e,2024-10,2024,46.632,1704,0,,Frontier Developments Ltd.,False,False,False
354342113419,Frontier Developments Ltd.,Alexandra Business Park,Electricity Consumption,Electricity,kg CO2e,2024-10,2024,15265.548,1704,0,,Frontier Developments Ltd.,False,False,False
354342113419,Frontier Developments Ltd.,Sentosa Cove Villas,Electricity Consumption,Electricity,kg CO2e,2024-10,2024,157447.528638,1704,0,,Frontier Developments Ltd.,False,False,False
354342113419,Frontier Developments Ltd.,Alexandra Business Park,Electricity Consumption,Electricity,kg CO2e,2024-11,2024,14010.906,1704,0,,Frontier Developments Ltd.,False,False,False
354342113419,Frontier Developments Ltd.,Sentosa Cove Villas,Electricity Consumption,Electricity,kg CO2e,2024-11,2024,148923.197229,1704,0,,Frontier Developments Ltd.,False,False,False
354342113419,Frontier Developments Ltd.,Orchard Grand Residences,Electricity Consumption,Electricity,kg CO2e,2024-11,2024,228.738,1704,0,,Frontier Developments Ltd.,False,False,False
223005401501,Delta Asset Management Ltd.,Sydney Harbour Suites,Electricity Consumption,Electricity,kg CO2e,2024-11,2024,6378.735,1719,2,Kestrel Properties Pte. Ltd.,Frontier Developments Ltd.,False,False,False
223005401501,Delta Asset Management Ltd.,Melbourne Central Tower,Electricity Consumption,Electricity,kg CO2e,2024-11,2024,6378.735,1719,2,Kestrel Properties Pte. Ltd.,Frontier Developments Ltd.,False,False,False
354342113419,Frontier Developments Ltd.,One Holland Village,Electricity Consumption,Electricity,kg CO2e,2024-11,2024,51.054,1704,0,,Frontier Developments Ltd.,False,False,False
214832269481,Crestline Real Estate Pte. Ltd.,City Plaza Commercial,Electricity Consumption,Electricity,kg CO2e,2024-11,2024,319662.36,1705,1,Frontier Developments Ltd.,Frontier Developments Ltd.,False,False,False
354342113419,Frontier Developments Ltd.,Maldives Beach Resort,Electricity Consumption,Electricity,kg CO2e,2024-11,2024,2900.832,1704,0,,Frontier Developments Ltd.,False,False,False
763595448017,Apex Holdings Pte. Ltd.,Dempsey Hill Estate,Electricity Consumption,Electricity,kg CO2e,2024-11,2024,744783.10944,1721,2,Crestline Real Estate Pte. Ltd.,Frontier Developments Ltd.,False,False,False
214832269481,Crestline Real Estate Pte. Ltd.,Riverside Walk Mall,Electricity Consumption,Electricity,kg CO2e,2024-11,2024,1092453.56034,1705,1,Frontier Developments Ltd.,Frontier Developments Ltd.,False,False,False
354342113419,Frontier Developments Ltd.,Jurong Lake District Tower,Electricity Consumption,Electricity,kg CO2e,2024-11,2024,51.054,1704,0,,Frontier Developments Ltd.,False,False,False
214832269481,Crestline Real Estate Pte. Ltd.,Tanjong Pagar Plaza,Electricity Consumption,Electricity,kg CO2e,2024-11,2024,324611.50662,1705,1,Frontier Developments Ltd.,Frontier Developments Ltd.,False,False,False
214832269481,Crestline Real Estate Pte. Ltd.,City Plaza Commercial,Electricity Consumption,Electricity,kg CO2e,2024-12,2024,315279.4545,1705,1,Frontier Developments Ltd.,Frontier Developments Ltd.,False,False,False
354342113419,Frontier Developments Ltd.,Alexandra Business Park,Electricity Consumption,Electricity,kg CO2e,2024-12,2024,11275.698,1704,0,,Frontier Developments Ltd.,False,False,False
223005401501,Delta Asset Management Ltd.,Sydney Harbour Suites,Electricity Consumption,Electricity,kg CO2e,2024-12,2024,3219.417,1719,2,Kestrel Properties Pte. Ltd.,Frontier Developments Ltd.,False,False,False
354342113419,Frontier Developments Ltd.,One Holland Village,Electricity Consumption,Electricity,kg CO2e,2024-12,2024,49.446,1704,0,,Frontier Developments Ltd.,False,False,False
763595448017,Apex Holdings Pte. Ltd.,Dempsey Hill Estate,Electricity Consumption,Electricity,kg CO2e,2024-12,2024,756086.29792,1721,2,Crestline Real Estate Pte. Ltd.,Frontier Developments Ltd.,False,False,False
354342113419,Frontier Developments Ltd.,Jurong Lake District Tower,Electricity Consumption,Electricity,kg CO2e,2024-12,2024,49.446,1704,0,,Frontier Developments Ltd.,False,False,False
354342113419,Frontier Developments Ltd.,Sentosa Cove Villas,Electricity Consumption,Electricity,kg CO2e,2024-12,2024,147813.2614002,1704,0,,Frontier Developments Ltd.,False,False,False
354342113419,Frontier Developments Ltd.,Maldives Beach Resort,Electricity Consumption,Electricity,kg CO2e,2024-12,2024,3013.392,1704,0,,Frontier Developments Ltd.,False,False,False
214832269481,Crestline Real Estate Pte. Ltd.,Tanjong Pagar Plaza,Electricity Consumption,Electricity,kg CO2e,2024-12,2024,324458.23206,1705,1,Frontier Developments Ltd.,Frontier Developments Ltd.,False,False,False
214832269481,Crestline Real Estate Pte. Ltd.,Riverside Walk Mall,Electricity Consumption,Electricity,kg CO2e,2024-12,2024,1109704.30494,1705,1,Frontier Developments Ltd.,Frontier Developments Ltd.,False,False,False
354342113419,Frontier Developments Ltd.,Orchard Grand Residences,Electricity Consumption,Electricity,kg CO2e,2024-12,2024,200.598,1704,0,,Frontier Developments Ltd.,False,False,False
223005401501,Delta Asset Management Ltd.,Melbourne Central Tower,Electricity Consumption,Electricity,kg CO2e,2024-12,2024,3219.417,1719,2,Kestrel Properties Pte. Ltd.,Frontier Developments Ltd.,False,False,False
214832269481,Crestline Real Estate Pte. Ltd.,City Plaza Commercial,Stationary Asset Combustion,Diesel,kg CO2e,2024-12,2024,623.95017857,1705,1,Frontier Developments Ltd.,Frontier Developments Ltd.,False,False,False
214832269481,Crestline Real Estate Pte. Ltd.,Riverside Walk Mall,Stationary Asset Combustion,Diesel,kg CO2e,2024-12,2024,411.54160714,1705,1,Frontier Developments Ltd.,Frontier Developments Ltd.,False,False,False
214832269481,Crestline Real Estate Pte. Ltd.,Tanjong Pagar Plaza,Stationary Asset Combustion,Diesel,kg CO2e,2024-12,2024,1218.69417857,1705,1,Frontier Developments Ltd.,Frontier Developments Ltd.,False,False,False
763595448017,Apex Holdings Pte. Ltd.,Dempsey Hill Estate,Stationary Asset Combustion,Diesel 100 mineral diesel,kg CO2e,2024-01,2024,1245363.19895,1721,2,Crestline Real Estate Pte. Ltd.,Frontier Developments Ltd.,False,False,False
763595448017,Apex Holdings Pte. Ltd.,Dempsey Hill Estate,Stationary Asset Combustion,Diesel 100 mineral diesel,kg CO2e,2024-02,2024,1302416.18475,1721,2,Crestline Real Estate Pte. Ltd.,Frontier Developments Ltd.,False,False,False
763595448017,Apex Holdings Pte. Ltd.,Dempsey Hill Estate,Stationary Asset Combustion,Diesel 100 mineral diesel,kg CO2e,2024-03,2024,1355814.8624,1721,2,Crestline Real Estate Pte. Ltd.,Frontier Developments Ltd.,False,False,False
763595448017,Apex Holdings Pte. Ltd.,Dempsey Hill Estate,Stationary Asset Combustion,Diesel 100 mineral diesel,kg CO2e,2024-04,2024,1367799.82205,1721,2,Crestline Real Estate Pte. Ltd.,Frontier Developments Ltd.,False,False,False
763595448017,Apex Holdings Pte. Ltd.,Dempsey Hill Estate,Stationary Asset Combustion,Diesel 100 mineral diesel,kg CO2e,2024-05,2024,1301572.4734,1721,2,Crestline Real Estate Pte. Ltd.,Frontier Developments Ltd.,False,False,False
763595448017,Apex Holdings Pte. Ltd.,Dempsey Hill Estate,Stationary Asset Combustion,Diesel 100 mineral diesel,kg CO2e,2024-06,2024,1231581.69305,1721,2,Crestline Real Estate Pte. Ltd.,Frontier Developments Ltd.,False,False,False
763595448017,Apex Holdings Pte. Ltd.,Dempsey Hill Estate,Stationary Asset Combustion,Diesel 100 mineral diesel,kg CO2e,2024-07,2024,1279556.1318,1721,2,Crestline Real Estate Pte. Ltd.,Frontier Developments Ltd.,False,False,False
763595448017,Apex Holdings Pte. Ltd.,Dempsey Hill Estate,Stationary Asset Combustion,Diesel 100 mineral diesel,kg CO2e,2024-08,2024,1328371.62035,1721,2,Crestline Real Estate Pte. Ltd.,Frontier Developments Ltd.,False,False,False
763595448017,Apex Holdings Pte. Ltd.,Dempsey Hill Estate,Stationary Asset Combustion,Diesel 100 mineral diesel,kg CO2e,2024-09,2024,1322577.426,1721,2,Crestline Real Estate Pte. Ltd.,Frontier Developments Ltd.,False,False,False
763595448017,Apex Holdings Pte. Ltd.,Dempsey Hill Estate,Stationary Asset Combustion,Diesel 100 mineral diesel,kg CO2e,2024-10,2024,1400150.9623,1721,2,Crestline Real Estate Pte. Ltd.,Frontier Developments Ltd.,False,False,False
763595448017,Apex Holdings Pte. Ltd.,Dempsey Hill Estate,Stationary Asset Combustion,Diesel 100 mineral diesel,kg CO2e,2024-11,2024,1245184.8751,1721,2,Crestline Real Estate Pte. Ltd.,Frontier Developments Ltd.,False,False,False
763595448017,Apex Holdings Pte. Ltd.,Dempsey Hill Estate,Stationary Asset Combustion,Diesel 100 mineral diesel,kg CO2e,2024-12,2024,1474413.5304,1721,2,Crestline Real Estate Pte. Ltd.,Frontier Developments Ltd.,False,False,False
763595448017,Apex Holdings Pte. Ltd.,Dempsey Hill Estate,Stationary Asset Combustion,Petrol 100 mineral petrol,kg CO2e,2024-01,2024,154780.6272,1721,2,Crestline Real Estate Pte. Ltd.,Frontier Developments Ltd.,False,False,False
763595448017,Apex Holdings Pte. Ltd.,Dempsey Hill Estate,Stationary Asset Combustion,Petrol 100 mineral petrol,kg CO2e,2024-02,2024,149131.6992,1721,2,Crestline Real Estate Pte. Ltd.,Frontier Developments Ltd.,False,False,False
763595448017,Apex Holdings Pte. Ltd.,Dempsey Hill Estate,Stationary Asset Combustion,Petrol 100 mineral petrol,kg CO2e,2024-03,2024,119992.6456,1721,2,Crestline Real Estate Pte. Ltd.,Frontier Developments Ltd.,False,False,False
763595448017,Apex Holdings Pte. Ltd.,Dempsey Hill Estate,Stationary Asset Combustion,Petrol 100 mineral petrol,kg CO2e,2024-04,2024,130113.6416,1721,2,Crestline Real Estate Pte. Ltd.,Frontier Developments Ltd.,False,False,False
763595448017,Apex Holdings Pte. Ltd.,Dempsey Hill Estate,Stationary Asset Combustion,Petrol 100 mineral petrol,kg CO2e,2024-05,2024,143129.7132,1721,2,Crestline Real Estate Pte. Ltd.,Frontier Developments Ltd.,False,False,False
763595448017,Apex Holdings Pte. Ltd.,Dempsey Hill Estate,Stationary Asset Combustion,Petrol 100 mineral petrol,kg CO2e,2024-06,2024,138156.30284,1721,2,Crestline Real Estate Pte. Ltd.,Frontier Developments Ltd.,False,False,False
763595448017,Apex Holdings Pte. Ltd.,Dempsey Hill Estate,Stationary Asset Combustion,Petrol 100 mineral petrol,kg CO2e,2024-07,2024,150426.2452,1721,2,Crestline Real Estate Pte. Ltd.,Frontier Developments Ltd.,False,False,False
763595448017,Apex Holdings Pte. Ltd.,Dempsey Hill Estate,Stationary Asset Combustion,Petrol 100 mineral petrol,kg CO2e,2024-08,2024,143035.5644,1721,2,Crestline Real Estate Pte. Ltd.,Frontier Developments Ltd.,False,False,False
763595448017,Apex Holdings Pte. Ltd.,Dempsey Hill Estate,Stationary Asset Combustion,Petrol 100 mineral petrol,kg CO2e,2024-09,2024,97971.24128,1721,2,Crestline Real Estate Pte. Ltd.,Frontier Developments Ltd.,False,False,False
763595448017,Apex Holdings Pte. Ltd.,Dempsey Hill Estate,Stationary Asset Combustion,Petrol 100 mineral petrol,kg CO2e,2024-10,2024,142731.93452,1721,2,Crestline Real Estate Pte. Ltd.,Frontier Developments Ltd.,False,False,False
763595448017,Apex Holdings Pte. Ltd.,Dempsey Hill Estate,Stationary Asset Combustion,Petrol 100 mineral petrol,kg CO2e,2024-11,2024,141371.48436,1721,2,Crestline Real Estate Pte. Ltd.,Frontier Developments Ltd.,False,False,False
763595448017,Apex Holdings Pte. Ltd.,Dempsey Hill Estate,Stationary Asset Combustion,Petrol 100 mineral petrol,kg CO2e,2024-12,2024,156124.60132,1721,2,Crestline Real Estate Pte. Ltd.,Frontier Developments Ltd.,False,False,False
214832269481,Crestline Real Estate Pte. Ltd.,Riverside Walk Mall,Waste,Glass,kg CO2e,2024-12,2024,4.4233209,1705,1,Frontier Developments Ltd.,Frontier Developments Ltd.,False,False,False
214832269481,Crestline Real Estate Pte. Ltd.,City Plaza Commercial,Waste,Glass,kg CO2e,2024-12,2024,3.23735805,1705,1,Frontier Developments Ltd.,Frontier Developments Ltd.,False,False,False
214832269481,Crestline Real Estate Pte. Ltd.,Tanjong Pagar Plaza,Waste,Glass,kg CO2e,2024-12,2024,3.23735805,1705,1,Frontier Developments Ltd.,Frontier Developments Ltd.,False,False,False
214832269481,Crestline Real Estate Pte. Ltd.,Tanjong Pagar Plaza,Waste,Metals,kg CO2e,2024-12,2024,0.354546,1705,1,Frontier Developments Ltd.,Frontier Developments Ltd.,False,False,False
214832269481,Crestline Real Estate Pte. Ltd.,Riverside Walk Mall,Waste,Metals,kg CO2e,2024-12,2024,1.122729,1705,1,Frontier Developments Ltd.,Frontier Developments Ltd.,False,False,False
354342113419,Frontier Developments Ltd.,Sentosa Cove Villas,Waste,Metals,kg CO2e,2024-12,2024,0.19697,1704,0,,Frontier Developments Ltd.,False,False,False
214832269481,Crestline Real Estate Pte. Ltd.,City Plaza Commercial,Waste,Metals,kg CO2e,2024-12,2024,0.354546,1705,1,Frontier Developments Ltd.,Frontier Developments Ltd.,False,False,False
214832269481,Crestline Real Estate Pte. Ltd.,Riverside Walk Mall,Waste,Mixed recyclables,kg CO2e,2024-12,2024,671.63809229,1705,1,Frontier Developments Ltd.,Frontier Developments Ltd.,False,False,False
354342113419,Frontier Developments Ltd.,Orchard Grand Residences,Waste,Mixed recyclables,kg CO2e,2024-12,2024,644.25668706,1704,0,,Frontier Developments Ltd.,False,False,False
354342113419,Frontier Developments Ltd.,Sentosa Cove Villas,Waste,Mixed recyclables,kg CO2e,2024-12,2024,558.5409837,1704,0,,Frontier Developments Ltd.,False,False,False
214832269481,Crestline Real Estate Pte. Ltd.,Tanjong Pagar Plaza,Waste,Mixed recyclables,kg CO2e,2024-12,2024,853.68475395,1705,1,Frontier Developments Ltd.,Frontier Developments Ltd.,False,False,False
214832269481,Crestline Real Estate Pte. Ltd.,City Plaza Commercial,Waste,Mixed recyclables,kg CO2e,2024-12,2024,853.68475395,1705,1,Frontier Developments Ltd.,Frontier Developments Ltd.,False,False,False
223005401501,Delta Asset Management Ltd.,Sydney Harbour Suites,Waste,Mixed recyclables,kg CO2e,2024-12,2024,280.01455177,1719,2,Kestrel Properties Pte. Ltd.,Frontier Developments Ltd.,False,False,False
223005401501,Delta Asset Management Ltd.,Melbourne Central Tower,Waste,Mixed recyclables,kg CO2e,2024-12,2024,280.01455177,1719,2,Kestrel Properties Pte. Ltd.,Frontier Developments Ltd.,False,False,False
354342113419,Frontier Developments Ltd.,Maldives Beach Resort,Waste,Mixed recyclables,kg CO2e,2024-12,2024,644.55431103,1704,0,,Frontier Developments Ltd.,False,False,False
354342113419,Frontier Developments Ltd.,Alexandra Business Park,Waste,Mixed recyclables,kg CO2e,2024-12,2024,587.01367683,1704,0,,Frontier Developments Ltd.,False,False,False
354342113419,Frontier Developments Ltd.,Jurong Lake District Tower,Waste,Mixed recyclables,kg CO2e,2024-12,2024,256.75027811,1704,0,,Frontier Developments Ltd.,False,False,False
214832269481,Crestline Real Estate Pte. Ltd.,City Plaza Commercial,Waste,Other waste,kg CO2e,2024-12,2024,21486.6075,1705,1,Frontier Developments Ltd.,Frontier Developments Ltd.,False,False,False
354342113419,Frontier Developments Ltd.,Jurong Lake District Tower,Waste,Other waste,kg CO2e,2024-12,2024,3012.507,1704,0,,Frontier Developments Ltd.,False,False,False
223005401501,Delta Asset Management Ltd.,Melbourne Central Tower,Waste,Other waste,kg CO2e,2024-12,2024,11466.38125,1719,2,Kestrel Properties Pte. Ltd.,Frontier Developments Ltd.,False,False,False
214832269481,Crestline Real Estate Pte. Ltd.,Riverside Walk Mall,Waste,Other waste,kg CO2e,2024-12,2024,103189.905,1705,1,Frontier Developments Ltd.,Frontier Developments Ltd.,False,False,False
223005401501,Delta Asset Management Ltd.,Sydney Harbour Suites,Waste,Other waste,kg CO2e,2024-12,2024,11466.38125,1719,2,Kestrel Properties Pte. Ltd.,Frontier Developments Ltd.,False,False,False
354342113419,Frontier Developments Ltd.,Sentosa Cove Villas,Waste,Other waste,kg CO2e,2024-12,2024,18420.915,1704,0,,Frontier Developments Ltd.,False,False,False
354342113419,Frontier Developments Ltd.,Alexandra Business Park,Waste,Other waste,kg CO2e,2024-12,2024,24104.962,1704,0,,Frontier Developments Ltd.,False,False,False
214832269481,Crestline Real Estate Pte. Ltd.,Tanjong Pagar Plaza,Waste,Other waste,kg CO2e,2024-12,2024,21486.6075,1705,1,Frontier Developments Ltd.,Frontier Developments Ltd.,False,False,False
354342113419,Frontier Developments Ltd.,Orchard Grand Residences,Waste,Other waste,kg CO2e,2024-12,2024,24569.471,1704,0,,Frontier Developments Ltd.,False,False,False
354342113419,Frontier Developments Ltd.,Maldives Beach Resort,Waste,Other waste,kg CO2e,2024-12,2024,24738.1705,1704,0,,Frontier Developments Ltd.,False,False,False
214832269481,Crestline Real Estate Pte. Ltd.,City Plaza Commercial,Waste,Plastics average plastics,kg CO2e,2024-12,2024,2.9488806,1705,1,Frontier Developments Ltd.,Frontier Developments Ltd.,False,False,False
214832269481,Crestline Real Estate Pte. Ltd.,Tanjong Pagar Plaza,Waste,Plastics average plastics,kg CO2e,2024-12,2024,2.9488806,1705,1,Frontier Developments Ltd.,Frontier Developments Ltd.,False,False,False
214832269481,Crestline Real Estate Pte. Ltd.,Riverside Walk Mall,Waste,Plastics average plastics,kg CO2e,2024-12,2024,8.974854,1705,1,Frontier Developments Ltd.,Frontier Developments Ltd.,False,False,False
354342113419,Frontier Developments Ltd.,Sentosa Cove Villas,Waste,Plastics average plastics,kg CO2e,2024-12,2024,2.6924562,1704,0,,Frontier Developments Ltd.,False,False,False
214832269481,Crestline Real Estate Pte. Ltd.,Riverside Walk Mall,Waste,Waste paper unsorted,kg CO2e,2024-12,2024,0.0,1705,1,Frontier Developments Ltd.,Frontier Developments Ltd.,False,True,False
214832269481,Crestline Real Estate Pte. Ltd.,City Plaza Commercial,Waste,Waste paper unsorted,kg CO2e,2024-12,2024,0.0,1705,1,Frontier Developments Ltd.,Frontier Developments Ltd.,False,True,False
354342113419,Frontier Developments Ltd.,Sentosa Cove Villas,Waste,Waste paper unsorted,kg CO2e,2024-12,2024,0.0,1704,0,,Frontier Developments Ltd.,False,True,False
214832269481,Crestline Real Estate Pte. Ltd.,Tanjong Pagar Plaza,Waste,Waste paper unsorted,kg CO2e,2024-12,2024,0.0,1705,1,Frontier Developments Ltd.,Frontier Developments Ltd.,False,True,False
214832269481,Crestline Real Estate Pte. Ltd.,Tanjong Pagar Plaza,Waste,Weee small,kg CO2e,2024-12,2024,1.1539098,1705,1,Frontier Developments Ltd.,Frontier Developments Ltd.,False,False,False
354342113419,Frontier Developments Ltd.,Alexandra Business Park,Waste,Weee small,kg CO2e,2024-12,2024,0.01602652,1704,0,,Frontier Developments Ltd.,False,False,False
223005401501,Delta Asset Management Ltd.,Melbourne Central Tower,Waste,Weee small,kg CO2e,2024-12,2024,0.04006631,1719,2,Kestrel Properties Pte. Ltd.,Frontier Developments Ltd.,False,False,False
223005401501,Delta Asset Management Ltd.,Sydney Harbour Suites,Waste,Weee small,kg CO2e,2024-12,2024,0.04006631,1719,2,Kestrel Properties Pte. Ltd.,Frontier Developments Ltd.,False,False,False
214832269481,Crestline Real Estate Pte. Ltd.,City Plaza Commercial,Waste,Weee small,kg CO2e,2024-12,2024,1.1539098,1705,1,Frontier Developments Ltd.,Frontier Developments Ltd.,False,False,False
354342113419,Frontier Developments Ltd.,Maldives Beach Resort,Waste,Weee small,kg CO2e,2024-12,2024,0.31411989,1704,0,,Frontier Developments Ltd.,False,False,False
354342113419,Frontier Developments Ltd.,Sentosa Cove Villas,Waste,Weee small,kg CO2e,2024-12,2024,3.5899416,1704,0,,Frontier Developments Ltd.,False,False,False
214832269481,Crestline Real Estate Pte. Ltd.,City Plaza Commercial,Water,Newater,kg CO2e,2024-01,2024,95.1615,1705,1,Frontier Developments Ltd.,Frontier Developments Ltd.,False,False,False
214832269481,Crestline Real Estate Pte. Ltd.,Tanjong Pagar Plaza,Water,Newater,kg CO2e,2024-01,2024,1167.132,1705,1,Frontier Developments Ltd.,Frontier Developments Ltd.,False,False,False
214832269481,Crestline Real Estate Pte. Ltd.,Riverside Walk Mall,Water,Newater,kg CO2e,2024-01,2024,95.1615,1705,1,Frontier Developments Ltd.,Frontier Developments Ltd.,False,False,False
214832269481,Crestline Real Estate Pte. Ltd.,City Plaza Commercial,Water,Newater,kg CO2e,2024-02,2024,60.4485,1705,1,Frontier Developments Ltd.,Frontier Developments Ltd.,False,False,False
214832269481,Crestline Real Estate Pte. Ltd.,Tanjong Pagar Plaza,Water,Newater,kg CO2e,2024-02,2024,1148.835,1705,1,Frontier Developments Ltd.,Frontier Developments Ltd.,False,False,False
214832269481,Crestline Real Estate Pte. Ltd.,Riverside Walk Mall,Water,Newater,kg CO2e,2024-02,2024,60.4485,1705,1,Frontier Developments Ltd.,Frontier Developments Ltd.,False,False,False
214832269481,Crestline Real Estate Pte. Ltd.,Tanjong Pagar Plaza,Water,Newater,kg CO2e,2024-03,2024,1274.919,1705,1,Frontier Developments Ltd.,Frontier Developments Ltd.,False,False,False
214832269481,Crestline Real Estate Pte. Ltd.,City Plaza Commercial,Water,Newater,kg CO2e,2024-03,2024,218.5665,1705,1,Frontier Developments Ltd.,Frontier Developments Ltd.,False,False,False
214832269481,Crestline Real Estate Pte. Ltd.,Riverside Walk Mall,Water,Newater,kg CO2e,2024-03,2024,218.5665,1705,1,Frontier Developments Ltd.,Frontier Developments Ltd.,False,False,False
214832269481,Crestline Real Estate Pte. Ltd.,City Plaza Commercial,Water,Newater,kg CO2e,2024-04,2024,144.096,1705,1,Frontier Developments Ltd.,Frontier Developments Ltd.,False,False,False
214832269481,Crestline Real Estate Pte. Ltd.,Riverside Walk Mall,Water,Newater,kg CO2e,2024-04,2024,144.096,1705,1,Frontier Developments Ltd.,Frontier Developments Ltd.,False,False,False
214832269481,Crestline Real Estate Pte. Ltd.,Tanjong Pagar Plaza,Water,Newater,kg CO2e,2024-04,2024,1264.374,1705,1,Frontier Developments Ltd.,Frontier Developments Ltd.,False,False,False
214832269481,Crestline Real Estate Pte. Ltd.,Riverside Walk Mall,Water,Newater,kg CO2e,2024-05,2024,109.383,1705,1,Frontier Developments Ltd.,Frontier Developments Ltd.,False,False,False
214832269481,Crestline Real Estate Pte. Ltd.,City Plaza Commercial,Water,Newater,kg CO2e,2024-05,2024,109.383,1705,1,Frontier Developments Ltd.,Frontier Developments Ltd.,False,False,False
214832269481,Crestline Real Estate Pte. Ltd.,Tanjong Pagar Plaza,Water,Newater,kg CO2e,2024-05,2024,1252.176,1705,1,Frontier Developments Ltd.,Frontier Developments Ltd.,False,False,False
214832269481,Crestline Real Estate Pte. Ltd.,Tanjong Pagar Plaza,Water,Newater,kg CO2e,2024-06,2024,1186.512,1705,1,Frontier Developments Ltd.,Frontier Developments Ltd.,False,False,False
214832269481,Crestline Real Estate Pte. Ltd.,City Plaza Commercial,Water,Newater,kg CO2e,2024-06,2024,91.542,1705,1,Frontier Developments Ltd.,Frontier Developments Ltd.,False,False,False
214832269481,Crestline Real Estate Pte. Ltd.,Riverside Walk Mall,Water,Newater,kg CO2e,2024-06,2024,91.542,1705,1,Frontier Developments Ltd.,Frontier Developments Ltd.,False,False,False
214832269481,Crestline Real Estate Pte. Ltd.,City Plaza Commercial,Water,Newater,kg CO2e,2024-07,2024,143.8395,1705,1,Frontier Developments Ltd.,Frontier Developments Ltd.,False,False,False
214832269481,Crestline Real Estate Pte. Ltd.,Tanjong Pagar Plaza,Water,Newater,kg CO2e,2024-07,2024,1525.605,1705,1,Frontier Developments Ltd.,Frontier Developments Ltd.,False,False,False
214832269481,Crestline Real Estate Pte. Ltd.,Riverside Walk Mall,Water,Newater,kg CO2e,2024-07,2024,143.8395,1705,1,Frontier Developments Ltd.,Frontier Developments Ltd.,False,False,False
214832269481,Crestline Real Estate Pte. Ltd.,Riverside Walk Mall,Water,Newater,kg CO2e,2024-08,2024,130.758,1705,1,Frontier Developments Ltd.,Frontier Developments Ltd.,False,False,False
214832269481,Crestline Real Estate Pte. Ltd.,Tanjong Pagar Plaza,Water,Newater,kg CO2e,2024-08,2024,1386.867,1705,1,Frontier Developments Ltd.,Frontier Developments Ltd.,False,False,False
214832269481,Crestline Real Estate Pte. Ltd.,City Plaza Commercial,Water,Newater,kg CO2e,2024-08,2024,130.758,1705,1,Frontier Developments Ltd.,Frontier Developments Ltd.,False,False,False
214832269481,Crestline Real Estate Pte. Ltd.,City Plaza Commercial,Water,Newater,kg CO2e,2024-09,2024,69.483,1705,1,Frontier Developments Ltd.,Frontier Developments Ltd.,False,False,False
214832269481,Crestline Real Estate Pte. Ltd.,Tanjong Pagar Plaza,Water,Newater,kg CO2e,2024-09,2024,886.863,1705,1,Frontier Developments Ltd.,Frontier Developments Ltd.,False,False,False
214832269481,Crestline Real Estate Pte. Ltd.,Riverside Walk Mall,Water,Newater,kg CO2e,2024-09,2024,69.483,1705,1,Frontier Developments Ltd.,Frontier Developments Ltd.,False,False,False
214832269481,Crestline Real Estate Pte. Ltd.,City Plaza Commercial,Water,Newater,kg CO2e,2024-10,2024,243.8175,1705,1,Frontier Developments Ltd.,Frontier Developments Ltd.,False,False,False
214832269481,Crestline Real Estate Pte. Ltd.,Tanjong Pagar Plaza,Water,Newater,kg CO2e,2024-10,2024,1283.298,1705,1,Frontier Developments Ltd.,Frontier Developments Ltd.,False,False,False
214832269481,Crestline Real Estate Pte. Ltd.,Riverside Walk Mall,Water,Newater,kg CO2e,2024-10,2024,243.8175,1705,1,Frontier Developments Ltd.,Frontier Developments Ltd.,False,False,False
214832269481,Crestline Real Estate Pte. Ltd.,Tanjong Pagar Plaza,Water,Newater,kg CO2e,2024-11,2024,1294.812,1705,1,Frontier Developments Ltd.,Frontier Developments Ltd.,False,False,False
214832269481,Crestline Real Estate Pte. Ltd.,Riverside Walk Mall,Water,Newater,kg CO2e,2024-11,2024,184.1955,1705,1,Frontier Developments Ltd.,Frontier Developments Ltd.,False,False,False
214832269481,Crestline Real Estate Pte. Ltd.,City Plaza Commercial,Water,Newater,kg CO2e,2024-11,2024,184.1955,1705,1,Frontier Developments Ltd.,Frontier Developments Ltd.,False,False,False
214832269481,Crestline Real Estate Pte. Ltd.,Tanjong Pagar Plaza,Water,Newater,kg CO2e,2024-12,2024,1227.324,1705,1,Frontier Developments Ltd.,Frontier Developments Ltd.,False,False,False
214832269481,Crestline Real Estate Pte. Ltd.,City Plaza Commercial,Water,Newater,kg CO2e,2024-12,2024,158.745,1705,1,Frontier Developments Ltd.,Frontier Developments Ltd.,False,False,False
214832269481,Crestline Real Estate Pte. Ltd.,Riverside Walk Mall,Water,Newater,kg CO2e,2024-12,2024,158.745,1705,1,Frontier Developments Ltd.,Frontier Developments Ltd.,False,False,False
354342113419,Frontier Developments Ltd.,One Holland Village,Water,Potable water,kg CO2e,2024-01,2024,-1.596,1704,0,,Frontier Developments Ltd.,True,False,False
354342113419,Frontier Developments Ltd.,Alexandra Business Park,Water,Potable water,kg CO2e,2024-01,2024,-17.784,1704,0,,Frontier Developments Ltd.,True,False,False
354342113419,Frontier Developments Ltd.,Orchard Grand Residences,Water,Potable water,kg CO2e,2024-01,2024,5.301,1704,0,,Frontier Developments Ltd.,False,False,False
223005401501,Delta Asset Management Ltd.,Melbourne Central Tower,Water,Potable water,kg CO2e,2024-01,2024,149.967,1719,2,Kestrel Properties Pte. Ltd.,Frontier Developments Ltd.,False,False,False
214832269481,Crestline Real Estate Pte. Ltd.,Riverside Walk Mall,Water,Potable water,kg CO2e,2024-01,2024,1921.413,1705,1,Frontier Developments Ltd.,Frontier Developments Ltd.,False,False,False
354342113419,Frontier Developments Ltd.,Jurong Lake District Tower,Water,Potable water,kg CO2e,2024-01,2024,-1.596,1704,0,,Frontier Developments Ltd.,True,False,False
354342113419,Frontier Developments Ltd.,Maldives Beach Resort,Water,Potable water,kg CO2e,2024-01,2024,8.778,1704,0,,Frontier Developments Ltd.,False,False,False
223005401501,Delta Asset Management Ltd.,Sydney Harbour Suites,Water,Potable water,kg CO2e,2024-01,2024,149.967,1719,2,Kestrel Properties Pte. Ltd.,Frontier Developments Ltd.,False,False,False
214832269481,Crestline Real Estate Pte. Ltd.,Tanjong Pagar Plaza,Water,Potable water,kg CO2e,2024-01,2024,1437.084,1705,1,Frontier Developments Ltd.,Frontier Developments Ltd.,False,False,False
214832269481,Crestline Real Estate Pte. Ltd.,City Plaza Commercial,Water,Potable water,kg CO2e,2024-01,2024,1921.413,1705,1,Frontier Developments Ltd.,Frontier Developments Ltd.,False,False,False
354342113419,Frontier Developments Ltd.,Sentosa Cove Villas,Water,Potable water,kg CO2e,2024-01,2024,1238.439,1704,0,,Frontier Developments Ltd.,False,False,False
354342113419,Frontier Developments Ltd.,Maldives Beach Resort,Water,Potable water,kg CO2e,2024-02,2024,-0.513,1704,0,,Frontier Developments Ltd.,True,False,False
354342113419,Frontier Developments Ltd.,Jurong Lake District Tower,Water,Potable water,kg CO2e,2024-02,2024,20.52,1704,0,,Frontier Developments Ltd.,False,False,False
214832269481,Crestline Real Estate Pte. Ltd.,Riverside Walk Mall,Water,Potable water,kg CO2e,2024-02,2024,1616.0925,1705,1,Frontier Developments Ltd.,Frontier Developments Ltd.,False,False,False
214832269481,Crestline Real Estate Pte. Ltd.,Tanjong Pagar Plaza,Water,Potable water,kg CO2e,2024-02,2024,916.503,1705,1,Frontier Developments Ltd.,Frontier Developments Ltd.,False,False,False
354342113419,Frontier Developments Ltd.,Alexandra Business Park,Water,Potable water,kg CO2e,2024-02,2024,415.245,1704,0,,Frontier Developments Ltd.,False,False,False
214832269481,Crestline Real Estate Pte. Ltd.,City Plaza Commercial,Water,Potable water,kg CO2e,2024-02,2024,1616.0925,1705,1,Frontier Developments Ltd.,Frontier Developments Ltd.,False,False,False
223005401501,Delta Asset Management Ltd.,Sydney Harbour Suites,Water,Potable water,kg CO2e,2024-02,2024,119.13,1719,2,Kestrel Properties Pte. Ltd.,Frontier Developments Ltd.,False,False,False
354342113419,Frontier Developments Ltd.,Orchard Grand Residences,Water,Potable water,kg CO2e,2024-02,2024,7.467,1704,0,,Frontier Developments Ltd.,False,False,False
354342113419,Frontier Developments Ltd.,Sentosa Cove Villas,Water,Potable water,kg CO2e,2024-02,2024,472.815,1704,0,,Frontier Developments Ltd.,False,False,False
223005401501,Delta Asset Management Ltd.,Melbourne Central Tower,Water,Potable water,kg CO2e,2024-02,2024,119.13,1719,2,Kestrel Properties Pte. Ltd.,Frontier Developments Ltd.,False,False,False
354342113419,Frontier Developments Ltd.,One Holland Village,Water,Potable water,kg CO2e,2024-02,2024,20.52,1704,0,,Frontier Developments Ltd.,False,False,False
214832269481,Crestline Real Estate Pte. Ltd.,Tanjong Pagar Plaza,Water,Potable water,kg CO2e,2024-03,2024,1024.176,1705,1,Frontier Developments Ltd.,Frontier Developments Ltd.,False,False,False
354342113419,Frontier Developments Ltd.,One Holland Village,Water,Potable water,kg CO2e,2024-03,2024,-13.509,1704,0,,Frontier Developments Ltd.,True,False,False
354342113419,Frontier Developments Ltd.,Sentosa Cove Villas,Water,Potable water,kg CO2e,2024-03,2024,828.894,1704,0,,Frontier Developments Ltd.,False,False,False
354342113419,Frontier Developments Ltd.,Jurong Lake District Tower,Water,Potable water,kg CO2e,2024-03,2024,-13.509,1704,0,,Frontier Developments Ltd.,True,False,False
214832269481,Crestline Real Estate Pte. Ltd.,Riverside Walk Mall,Water,Potable water,kg CO2e,2024-03,2024,1739.469,1705,1,Frontier Developments Ltd.,Frontier Developments Ltd.,False,False,False
354342113419,Frontier Developments Ltd.,Orchard Grand Residences,Water,Potable water,kg CO2e,2024-03,2024,-3.477,1704,0,,Frontier Developments Ltd.,True,False,False
214832269481,Crestline Real Estate Pte. Ltd.,City Plaza Commercial,Water,Potable water,kg CO2e,2024-03,2024,1739.469,1705,1,Frontier Developments Ltd.,Frontier Developments Ltd.,False,False,False
223005401501,Delta Asset Management Ltd.,Sydney Harbour Suites,Water,Potable water,kg CO2e,2024-03,2024,5.4435,1719,2,Kestrel Properties Pte. Ltd.,Frontier Developments Ltd.,False,False,False
354342113419,Frontier Developments Ltd.,Alexandra Business Park,Water,Potable water,kg CO2e,2024-03,2024,265.62,1704,0,,Frontier Developments Ltd.,False,False,False
223005401501,Delta Asset Management Ltd.,Melbourne Central Tower,Water,Potable water,kg CO2e,2024-03,2024,5.4435,1719,2,Kestrel Properties Pte. Ltd.,Frontier Developments Ltd.,False,False,False
223005401501,Delta Asset Management Ltd.,Melbourne Central Tower,Water,Potable water,kg CO2e,2024-04,2024,20.7765,1719,2,Kestrel Properties Pte. Ltd.,Frontier Developments Ltd.,False,False,False
214832269481,Crestline Real Estate Pte. Ltd.,Tanjong Pagar Plaza,Water,Potable water,kg CO2e,2024-04,2024,1157.214,1705,1,Frontier Developments Ltd.,Frontier Developments Ltd.,False,False,False
354342113419,Frontier Developments Ltd.,Jurong Lake District Tower,Water,Potable water,kg CO2e,2024-04,2024,3.762,1704,0,,Frontier Developments Ltd.,False,False,False
354342113419,Frontier Developments Ltd.,Sentosa Cove Villas,Water,Potable water,kg CO2e,2024-04,2024,-7919.352,1704,0,,Frontier Developments Ltd.,True,False,False
214832269481,Crestline Real Estate Pte. Ltd.,Riverside Walk Mall,Water,Potable water,kg CO2e,2024-04,2024,1441.8435,1705,1,Frontier Developments Ltd.,Frontier Developments Ltd.,False,False,False
354342113419,Frontier Developments Ltd.,Orchard Grand Residences,Water,Potable water,kg CO2e,2024-04,2024,4.503,1704,0,,Frontier Developments Ltd.,False,False,False
354342113419,Frontier Developments Ltd.,Alexandra Business Park,Water,Potable water,kg CO2e,2024-04,2024,299.991,1704,0,,Frontier Developments Ltd.,False,False,False
354342113419,Frontier Developments Ltd.,One Holland Village,Water,Potable water,kg CO2e,2024-04,2024,3.762,1704,0,,Frontier Developments Ltd.,False,False,False
214832269481,Crestline Real Estate Pte. Ltd.,City Plaza Commercial,Water,Potable water,kg CO2e,2024-04,2024,1441.8435,1705,1,Frontier Developments Ltd.,Frontier Developments Ltd.,False,False,False
223005401501,Delta Asset Management Ltd.,Sydney Harbour Suites,Water,Potable water,kg CO2e,2024-04,2024,20.7765,1719,2,Kestrel Properties Pte. Ltd.,Frontier Developments Ltd.,False,False,False
214832269481,Crestline Real Estate Pte. Ltd.,City Plaza Commercial,Water,Potable water,kg CO2e,2024-05,2024,1482.0,1705,1,Frontier Developments Ltd.,Frontier Developments Ltd.,False,False,False
214832269481,Crestline Real Estate Pte. Ltd.,Riverside Walk Mall,Water,Potable water,kg CO2e,2024-05,2024,1482.0,1705,1,Frontier Developments Ltd.,Frontier Developments Ltd.,False,False,False
354342113419,Frontier Developments Ltd.,One Holland Village,Water,Potable water,kg CO2e,2024-05,2024,12.711,1704,0,,Frontier Developments Ltd.,False,False,False
214832269481,Crestline Real Estate Pte. Ltd.,Tanjong Pagar Plaza,Water,Potable water,kg CO2e,2024-05,2024,1360.02,1705,1,Frontier Developments Ltd.,Frontier Developments Ltd.,False,False,False
354342113419,Frontier Developments Ltd.,Orchard Grand Residences,Water,Potable water,kg CO2e,2024-05,2024,2.85,1704,0,,Frontier Developments Ltd.,False,False,False
223005401501,Delta Asset Management Ltd.,Melbourne Central Tower,Water,Potable water,kg CO2e,2024-05,2024,20.52,1719,2,Kestrel Properties Pte. Ltd.,Frontier Developments Ltd.,False,False,False
223005401501,Delta Asset Management Ltd.,Sydney Harbour Suites,Water,Potable water,kg CO2e,2024-05,2024,20.52,1719,2,Kestrel Properties Pte. Ltd.,Frontier Developments Ltd.,False,False,False
354342113419,Frontier Developments Ltd.,Jurong Lake District Tower,Water,Potable water,kg CO2e,2024-05,2024,12.711,1704,0,,Frontier Developments Ltd.,False,False,False
354342113419,Frontier Developments Ltd.,Sentosa Cove Villas,Water,Potable water,kg CO2e,2024-05,2024,893.589,1704,0,,Frontier Developments Ltd.,False,False,False
354342113419,Frontier Developments Ltd.,Alexandra Business Park,Water,Potable water,kg CO2e,2024-05,2024,372.78,1704,0,,Frontier Developments Ltd.,False,False,False
354342113419,Frontier Developments Ltd.,Maldives Beach Resort,Water,Potable water,kg CO2e,2024-06,2024,2.793,1704,0,,Frontier Developments Ltd.,False,False,False
223005401501,Delta Asset Management Ltd.,Melbourne Central Tower,Water,Potable water,kg CO2e,2024-06,2024,76.95,1719,2,Kestrel Properties Pte. Ltd.,Frontier Developments Ltd.,False,False,False
354342113419,Frontier Developments Ltd.,One Holland Village,Water,Potable water,kg CO2e,2024-06,2024,12.426,1704,0,,Frontier Developments Ltd.,False,False,False
354342113419,Frontier Developments Ltd.,Alexandra Business Park,Water,Potable water,kg CO2e,2024-06,2024,390.564,1704,0,,Frontier Developments Ltd.,False,False,False
223005401501,Delta Asset Management Ltd.,Sydney Harbour Suites,Water,Potable water,kg CO2e,2024-06,2024,76.95,1719,2,Kestrel Properties Pte. Ltd.,Frontier Developments Ltd.,False,False,False
354342113419,Frontier Developments Ltd.,Jurong Lake District Tower,Water,Potable water,kg CO2e,2024-06,2024,12.426,1704,0,,Frontier Developments Ltd.,False,False,False
214832269481,Crestline Real Estate Pte. Ltd.,Riverside Walk Mall,Water,Potable water,kg CO2e,2024-06,2024,1208.628,1705,1,Frontier Developments Ltd.,Frontier Developments Ltd.,False,False,False
214832269481,Crestline Real Estate Pte. Ltd.,City Plaza Commercial,Water,Potable water,kg CO2e,2024-06,2024,1208.628,1705,1,Frontier Developments Ltd.,Frontier Developments Ltd.,False,False,False
214832269481,Crestline Real Estate Pte. Ltd.,Tanjong Pagar Plaza,Water,Potable water,kg CO2e,2024-06,2024,1192.44,1705,1,Frontier Developments Ltd.,Frontier Developments Ltd.,False,False,False
354342113419,Frontier Developments Ltd.,Orchard Grand Residences,Water,Potable water,kg CO2e,2024-06,2024,4.731,1704,0,,Frontier Developments Ltd.,False,False,False
354342113419,Frontier Developments Ltd.,Sentosa Cove Villas,Water,Potable water,kg CO2e,2024-06,2024,852.492,1704,0,,Frontier Developments Ltd.,False,False,False
214832269481,Crestline Real Estate Pte. Ltd.,City Plaza Commercial,Water,Potable water,kg CO2e,2024-07,2024,1620.8805,1705,1,Frontier Developments Ltd.,Frontier Developments Ltd.,False,False,False
354342113419,Frontier Developments Ltd.,Sentosa Cove Villas,Water,Potable water,kg CO2e,2024-07,2024,856.482,1704,0,,Frontier Developments Ltd.,False,False,False
354342113419,Frontier Developments Ltd.,Orchard Grand Residences,Water,Potable water,kg CO2e,2024-07,2024,8.037,1704,0,,Frontier Developments Ltd.,False,False,False
214832269481,Crestline Real Estate Pte. Ltd.,Tanjong Pagar Plaza,Water,Potable water,kg CO2e,2024-07,2024,1453.386,1705,1,Frontier Developments Ltd.,Frontier Developments Ltd.,False,False,False
223005401501,Delta Asset Management Ltd.,Melbourne Central Tower,Water,Potable water,kg CO2e,2024-07,2024,1.995,1719,2,Kestrel Properties Pte. Ltd.,Frontier Developments Ltd.,False,False,False
354342113419,Frontier Developments Ltd.,Maldives Beach Resort,Water,Potable water,kg CO2e,2024-07,2024,29.868,1704,0,,Frontier Developments Ltd.,False,False,False
223005401501,Delta Asset Management Ltd.,Sydney Harbour Suites,Water,Potable water,kg CO2e,2024-07,2024,1.995,1719,2,Kestrel Properties Pte. Ltd.,Frontier Developments Ltd.,False,False,False
214832269481,Crestline Real Estate Pte. Ltd.,Riverside Walk Mall,Water,Potable water,kg CO2e,2024-07,2024,1620.8805,1705,1,Frontier Developments Ltd.,Frontier Developments Ltd.,False,False,False
354342113419,Frontier Developments Ltd.,Alexandra Business Park,Water,Potable water,kg CO2e,2024-07,2024,143.64,1704,0,,Frontier Developments Ltd.,False,False,False
354342113419,Frontier Developments Ltd.,Jurong Lake District Tower,Water,Potable water,kg CO2e,2024-07,2024,12.939,1704,0,,Frontier Developments Ltd.,False,False,False
354342113419,Frontier Developments Ltd.,One Holland Village,Water,Potable water,kg CO2e,2024-07,2024,12.939,1704,0,,Frontier Developments Ltd.,False,False,False
354342113419,Frontier Developments Ltd.,Alexandra Business Park,Water,Potable water,kg CO2e,2024-08,2024,249.204,1704,0,,Frontier Developments Ltd.,False,False,False
223005401501,Delta Asset Management Ltd.,Sydney Harbour Suites,Water,Potable water,kg CO2e,2024-08,2024,73.2735,1719,2,Kestrel Properties Pte. Ltd.,Frontier Developments Ltd.,False,False,False
354342113419,Frontier Developments Ltd.,Orchard Grand Residences,Water,Potable water,kg CO2e,2024-08,2024,4.275,1704,0,,Frontier Developments Ltd.,False,False,False
214832269481,Crestline Real Estate Pte. Ltd.,Tanjong Pagar Plaza,Water,Potable water,kg CO2e,2024-08,2024,1326.675,1705,1,Frontier Developments Ltd.,Frontier Developments Ltd.,False,False,False
354342113419,Frontier Developments Ltd.,Sentosa Cove Villas,Water,Potable water,kg CO2e,2024-08,2024,1246.191,1704,0,,Frontier Developments Ltd.,False,False,False
354342113419,Frontier Developments Ltd.,Maldives Beach Resort,Water,Potable water,kg CO2e,2024-08,2024,-4.047,1704,0,,Frontier Developments Ltd.,True,False,False
214832269481,Crestline Real Estate Pte. Ltd.,City Plaza Commercial,Water,Potable water,kg CO2e,2024-08,2024,1623.93,1705,1,Frontier Developments Ltd.,Frontier Developments Ltd.,False,False,False
354342113419,Frontier Developments Ltd.,One Holland Village,Water,Potable water,kg CO2e,2024-08,2024,7.41,1704,0,,Frontier Developments Ltd.,False,False,False
223005401501,Delta Asset Management Ltd.,Melbourne Central Tower,Water,Potable water,kg CO2e,2024-08,2024,73.2735,1719,2,Kestrel Properties Pte. Ltd.,Frontier Developments Ltd.,False,False,False
354342113419,Frontier Developments Ltd.,Jurong Lake District Tower,Water,Potable water,kg CO2e,2024-08,2024,7.41,1704,0,,Frontier Developments Ltd.,False,False,False
214832269481,Crestline Real Estate Pte. Ltd.,Riverside Walk Mall,Water,Potable water,kg CO2e,2024-08,2024,1623.93,1705,1,Frontier Developments Ltd.,Frontier Developments Ltd.,False,False,False
214832269481,Crestline Real Estate Pte. Ltd.,Riverside Walk Mall,Water,Potable water,kg CO2e,2024-09,2024,1262.208,1705,1,Frontier Developments Ltd.,Frontier Developments Ltd.,False,False,False
354342113419,Frontier Developments Ltd.,One Holland Village,Water,Potable water,kg CO2e,2024-09,2024,25.194,1704,0,,Frontier Developments Ltd.,False,False,False
354342113419,Frontier Developments Ltd.,Orchard Grand Residences,Water,Potable water,kg CO2e,2024-09,2024,15.504,1704,0,,Frontier Developments Ltd.,False,False,False
354342113419,Frontier Developments Ltd.,Alexandra Business Park,Water,Potable water,kg CO2e,2024-09,2024,663.765,1704,0,,Frontier Developments Ltd.,False,False,False
354342113419,Frontier Developments Ltd.,Sentosa Cove Villas,Water,Potable water,kg CO2e,2024-09,2024,1094.514,1704,0,,Frontier Developments Ltd.,False,False,False
214832269481,Crestline Real Estate Pte. Ltd.,City Plaza Commercial,Water,Potable water,kg CO2e,2024-09,2024,1262.208,1705,1,Frontier Developments Ltd.,Frontier Developments Ltd.,False,False,False
354342113419,Frontier Developments Ltd.,Maldives Beach Resort,Water,Potable water,kg CO2e,2024-09,2024,12.939,1704,0,,Frontier Developments Ltd.,False,False,False
223005401501,Delta Asset Management Ltd.,Melbourne Central Tower,Water,Potable water,kg CO2e,2024-09,2024,2.7645,1719,2,Kestrel Properties Pte. Ltd.,Frontier Developments Ltd.,False,False,False
354342113419,Frontier Developments Ltd.,Jurong Lake District Tower,Water,Potable water,kg CO2e,2024-09,2024,25.194,1704,0,,Frontier Developments Ltd.,False,False,False
214832269481,Crestline Real Estate Pte. Ltd.,Tanjong Pagar Plaza,Water,Potable water,kg CO2e,2024-09,2024,1383.561,1705,1,Frontier Developments Ltd.,Frontier Developments Ltd.,False,False,False
223005401501,Delta Asset Management Ltd.,Sydney Harbour Suites,Water,Potable water,kg CO2e,2024-09,2024,2.7645,1719,2,Kestrel Properties Pte. Ltd.,Frontier Developments Ltd.,False,False,False
354342113419,Frontier Developments Ltd.,Sentosa Cove Villas,Water,Potable water,kg CO2e,2024-10,2024,1068.522,1704,0,,Frontier Developments Ltd.,False,False,False
223005401501,Delta Asset Management Ltd.,Melbourne Central Tower,Water,Potable water,kg CO2e,2024-10,2024,103.341,1719,2,Kestrel Properties Pte. Ltd.,Frontier Developments Ltd.,False,False,False
354342113419,Frontier Developments Ltd.,Alexandra Business Park,Water,Potable water,kg CO2e,2024-10,2024,415.473,1704,0,,Frontier Developments Ltd.,False,False,False
354342113419,Frontier Developments Ltd.,Orchard Grand Residences,Water,Potable water,kg CO2e,2024-10,2024,7.866,1704,0,,Frontier Developments Ltd.,False,False,False
214832269481,Crestline Real Estate Pte. Ltd.,City Plaza Commercial,Water,Potable water,kg CO2e,2024-10,2024,1407.5295,1705,1,Frontier Developments Ltd.,Frontier Developments Ltd.,False,False,False
223005401501,Delta Asset Management Ltd.,Sydney Harbour Suites,Water,Potable water,kg CO2e,2024-10,2024,103.341,1719,2,Kestrel Properties Pte. Ltd.,Frontier Developments Ltd.,False,False,False
354342113419,Frontier Developments Ltd.,One Holland Village,Water,Potable water,kg CO2e,2024-10,2024,0.285,1704,0,,Frontier Developments Ltd.,False,False,False
354342113419,Frontier Developments Ltd.,Jurong Lake District Tower,Water,Potable water,kg CO2e,2024-10,2024,0.285,1704,0,,Frontier Developments Ltd.,False,False,False
354342113419,Frontier Developments Ltd.,Maldives Beach Resort,Water,Potable water,kg CO2e,2024-10,2024,20.691,1704,0,,Frontier Developments Ltd.,False,False,False
214832269481,Crestline Real Estate Pte. Ltd.,Riverside Walk Mall,Water,Potable water,kg CO2e,2024-10,2024,1407.5295,1705,1,Frontier Developments Ltd.,Frontier Developments Ltd.,False,False,False
214832269481,Crestline Real Estate Pte. Ltd.,Tanjong Pagar Plaza,Water,Potable water,kg CO2e,2024-10,2024,1320.12,1705,1,Frontier Developments Ltd.,Frontier Developments Ltd.,False,False,False
354342113419,Frontier Developments Ltd.,Sentosa Cove Villas,Water,Potable water,kg CO2e,2024-11,2024,1029.819,1704,0,,Frontier Developments Ltd.,False,False,False
354342113419,Frontier Developments Ltd.,One Holland Village,Water,Potable water,kg CO2e,2024-11,2024,3.078,1704,0,,Frontier Developments Ltd.,False,False,False
354342113419,Frontier Developments Ltd.,Maldives Beach Resort,Water,Potable water,kg CO2e,2024-11,2024,25.08,1704,0,,Frontier Developments Ltd.,False,False,False
223005401501,Delta Asset Management Ltd.,Sydney Harbour Suites,Water,Potable water,kg CO2e,2024-11,2024,94.164,1719,2,Kestrel Properties Pte. Ltd.,Frontier Developments Ltd.,False,False,False
354342113419,Frontier Developments Ltd.,Orchard Grand Residences,Water,Potable water,kg CO2e,2024-11,2024,7.581,1704,0,,Frontier Developments Ltd.,False,False,False
214832269481,Crestline Real Estate Pte. Ltd.,City Plaza Commercial,Water,Potable water,kg CO2e,2024-11,2024,1343.8605,1705,1,Frontier Developments Ltd.,Frontier Developments Ltd.,False,False,False
214832269481,Crestline Real Estate Pte. Ltd.,Riverside Walk Mall,Water,Potable water,kg CO2e,2024-11,2024,1343.8605,1705,1,Frontier Developments Ltd.,Frontier Developments Ltd.,False,False,False
354342113419,Frontier Developments Ltd.,Jurong Lake District Tower,Water,Potable water,kg CO2e,2024-11,2024,3.078,1704,0,,Frontier Developments Ltd.,False,False,False
214832269481,Crestline Real Estate Pte. Ltd.,Tanjong Pagar Plaza,Water,Potable water,kg CO2e,2024-11,2024,1619.37,1705,1,Frontier Developments Ltd.,Frontier Developments Ltd.,False,False,False
223005401501,Delta Asset Management Ltd.,Melbourne Central Tower,Water,Potable water,kg CO2e,2024-11,2024,94.164,1719,2,Kestrel Properties Pte. Ltd.,Frontier Developments Ltd.,False,False,False
354342113419,Frontier Developments Ltd.,Alexandra Business Park,Water,Potable water,kg CO2e,2024-11,2024,111.777,1704,0,,Frontier Developments Ltd.,False,False,False
214832269481,Crestline Real Estate Pte. Ltd.,Tanjong Pagar Plaza,Water,Potable water,kg CO2e,2024-12,2024,2050.974,1705,1,Frontier Developments Ltd.,Frontier Developments Ltd.,False,False,False
354342113419,Frontier Developments Ltd.,Sentosa Cove Villas,Water,Potable water,kg CO2e,2024-12,2024,1169.754,1704,0,,Frontier Developments Ltd.,False,False,False
354342113419,Frontier Developments Ltd.,Jurong Lake District Tower,Water,Potable water,kg CO2e,2024-12,2024,1.824,1704,0,,Frontier Developments Ltd.,False,False,False
354342113419,Frontier Developments Ltd.,Alexandra Business Park,Water,Potable water,kg CO2e,2024-12,2024,222.072,1704,0,,Frontier Developments Ltd.,False,False,False
214832269481,Crestline Real Estate Pte. Ltd.,Riverside Walk Mall,Water,Potable water,kg CO2e,2024-12,2024,1289.8245,1705,1,Frontier Developments Ltd.,Frontier Developments Ltd.,False,False,False
354342113419,Frontier Developments Ltd.,One Holland Village,Water,Potable water,kg CO2e,2024-12,2024,1.824,1704,0,,Frontier Developments Ltd.,False,False,False
223005401501,Delta Asset Management Ltd.,Melbourne Central Tower,Water,Potable water,kg CO2e,2024-12,2024,119.6715,1719,2,Kestrel Properties Pte. Ltd.,Frontier Developments Ltd.,False,False,False
354342113419,Frontier Developments Ltd.,Maldives Beach Resort,Water,Potable water,kg CO2e,2024-12,2024,31.464,1704,0,,Frontier Developments Ltd.,False,False,False
214832269481,Crestline Real Estate Pte. Ltd.,City Plaza Commercial,Water,Potable water,kg CO2e,2024-12,2024,1289.8245,1705,1,Frontier Developments Ltd.,Frontier Developments Ltd.,False,False,False
223005401501,Delta Asset Management Ltd.,Sydney Harbour Suites,Water,Potable water,kg CO2e,2024-12,2024,119.6715,1719,2,Kestrel Properties Pte. Ltd.,Frontier Developments Ltd.,False,False,False
354342113419,Frontier Developments Ltd.,Orchard Grand Residences,Water,Potable water,kg CO2e,2024-12,2024,7.638,1704,0,,Frontier Developments Ltd.,False,False,False
763595448017,Apex Holdings Pte. Ltd.,Dempsey Hill Estate,Water,Water supply,kg CO2e,2024-01,2024,1936.22906,1721,2,Crestline Real Estate Pte. Ltd.,Frontier Developments Ltd.,False,False,False
763595448017,Apex Holdings Pte. Ltd.,Dempsey Hill Estate,Water,Water supply,kg CO2e,2024-02,2024,1789.39657,1721,2,Crestline Real Estate Pte. Ltd.,Frontier Developments Ltd.,False,False,False
763595448017,Apex Holdings Pte. Ltd.,Dempsey Hill Estate,Water,Water supply,kg CO2e,2024-03,2024,1880.03769,1721,2,Crestline Real Estate Pte. Ltd.,Frontier Developments Ltd.,False,False,False
763595448017,Apex Holdings Pte. Ltd.,Dempsey Hill Estate,Water,Water supply,kg CO2e,2024-04,2024,1803.94202,1721,2,Crestline Real Estate Pte. Ltd.,Frontier Developments Ltd.,False,False,False
763595448017,Apex Holdings Pte. Ltd.,Dempsey Hill Estate,Water,Water supply,kg CO2e,2024-05,2024,1807.46355,1721,2,Crestline Real Estate Pte. Ltd.,Frontier Developments Ltd.,False,False,False
763595448017,Apex Holdings Pte. Ltd.,Dempsey Hill Estate,Water,Water supply,kg CO2e,2024-06,2024,1846.5066,1721,2,Crestline Real Estate Pte. Ltd.,Frontier Developments Ltd.,False,False,False
763595448017,Apex Holdings Pte. Ltd.,Dempsey Hill Estate,Water,Water supply,kg CO2e,2024-07,2024,1878.20037,1721,2,Crestline Real Estate Pte. Ltd.,Frontier Developments Ltd.,False,False,False
763595448017,Apex Holdings Pte. Ltd.,Dempsey Hill Estate,Water,Water supply,kg CO2e,2024-08,2024,1930.10466,1721,2,Crestline Real Estate Pte. Ltd.,Frontier Developments Ltd.,False,False,False
763595448017,Apex Holdings Pte. Ltd.,Dempsey Hill Estate,Water,Water supply,kg CO2e,2024-09,2024,1785.41571,1721,2,Crestline Real Estate Pte. Ltd.,Frontier Developments Ltd.,False,False,False
763595448017,Apex Holdings Pte. Ltd.,Dempsey Hill Estate,Water,Water supply,kg CO2e,2024-10,2024,1918.16208,1721,2,Crestline Real Estate Pte. Ltd.,Frontier Developments Ltd.,False,False,False
763595448017,Apex Holdings Pte. Ltd.,Dempsey Hill Estate,Water,Water supply,kg CO2e,2024-11,2024,1863.19559,1721,2,Crestline Real Estate Pte. Ltd.,Frontier Developments Ltd.,False,False,False
763595448017,Apex Holdings Pte. Ltd.,Dempsey Hill Estate,Water,Water supply,kg CO2e,2024-12,2024,2057.33907,1721,2,Crestline Real Estate Pte. Ltd.,Frontier Developments Ltd.,False,False,False
354342113419,Frontier Developments Ltd.,Sentosa Cove Villas,Electricity Consumption,Electricity,kg CO2e,2023-01,2023,0.0,1704,0,,Frontier Developments Ltd.,False,True,False
354342113419,Frontier Developments Ltd.,Alexandra Business Park,Electricity Consumption,Electricity,kg CO2e,2023-01,2023,0.0,1704,0,,Frontier Developments Ltd.,False,True,False
354342113419,Frontier Developments Ltd.,Sentosa Cove Villas,Electricity Consumption,Electricity,kg CO2e,2023-02,2023,0.0,1704,0,,Frontier Developments Ltd.,False,True,False
354342113419,Frontier Developments Ltd.,Alexandra Business Park,Electricity Consumption,Electricity,kg CO2e,2023-02,2023,0.0,1704,0,,Frontier Developments Ltd.,False,True,False
354342113419,Frontier Developments Ltd.,Sentosa Cove Villas,Electricity Consumption,Electricity,kg CO2e,2023-03,2023,0.0,1704,0,,Frontier Developments Ltd.,False,True,False
354342113419,Frontier Developments Ltd.,Alexandra Business Park,Electricity Consumption,Electricity,kg CO2e,2023-03,2023,0.0,1704,0,,Frontier Developments Ltd.,False,True,False
354342113419,Frontier Developments Ltd.,Alexandra Business Park,Electricity Consumption,Electricity,kg CO2e,2023-04,2023,0.0,1704,0,,Frontier Developments Ltd.,False,True,False
354342113419,Frontier Developments Ltd.,Sentosa Cove Villas,Electricity Consumption,Electricity,kg CO2e,2023-04,2023,0.0,1704,0,,Frontier Developments Ltd.,False,True,False
354342113419,Frontier Developments Ltd.,Sentosa Cove Villas,Electricity Consumption,Electricity,kg CO2e,2023-05,2023,0.0,1704,0,,Frontier Developments Ltd.,False,True,False
354342113419,Frontier Developments Ltd.,Alexandra Business Park,Electricity Consumption,Electricity,kg CO2e,2023-05,2023,0.0,1704,0,,Frontier Developments Ltd.,False,True,False
354342113419,Frontier Developments Ltd.,Sentosa Cove Villas,Electricity Consumption,Electricity,kg CO2e,2023-06,2023,0.0,1704,0,,Frontier Developments Ltd.,False,True,False
354342113419,Frontier Developments Ltd.,Alexandra Business Park,Electricity Consumption,Electricity,kg CO2e,2023-06,2023,0.0,1704,0,,Frontier Developments Ltd.,False,True,False
354342113419,Frontier Developments Ltd.,Alexandra Business Park,Electricity Consumption,Electricity,kg CO2e,2023-07,2023,0.0,1704,0,,Frontier Developments Ltd.,False,True,False
354342113419,Frontier Developments Ltd.,Sentosa Cove Villas,Electricity Consumption,Electricity,kg CO2e,2023-07,2023,0.0,1704,0,,Frontier Developments Ltd.,False,True,False
354342113419,Frontier Developments Ltd.,Sentosa Cove Villas,Electricity Consumption,Electricity,kg CO2e,2023-08,2023,0.0,1704,0,,Frontier Developments Ltd.,False,True,False
354342113419,Frontier Developments Ltd.,Alexandra Business Park,Electricity Consumption,Electricity,kg CO2e,2023-08,2023,0.0,1704,0,,Frontier Developments Ltd.,False,True,False
354342113419,Frontier Developments Ltd.,Sentosa Cove Villas,Electricity Consumption,Electricity,kg CO2e,2023-09,2023,0.0,1704,0,,Frontier Developments Ltd.,False,True,False
354342113419,Frontier Developments Ltd.,Alexandra Business Park,Electricity Consumption,Electricity,kg CO2e,2023-09,2023,0.0,1704,0,,Frontier Developments Ltd.,False,True,False
354342113419,Frontier Developments Ltd.,Alexandra Business Park,Electricity Consumption,Electricity,kg CO2e,2023-10,2023,0.0,1704,0,,Frontier Developments Ltd.,False,True,False
354342113419,Frontier Developments Ltd.,Sentosa Cove Villas,Electricity Consumption,Electricity,kg CO2e,2023-10,2023,0.0,1704,0,,Frontier Developments Ltd.,False,True,False
354342113419,Frontier Developments Ltd.,Sentosa Cove Villas,Electricity Consumption,Electricity,kg CO2e,2023-11,2023,0.0,1704,0,,Frontier Developments Ltd.,False,True,False
354342113419,Frontier Developments Ltd.,Alexandra Business Park,Electricity Consumption,Electricity,kg CO2e,2023-11,2023,0.0,1704,0,,Frontier Developments Ltd.,False,True,False
354342113419,Frontier Developments Ltd.,Sentosa Cove Villas,Electricity Consumption,Electricity,kg CO2e,2023-12,2023,1145437.868,1704,0,,Frontier Developments Ltd.,False,False,False
214832269481,Crestline Real Estate Pte. Ltd.,Tanjong Pagar Plaza,Electricity Consumption,Electricity,kg CO2e,2023-12,2023,891119.07038,1705,1,Frontier Developments Ltd.,Frontier Developments Ltd.,False,False,False
354342113419,Frontier Developments Ltd.,Maldives Beach Resort,Electricity Consumption,Electricity,kg CO2e,2023-12,2023,9513.08,1704,0,,Frontier Developments Ltd.,False,False,False
214832269481,Crestline Real Estate Pte. Ltd.,City Plaza Commercial,Electricity Consumption,Electricity,kg CO2e,2023-12,2023,778273.171424,1705,1,Frontier Developments Ltd.,Frontier Developments Ltd.,False,False,False
354342113419,Frontier Developments Ltd.,Alexandra Business Park,Electricity Consumption,Electricity,kg CO2e,2023-12,2023,16053.168,1704,0,,Frontier Developments Ltd.,False,False,False
354342113419,Frontier Developments Ltd.,Orchard Grand Residences,Electricity Consumption,Electricity,kg CO2e,2023-12,2023,216.29999999,1704,0,,Frontier Developments Ltd.,False,False,False
223005401501,Delta Asset Management Ltd.,Melbourne Central Tower,Electricity Consumption,Electricity,kg CO2e,2023-12,2023,4466.286,1719,2,Kestrel Properties Pte. Ltd.,Frontier Developments Ltd.,False,False,False
223005401501,Delta Asset Management Ltd.,Sydney Harbour Suites,Electricity Consumption,Electricity,kg CO2e,2023-12,2023,4466.286,1719,2,Kestrel Properties Pte. Ltd.,Frontier Developments Ltd.,False,False,False
214832269481,Crestline Real Estate Pte. Ltd.,Riverside Walk Mall,Electricity Consumption,Electricity,kg CO2e,2023-12,2023,2182877.31904,1705,1,Frontier Developments Ltd.,Frontier Developments Ltd.,False,False,False
354342113419,Frontier Developments Ltd.,Jurong Lake District Tower,Electricity Consumption,Electricity,kg CO2e,2023-12,2023,47.517196,1704,0,,Frontier Developments Ltd.,False,False,False
354342113419,Frontier Developments Ltd.,Alexandra Business Park,Stationary Asset Combustion,Diesel,kg CO2e,2023-01,2023,0.0,1704,0,,Frontier Developments Ltd.,False,True,False
354342113419,Frontier Developments Ltd.,Alexandra Business Park,Stationary Asset Combustion,Diesel,kg CO2e,2023-02,2023,0.0,1704,0,,Frontier Developments Ltd.,False,True,False
354342113419,Frontier Developments Ltd.,Alexandra Business Park,Stationary Asset Combustion,Diesel,kg CO2e,2023-03,2023,0.0,1704,0,,Frontier Developments Ltd.,False,True,False
354342113419,Frontier Developments Ltd.,Alexandra Business Park,Stationary Asset Combustion,Diesel,kg CO2e,2023-04,2023,0.0,1704,0,,Frontier Developments Ltd.,False,True,False
354342113419,Frontier Developments Ltd.,Alexandra Business Park,Stationary Asset Combustion,Diesel,kg CO2e,2023-05,2023,0.0,1704,0,,Frontier Developments Ltd.,False,True,False
354342113419,Frontier Developments Ltd.,Alexandra Business Park,Stationary Asset Combustion,Diesel,kg CO2e,2023-06,2023,0.0,1704,0,,Frontier Developments Ltd.,False,True,False
354342113419,Frontier Developments Ltd.,Alexandra Business Park,Stationary Asset Combustion,Diesel,kg CO2e,2023-07,2023,0.0,1704,0,,Frontier Developments Ltd.,False,True,False
354342113419,Frontier Developments Ltd.,Alexandra Business Park,Stationary Asset Combustion,Diesel,kg CO2e,2023-08,2023,0.0,1704,0,,Frontier Developments Ltd.,False,True,False
354342113419,Frontier Developments Ltd.,Alexandra Business Park,Stationary Asset Combustion,Diesel,kg CO2e,2023-09,2023,0.0,1704,0,,Frontier Developments Ltd.,False,True,False
354342113419,Frontier Developments Ltd.,Alexandra Business Park,Stationary Asset Combustion,Diesel,kg CO2e,2023-10,2023,0.0,1704,0,,Frontier Developments Ltd.,False,True,False
354342113419,Frontier Developments Ltd.,Alexandra Business Park,Stationary Asset Combustion,Diesel,kg CO2e,2023-11,2023,0.0,1704,0,,Frontier Developments Ltd.,False,True,False
214832269481,Crestline Real Estate Pte. Ltd.,Riverside Walk Mall,Stationary Asset Combustion,Diesel,kg CO2e,2023-12,2023,467.29885714,1705,1,Frontier Developments Ltd.,Frontier Developments Ltd.,False,False,False
354342113419,Frontier Developments Ltd.,Alexandra Business Park,Stationary Asset Combustion,Diesel,kg CO2e,2023-12,2023,1062.04285714,1704,0,,Frontier Developments Ltd.,False,False,False
214832269481,Crestline Real Estate Pte. Ltd.,City Plaza Commercial,Stationary Asset Combustion,Diesel,kg CO2e,2023-12,2023,2256.84107142,1705,1,Frontier Developments Ltd.,Frontier Developments Ltd.,False,False,False
214832269481,Crestline Real Estate Pte. Ltd.,Tanjong Pagar Plaza,Stationary Asset Combustion,Diesel,kg CO2e,2023-12,2023,544.29696428,1705,1,Frontier Developments Ltd.,Frontier Developments Ltd.,False,False,False
214832269481,Crestline Real Estate Pte. Ltd.,City Plaza Commercial,Waste,Glass,kg CO2e,2023-12,2023,8.51232289,1705,1,Frontier Developments Ltd.,Frontier Developments Ltd.,False,False,False
214832269481,Crestline Real Estate Pte. Ltd.,Tanjong Pagar Plaza,Waste,Glass,kg CO2e,2023-12,2023,8.51232289,1705,1,Frontier Developments Ltd.,Frontier Developments Ltd.,False,False,False
214832269481,Crestline Real Estate Pte. Ltd.,Riverside Walk Mall,Waste,Glass,kg CO2e,2023-12,2023,14.25814084,1705,1,Frontier Developments Ltd.,Frontier Developments Ltd.,False,False,False
354342113419,Frontier Developments Ltd.,Sentosa Cove Villas,Waste,Metals,kg CO2e,2023-01,2023,0.0,1704,0,,Frontier Developments Ltd.,False,True,False
354342113419,Frontier Developments Ltd.,Sentosa Cove Villas,Waste,Metals,kg CO2e,2023-02,2023,0.0,1704,0,,Frontier Developments Ltd.,False,True,False
354342113419,Frontier Developments Ltd.,Sentosa Cove Villas,Waste,Metals,kg CO2e,2023-03,2023,0.0,1704,0,,Frontier Developments Ltd.,False,True,False
354342113419,Frontier Developments Ltd.,Sentosa Cove Villas,Waste,Metals,kg CO2e,2023-04,2023,0.0,1704,0,,Frontier Developments Ltd.,False,True,False
354342113419,Frontier Developments Ltd.,Sentosa Cove Villas,Waste,Metals,kg CO2e,2023-05,2023,0.0,1704,0,,Frontier Developments Ltd.,False,True,False
354342113419,Frontier Developments Ltd.,Sentosa Cove Villas,Waste,Metals,kg CO2e,2023-06,2023,0.0,1704,0,,Frontier Developments Ltd.,False,True,False
354342113419,Frontier Developments Ltd.,Sentosa Cove Villas,Waste,Metals,kg CO2e,2023-07,2023,0.0,1704,0,,Frontier Developments Ltd.,False,True,False
354342113419,Frontier Developments Ltd.,Sentosa Cove Villas,Waste,Metals,kg CO2e,2023-08,2023,0.0,1704,0,,Frontier Developments Ltd.,False,True,False
354342113419,Frontier Developments Ltd.,Sentosa Cove Villas,Waste,Metals,kg CO2e,2023-09,2023,0.0,1704,0,,Frontier Developments Ltd.,False,True,False
354342113419,Frontier Developments Ltd.,Sentosa Cove Villas,Waste,Metals,kg CO2e,2023-10,2023,0.0,1704,0,,Frontier Developments Ltd.,False,True,False
354342113419,Frontier Developments Ltd.,Sentosa Cove Villas,Waste,Metals,kg CO2e,2023-11,2023,0.0,1704,0,,Frontier Developments Ltd.,False,True,False
214832269481,Crestline Real Estate Pte. Ltd.,City Plaza Commercial,Waste,Metals,kg CO2e,2023-12,2023,0.49245586,1705,1,Frontier Developments Ltd.,Frontier Developments Ltd.,False,False,False
354342113419,Frontier Developments Ltd.,Sentosa Cove Villas,Waste,Metals,kg CO2e,2023-12,2023,0.13788764,1704,0,,Frontier Developments Ltd.,False,False,False
214832269481,Crestline Real Estate Pte. Ltd.,Tanjong Pagar Plaza,Waste,Metals,kg CO2e,2023-12,2023,0.49245586,1705,1,Frontier Developments Ltd.,Frontier Developments Ltd.,False,False,False
214832269481,Crestline Real Estate Pte. Ltd.,Riverside Walk Mall,Waste,Metals,kg CO2e,2023-12,2023,1.79253933,1705,1,Frontier Developments Ltd.,Frontier Developments Ltd.,False,False,False
354342113419,Frontier Developments Ltd.,Alexandra Business Park,Waste,Mixed recyclables,kg CO2e,2023-01,2023,0.0,1704,0,,Frontier Developments Ltd.,False,True,False
354342113419,Frontier Developments Ltd.,Sentosa Cove Villas,Waste,Mixed recyclables,kg CO2e,2023-01,2023,0.0,1704,0,,Frontier Developments Ltd.,False,True,False
354342113419,Frontier Developments Ltd.,Sentosa Cove Villas,Waste,Mixed recyclables,kg CO2e,2023-02,2023,0.0,1704,0,,Frontier Developments Ltd.,False,True,False
354342113419,Frontier Developments Ltd.,Alexandra Business Park,Waste,Mixed recyclables,kg CO2e,2023-02,2023,0.0,1704,0,,Frontier Developments Ltd.,False,True,False
354342113419,Frontier Developments Ltd.,Alexandra Business Park,Waste,Mixed recyclables,kg CO2e,2023-03,2023,0.0,1704,0,,Frontier Developments Ltd.,False,True,False
354342113419,Frontier Developments Ltd.,Sentosa Cove Villas,Waste,Mixed recyclables,kg CO2e,2023-03,2023,0.0,1704,0,,Frontier Developments Ltd.,False,True,False
354342113419,Frontier Developments Ltd.,Alexandra Business Park,Waste,Mixed recyclables,kg CO2e,2023-04,2023,0.0,1704,0,,Frontier Developments Ltd.,False,True,False
354342113419,Frontier Developments Ltd.,Sentosa Cove Villas,Waste,Mixed recyclables,kg CO2e,2023-04,2023,0.0,1704,0,,Frontier Developments Ltd.,False,True,False
354342113419,Frontier Developments Ltd.,Alexandra Business Park,Waste,Mixed recyclables,kg CO2e,2023-05,2023,0.0,1704,0,,Frontier Developments Ltd.,False,True,False
354342113419,Frontier Developments Ltd.,Sentosa Cove Villas,Waste,Mixed recyclables,kg CO2e,2023-05,2023,0.0,1704,0,,Frontier Developments Ltd.,False,True,False
354342113419,Frontier Developments Ltd.,Alexandra Business Park,Waste,Mixed recyclables,kg CO2e,2023-06,2023,0.0,1704,0,,Frontier Developments Ltd.,False,True,False
354342113419,Frontier Developments Ltd.,Sentosa Cove Villas,Waste,Mixed recyclables,kg CO2e,2023-06,2023,0.0,1704,0,,Frontier Developments Ltd.,False,True,False
354342113419,Frontier Developments Ltd.,Sentosa Cove Villas,Waste,Mixed recyclables,kg CO2e,2023-07,2023,0.0,1704,0,,Frontier Developments Ltd.,False,True,False
354342113419,Frontier Developments Ltd.,Alexandra Business Park,Waste,Mixed recyclables,kg CO2e,2023-07,2023,0.0,1704,0,,Frontier Developments Ltd.,False,True,False
354342113419,Frontier Developments Ltd.,Sentosa Cove Villas,Waste,Mixed recyclables,kg CO2e,2023-08,2023,0.0,1704,0,,Frontier Developments Ltd.,False,True,False
354342113419,Frontier Developments Ltd.,Alexandra Business Park,Waste,Mixed recyclables,kg CO2e,2023-08,2023,0.0,1704,0,,Frontier Developments Ltd.,False,True,False
354342113419,Frontier Developments Ltd.,Sentosa Cove Villas,Waste,Mixed recyclables,kg CO2e,2023-09,2023,0.0,1704,0,,Frontier Developments Ltd.,False,True,False
354342113419,Frontier Developments Ltd.,Alexandra Business Park,Waste,Mixed recyclables,kg CO2e,2023-09,2023,0.0,1704,0,,Frontier Developments Ltd.,False,True,False
354342113419,Frontier Developments Ltd.,Sentosa Cove Villas,Waste,Mixed recyclables,kg CO2e,2023-10,2023,0.0,1704,0,,Frontier Developments Ltd.,False,True,False
354342113419,Frontier Developments Ltd.,Alexandra Business Park,Waste,Mixed recyclables,kg CO2e,2023-10,2023,0.0,1704,0,,Frontier Developments Ltd.,False,True,False
354342113419,Frontier Developments Ltd.,Sentosa Cove Villas,Waste,Mixed recyclables,kg CO2e,2023-11,2023,0.0,1704,0,,Frontier Developments Ltd.,False,True,False
354342113419,Frontier Developments Ltd.,Alexandra Business Park,Waste,Mixed recyclables,kg CO2e,2023-11,2023,0.0,1704,0,,Frontier Developments Ltd.,False,True,False
354342113419,Frontier Developments Ltd.,Jurong Lake District Tower,Waste,Mixed recyclables,kg CO2e,2023-12,2023,266.17503717,1704,0,,Frontier Developments Ltd.,False,False,False
223005401501,Delta Asset Management Ltd.,Melbourne Central Tower,Waste,Mixed recyclables,kg CO2e,2023-12,2023,308.38803691,1719,2,Kestrel Properties Pte. Ltd.,Frontier Developments Ltd.,False,False,False
214832269481,Crestline Real Estate Pte. Ltd.,City Plaza Commercial,Waste,Mixed recyclables,kg CO2e,2023-12,2023,805.5688788,1705,1,Frontier Developments Ltd.,Frontier Developments Ltd.,False,False,False
214832269481,Crestline Real Estate Pte. Ltd.,Riverside Walk Mall,Waste,Mixed recyclables,kg CO2e,2023-12,2023,605.168739,1705,1,Frontier Developments Ltd.,Frontier Developments Ltd.,False,False,False
354342113419,Frontier Developments Ltd.,Maldives Beach Resort,Waste,Mixed recyclables,kg CO2e,2023-12,2023,644.55431103,1704,0,,Frontier Developments Ltd.,False,False,False
354342113419,Frontier Developments Ltd.,Sentosa Cove Villas,Waste,Mixed recyclables,kg CO2e,2023-12,2023,667.6697727,1704,0,,Frontier Developments Ltd.,False,False,False
354342113419,Frontier Developments Ltd.,Alexandra Business Park,Waste,Mixed recyclables,kg CO2e,2023-12,2023,590.68437246,1704,0,,Frontier Developments Ltd.,False,False,False
214832269481,Crestline Real Estate Pte. Ltd.,Tanjong Pagar Plaza,Waste,Mixed recyclables,kg CO2e,2023-12,2023,805.5688788,1705,1,Frontier Developments Ltd.,Frontier Developments Ltd.,False,False,False
354342113419,Frontier Developments Ltd.,Orchard Grand Residences,Waste,Mixed recyclables,kg CO2e,2023-12,2023,601.49804337,1704,0,,Frontier Developments Ltd.,False,False,False
223005401501,Delta Asset Management Ltd.,Sydney Harbour Suites,Waste,Mixed recyclables,kg CO2e,2023-12,2023,308.38803691,1719,2,Kestrel Properties Pte. Ltd.,Frontier Developments Ltd.,False,False,False
354342113419,Frontier Developments Ltd.,Sentosa Cove Villas,Waste,Other waste,kg CO2e,2023-01,2023,0.0,1704,0,,Frontier Developments Ltd.,False,True,False
354342113419,Frontier Developments Ltd.,Alexandra Business Park,Waste,Other waste,kg CO2e,2023-01,2023,0.0,1704,0,,Frontier Developments Ltd.,False,True,False
354342113419,Frontier Developments Ltd.,Sentosa Cove Villas,Waste,Other waste,kg CO2e,2023-02,2023,0.0,1704,0,,Frontier Developments Ltd.,False,True,False
354342113419,Frontier Developments Ltd.,Alexandra Business Park,Waste,Other waste,kg CO2e,2023-02,2023,0.0,1704,0,,Frontier Developments Ltd.,False,True,False
354342113419,Frontier Developments Ltd.,Sentosa Cove Villas,Waste,Other waste,kg CO2e,2023-03,2023,0.0,1704,0,,Frontier Developments Ltd.,False,True,False
354342113419,Frontier Developments Ltd.,Alexandra Business Park,Waste,Other waste,kg CO2e,2023-03,2023,0.0,1704,0,,Frontier Developments Ltd.,False,True,False
354342113419,Frontier Developments Ltd.,Alexandra Business Park,Waste,Other waste,kg CO2e,2023-04,2023,0.0,1704,0,,Frontier Developments Ltd.,False,True,False
354342113419,Frontier Developments Ltd.,Sentosa Cove Villas,Waste,Other waste,kg CO2e,2023-04,2023,0.0,1704,0,,Frontier Developments Ltd.,False,True,False
354342113419,Frontier Developments Ltd.,Alexandra Business Park,Waste,Other waste,kg CO2e,2023-05,2023,0.0,1704,0,,Frontier Developments Ltd.,False,True,False
354342113419,Frontier Developments Ltd.,Sentosa Cove Villas,Waste,Other waste,kg CO2e,2023-05,2023,0.0,1704,0,,Frontier Developments Ltd.,False,True,False
354342113419,Frontier Developments Ltd.,Alexandra Business Park,Waste,Other waste,kg CO2e,2023-06,2023,0.0,1704,0,,Frontier Developments Ltd.,False,True,False
354342113419,Frontier Developments Ltd.,Sentosa Cove Villas,Waste,Other waste,kg CO2e,2023-06,2023,0.0,1704,0,,Frontier Developments Ltd.,False,True,False
354342113419,Frontier Developments Ltd.,Sentosa Cove Villas,Waste,Other waste,kg CO2e,2023-07,2023,0.0,1704,0,,Frontier Developments Ltd.,False,True,False
354342113419,Frontier Developments Ltd.,Alexandra Business Park,Waste,Other waste,kg CO2e,2023-07,2023,0.0,1704,0,,Frontier Developments Ltd.,False,True,False
354342113419,Frontier Developments Ltd.,Sentosa Cove Villas,Waste,Other waste,kg CO2e,2023-08,2023,0.0,1704,0,,Frontier Developments Ltd.,False,True,False
354342113419,Frontier Developments Ltd.,Alexandra Business Park,Waste,Other waste,kg CO2e,2023-08,2023,0.0,1704,0,,Frontier Developments Ltd.,False,True,False
354342113419,Frontier Developments Ltd.,Alexandra Business Park,Waste,Other waste,kg CO2e,2023-09,2023,0.0,1704,0,,Frontier Developments Ltd.,False,True,False
354342113419,Frontier Developments Ltd.,Sentosa Cove Villas,Waste,Other waste,kg CO2e,2023-09,2023,0.0,1704,0,,Frontier Developments Ltd.,False,True,False
354342113419,Frontier Developments Ltd.,Alexandra Business Park,Waste,Other waste,kg CO2e,2023-10,2023,0.0,1704,0,,Frontier Developments Ltd.,False,True,False
354342113419,Frontier Developments Ltd.,Sentosa Cove Villas,Waste,Other waste,kg CO2e,2023-10,2023,0.0,1704,0,,Frontier Developments Ltd.,False,True,False
354342113419,Frontier Developments Ltd.,Sentosa Cove Villas,Waste,Other waste,kg CO2e,2023-11,2023,0.0,1704,0,,Frontier Developments Ltd.,False,True,False
354342113419,Frontier Developments Ltd.,Alexandra Business Park,Waste,Other waste,kg CO2e,2023-11,2023,0.0,1704,0,,Frontier Developments Ltd.,False,True,False
354342113419,Frontier Developments Ltd.,Alexandra Business Park,Waste,Other waste,kg CO2e,2023-12,2023,23981.9741566,1704,0,,Frontier Developments Ltd.,False,False,False
223005401501,Delta Asset Management Ltd.,Melbourne Central Tower,Waste,Other waste,kg CO2e,2023-12,2023,11919.0949913,1719,2,Kestrel Properties Pte. Ltd.,Frontier Developments Ltd.,False,False,False
354342113419,Frontier Developments Ltd.,Jurong Lake District Tower,Waste,Other waste,kg CO2e,2023-12,2023,2969.9791476,1704,0,,Frontier Developments Ltd.,False,False,False
354342113419,Frontier Developments Ltd.,Orchard Grand Residences,Waste,Other waste,kg CO2e,2023-12,2023,23813.4457294,1704,0,,Frontier Developments Ltd.,False,False,False
214832269481,Crestline Real Estate Pte. Ltd.,Tanjong Pagar Plaza,Waste,Other waste,kg CO2e,2023-12,2023,20255.734838,1705,1,Frontier Developments Ltd.,Frontier Developments Ltd.,False,False,False
214832269481,Crestline Real Estate Pte. Ltd.,Riverside Walk Mall,Waste,Other waste,kg CO2e,2023-12,2023,96569.46384,1705,1,Frontier Developments Ltd.,Frontier Developments Ltd.,False,False,False
354342113419,Frontier Developments Ltd.,Maldives Beach Resort,Waste,Other waste,kg CO2e,2023-12,2023,24729.4289402,1704,0,,Frontier Developments Ltd.,False,False,False
223005401501,Delta Asset Management Ltd.,Sydney Harbour Suites,Waste,Other waste,kg CO2e,2023-12,2023,11919.0949913,1719,2,Kestrel Properties Pte. Ltd.,Frontier Developments Ltd.,False,False,False
354342113419,Frontier Developments Ltd.,Sentosa Cove Villas,Waste,Other waste,kg CO2e,2023-12,2023,17232.923366,1704,0,,Frontier Developments Ltd.,False,False,False
214832269481,Crestline Real Estate Pte. Ltd.,City Plaza Commercial,Waste,Other waste,kg CO2e,2023-12,2023,20255.734838,1705,1,Frontier Developments Ltd.,Frontier Developments Ltd.,False,False,False
354342113419,Frontier Developments Ltd.,Sentosa Cove Villas,Waste,Plastics average plastics,kg CO2e,2023-01,2023,0.0,1704,0,,Frontier Developments Ltd.,False,True,False
354342113419,Frontier Developments Ltd.,Sentosa Cove Villas,Waste,Plastics average plastics,kg CO2e,2023-02,2023,0.0,1704,0,,Frontier Developments Ltd.,False,True,False
354342113419,Frontier Developments Ltd.,Sentosa Cove Villas,Waste,Plastics average plastics,kg CO2e,2023-03,2023,0.0,1704,0,,Frontier Developments Ltd.,False,True,False
354342113419,Frontier Developments Ltd.,Sentosa Cove Villas,Waste,Plastics average plastics,kg CO2e,2023-04,2023,0.0,1704,0,,Frontier Developments Ltd.,False,True,False
354342113419,Frontier Developments Ltd.,Sentosa Cove Villas,Waste,Plastics average plastics,kg CO2e,2023-05,2023,0.0,1704,0,,Frontier Developments Ltd.,False,True,False
354342113419,Frontier Developments Ltd.,Sentosa Cove Villas,Waste,Plastics average plastics,kg CO2e,2023-06,2023,0.0,1704,0,,Frontier Developments Ltd.,False,True,False
354342113419,Frontier Developments Ltd.,Sentosa Cove Villas,Waste,Plastics average plastics,kg CO2e,2023-07,2023,0.0,1704,0,,Frontier Developments Ltd.,False,True,False
354342113419,Frontier Developments Ltd.,Sentosa Cove Villas,Waste,Plastics average plastics,kg CO2e,2023-08,2023,0.0,1704,0,,Frontier Developments Ltd.,False,True,False
354342113419,Frontier Developments Ltd.,Sentosa Cove Villas,Waste,Plastics average plastics,kg CO2e,2023-09,2023,0.0,1704,0,,Frontier Developments Ltd.,False,True,False
354342113419,Frontier Developments Ltd.,Sentosa Cove Villas,Waste,Plastics average plastics,kg CO2e,2023-10,2023,0.0,1704,0,,Frontier Developments Ltd.,False,True,False
354342113419,Frontier Developments Ltd.,Sentosa Cove Villas,Waste,Plastics average plastics,kg CO2e,2023-11,2023,0.0,1704,0,,Frontier Developments Ltd.,False,True,False
214832269481,Crestline Real Estate Pte. Ltd.,City Plaza Commercial,Waste,Plastics average plastics,kg CO2e,2023-12,2023,8.51232289,1705,1,Frontier Developments Ltd.,Frontier Developments Ltd.,False,False,False
214832269481,Crestline Real Estate Pte. Ltd.,Riverside Walk Mall,Waste,Plastics average plastics,kg CO2e,2023-12,2023,49.58428086,1705,1,Frontier Developments Ltd.,Frontier Developments Ltd.,False,False,False
214832269481,Crestline Real Estate Pte. Ltd.,Tanjong Pagar Plaza,Waste,Plastics average plastics,kg CO2e,2023-12,2023,8.51232289,1705,1,Frontier Developments Ltd.,Frontier Developments Ltd.,False,False,False
354342113419,Frontier Developments Ltd.,Sentosa Cove Villas,Waste,Plastics average plastics,kg CO2e,2023-12,2023,7.065228,1704,0,,Frontier Developments Ltd.,False,False,False
354342113419,Frontier Developments Ltd.,Sentosa Cove Villas,Waste,Waste paper unsorted,kg CO2e,2023-01,2023,0.0,1704,0,,Frontier Developments Ltd.,False,True,False
354342113419,Frontier Developments Ltd.,Sentosa Cove Villas,Waste,Waste paper unsorted,kg CO2e,2023-02,2023,0.0,1704,0,,Frontier Developments Ltd.,False,True,False
354342113419,Frontier Developments Ltd.,Sentosa Cove Villas,Waste,Waste paper unsorted,kg CO2e,2023-03,2023,0.0,1704,0,,Frontier Developments Ltd.,False,True,False
354342113419,Frontier Developments Ltd.,Sentosa Cove Villas,Waste,Waste paper unsorted,kg CO2e,2023-04,2023,0.0,1704,0,,Frontier Developments Ltd.,False,True,False
354342113419,Frontier Developments Ltd.,Sentosa Cove Villas,Waste,Waste paper unsorted,kg CO2e,2023-05,2023,0.0,1704,0,,Frontier Developments Ltd.,False,True,False
354342113419,Frontier Developments Ltd.,Sentosa Cove Villas,Waste,Waste paper unsorted,kg CO2e,2023-06,2023,0.0,1704,0,,Frontier Developments Ltd.,False,True,False
354342113419,Frontier Developments Ltd.,Sentosa Cove Villas,Waste,Waste paper unsorted,kg CO2e,2023-07,2023,0.0,1704,0,,Frontier Developments Ltd.,False,True,False
354342113419,Frontier Developments Ltd.,Sentosa Cove Villas,Waste,Waste paper unsorted,kg CO2e,2023-08,2023,0.0,1704,0,,Frontier Developments Ltd.,False,True,False
354342113419,Frontier Developments Ltd.,Sentosa Cove Villas,Waste,Waste paper unsorted,kg CO2e,2023-09,2023,0.0,1704,0,,Frontier Developments Ltd.,False,True,False
354342113419,Frontier Developments Ltd.,Sentosa Cove Villas,Waste,Waste paper unsorted,kg CO2e,2023-10,2023,0.0,1704,0,,Frontier Developments Ltd.,False,True,False
354342113419,Frontier Developments Ltd.,Sentosa Cove Villas,Waste,Waste paper unsorted,kg CO2e,2023-11,2023,0.0,1704,0,,Frontier Developments Ltd.,False,True,False
354342113419,Frontier Developments Ltd.,Sentosa Cove Villas,Waste,Waste paper unsorted,kg CO2e,2023-12,2023,0.0,1704,0,,Frontier Developments Ltd.,False,True,False
214832269481,Crestline Real Estate Pte. Ltd.,Tanjong Pagar Plaza,Waste,Waste paper unsorted,kg CO2e,2023-12,2023,0.0,1705,1,Frontier Developments Ltd.,Frontier Developments Ltd.,False,True,False
214832269481,Crestline Real Estate Pte. Ltd.,Riverside Walk Mall,Waste,Waste paper unsorted,kg CO2e,2023-12,2023,0.0,1705,1,Frontier Developments Ltd.,Frontier Developments Ltd.,False,True,False
214832269481,Crestline Real Estate Pte. Ltd.,City Plaza Commercial,Waste,Waste paper unsorted,kg CO2e,2023-12,2023,0.0,1705,1,Frontier Developments Ltd.,Frontier Developments Ltd.,False,True,False
354342113419,Frontier Developments Ltd.,Sentosa Cove Villas,Waste,Weee small,kg CO2e,2023-01,2023,0.0,1704,0,,Frontier Developments Ltd.,False,True,False
354342113419,Frontier Developments Ltd.,Alexandra Business Park,Waste,Weee small,kg CO2e,2023-01,2023,0.0,1704,0,,Frontier Developments Ltd.,False,True,False
354342113419,Frontier Developments Ltd.,Alexandra Business Park,Waste,Weee small,kg CO2e,2023-02,2023,0.0,1704,0,,Frontier Developments Ltd.,False,True,False
354342113419,Frontier Developments Ltd.,Sentosa Cove Villas,Waste,Weee small,kg CO2e,2023-02,2023,0.0,1704,0,,Frontier Developments Ltd.,False,True,False
354342113419,Frontier Developments Ltd.,Alexandra Business Park,Waste,Weee small,kg CO2e,2023-03,2023,0.0,1704,0,,Frontier Developments Ltd.,False,True,False
354342113419,Frontier Developments Ltd.,Sentosa Cove Villas,Waste,Weee small,kg CO2e,2023-03,2023,0.0,1704,0,,Frontier Developments Ltd.,False,True,False
354342113419,Frontier Developments Ltd.,Alexandra Business Park,Waste,Weee small,kg CO2e,2023-04,2023,0.0,1704,0,,Frontier Developments Ltd.,False,True,False
354342113419,Frontier Developments Ltd.,Sentosa Cove Villas,Waste,Weee small,kg CO2e,2023-04,2023,0.0,1704,0,,Frontier Developments Ltd.,False,True,False
354342113419,Frontier Developments Ltd.,Alexandra Business Park,Waste,Weee small,kg CO2e,2023-05,2023,0.0,1704,0,,Frontier Developments Ltd.,False,True,False
354342113419,Frontier Developments Ltd.,Sentosa Cove Villas,Waste,Weee small,kg CO2e,2023-05,2023,0.0,1704,0,,Frontier Developments Ltd.,False,True,False
354342113419,Frontier Developments Ltd.,Alexandra Business Park,Waste,Weee small,kg CO2e,2023-06,2023,0.0,1704,0,,Frontier Developments Ltd.,False,True,False
354342113419,Frontier Developments Ltd.,Sentosa Cove Villas,Waste,Weee small,kg CO2e,2023-06,2023,0.0,1704,0,,Frontier Developments Ltd.,False,True,False
354342113419,Frontier Developments Ltd.,Sentosa Cove Villas,Waste,Weee small,kg CO2e,2023-07,2023,0.0,1704,0,,Frontier Developments Ltd.,False,True,False
354342113419,Frontier Developments Ltd.,Alexandra Business Park,Waste,Weee small,kg CO2e,2023-07,2023,0.0,1704,0,,Frontier Developments Ltd.,False,True,False
354342113419,Frontier Developments Ltd.,Sentosa Cove Villas,Waste,Weee small,kg CO2e,2023-08,2023,0.0,1704,0,,Frontier Developments Ltd.,False,True,False
354342113419,Frontier Developments Ltd.,Alexandra Business Park,Waste,Weee small,kg CO2e,2023-08,2023,0.0,1704,0,,Frontier Developments Ltd.,False,True,False
354342113419,Frontier Developments Ltd.,Alexandra Business Park,Waste,Weee small,kg CO2e,2023-09,2023,0.0,1704,0,,Frontier Developments Ltd.,False,True,False
354342113419,Frontier Developments Ltd.,Sentosa Cove Villas,Waste,Weee small,kg CO2e,2023-09,2023,0.0,1704,0,,Frontier Developments Ltd.,False,True,False
354342113419,Frontier Developments Ltd.,Sentosa Cove Villas,Waste,Weee small,kg CO2e,2023-10,2023,0.0,1704,0,,Frontier Developments Ltd.,False,True,False
354342113419,Frontier Developments Ltd.,Alexandra Business Park,Waste,Weee small,kg CO2e,2023-10,2023,0.0,1704,0,,Frontier Developments Ltd.,False,True,False
354342113419,Frontier Developments Ltd.,Alexandra Business Park,Waste,Weee small,kg CO2e,2023-11,2023,0.0,1704,0,,Frontier Developments Ltd.,False,True,False
354342113419,Frontier Developments Ltd.,Sentosa Cove Villas,Waste,Weee small,kg CO2e,2023-11,2023,0.0,1704,0,,Frontier Developments Ltd.,False,True,False
223005401501,Delta Asset Management Ltd.,Sydney Harbour Suites,Waste,Weee small,kg CO2e,2023-12,2023,0.26068988,1719,2,Kestrel Properties Pte. Ltd.,Frontier Developments Ltd.,False,False,False
354342113419,Frontier Developments Ltd.,Maldives Beach Resort,Waste,Weee small,kg CO2e,2023-12,2023,0.37241412,1704,0,,Frontier Developments Ltd.,False,False,False
214832269481,Crestline Real Estate Pte. Ltd.,City Plaza Commercial,Waste,Weee small,kg CO2e,2023-12,2023,7.6610906,1705,1,Frontier Developments Ltd.,Frontier Developments Ltd.,False,False,False
214832269481,Crestline Real Estate Pte. Ltd.,Tanjong Pagar Plaza,Waste,Weee small,kg CO2e,2023-12,2023,7.6610906,1705,1,Frontier Developments Ltd.,Frontier Developments Ltd.,False,False,False
354342113419,Frontier Developments Ltd.,Sentosa Cove Villas,Waste,Weee small,kg CO2e,2023-12,2023,25.11135253,1704,0,,Frontier Developments Ltd.,False,False,False
354342113419,Frontier Developments Ltd.,Alexandra Business Park,Waste,Weee small,kg CO2e,2023-12,2023,4.21359983,1704,0,,Frontier Developments Ltd.,False,False,False
223005401501,Delta Asset Management Ltd.,Melbourne Central Tower,Waste,Weee small,kg CO2e,2023-12,2023,0.26068988,1719,2,Kestrel Properties Pte. Ltd.,Frontier Developments Ltd.,False,False,False
354342113419,Frontier Developments Ltd.,Sentosa Cove Villas,Water,Potable water,kg CO2e,2023-01,2023,0.0,1704,0,,Frontier Developments Ltd.,False,True,False
354342113419,Frontier Developments Ltd.,Buona Vista Campus,Water,Potable water,kg CO2e,2023-01,2023,0.0,1704,0,,Frontier Developments Ltd.,False,True,False
354342113419,Frontier Developments Ltd.,Alexandra Business Park,Water,Potable water,kg CO2e,2023-01,2023,0.0,1704,0,,Frontier Developments Ltd.,False,True,False
354342113419,Frontier Developments Ltd.,Raffles Place Centre,Water,Potable water,kg CO2e,2023-01,2023,0.0,1704,0,,Frontier Developments Ltd.,False,True,False
354342113419,Frontier Developments Ltd.,Buona Vista Campus,Water,Potable water,kg CO2e,2023-02,2023,0.0,1704,0,,Frontier Developments Ltd.,False,True,False
354342113419,Frontier Developments Ltd.,Alexandra Business Park,Water,Potable water,kg CO2e,2023-02,2023,0.0,1704,0,,Frontier Developments Ltd.,False,True,False
354342113419,Frontier Developments Ltd.,Raffles Place Centre,Water,Potable water,kg CO2e,2023-02,2023,0.0,1704,0,,Frontier Developments Ltd.,False,True,False
354342113419,Frontier Developments Ltd.,Sentosa Cove Villas,Water,Potable water,kg CO2e,2023-02,2023,0.0,1704,0,,Frontier Developments Ltd.,False,True,False
354342113419,Frontier Developments Ltd.,Raffles Place Centre,Water,Potable water,kg CO2e,2023-03,2023,0.0,1704,0,,Frontier Developments Ltd.,False,True,False
354342113419,Frontier Developments Ltd.,Alexandra Business Park,Water,Potable water,kg CO2e,2023-03,2023,0.0,1704,0,,Frontier Developments Ltd.,False,True,False
354342113419,Frontier Developments Ltd.,Sentosa Cove Villas,Water,Potable water,kg CO2e,2023-03,2023,0.0,1704,0,,Frontier Developments Ltd.,False,True,False
354342113419,Frontier Developments Ltd.,Buona Vista Campus,Water,Potable water,kg CO2e,2023-03,2023,0.0,1704,0,,Frontier Developments Ltd.,False,True,False
354342113419,Frontier Developments Ltd.,Raffles Place Centre,Water,Potable water,kg CO2e,2023-04,2023,0.0,1704,0,,Frontier Developments Ltd.,False,True,False
354342113419,Frontier Developments Ltd.,Alexandra Business Park,Water,Potable water,kg CO2e,2023-04,2023,0.0,1704,0,,Frontier Developments Ltd.,False,True,False
354342113419,Frontier Developments Ltd.,Sentosa Cove Villas,Water,Potable water,kg CO2e,2023-04,2023,0.0,1704,0,,Frontier Developments Ltd.,False,True,False
354342113419,Frontier Developments Ltd.,Buona Vista Campus,Water,Potable water,kg CO2e,2023-04,2023,0.0,1704,0,,Frontier Developments Ltd.,False,True,False
354342113419,Frontier Developments Ltd.,Buona Vista Campus,Water,Potable water,kg CO2e,2023-05,2023,0.0,1704,0,,Frontier Developments Ltd.,False,True,False
354342113419,Frontier Developments Ltd.,Alexandra Business Park,Water,Potable water,kg CO2e,2023-05,2023,0.0,1704,0,,Frontier Developments Ltd.,False,True,False
354342113419,Frontier Developments Ltd.,Raffles Place Centre,Water,Potable water,kg CO2e,2023-05,2023,0.0,1704,0,,Frontier Developments Ltd.,False,True,False
354342113419,Frontier Developments Ltd.,Sentosa Cove Villas,Water,Potable water,kg CO2e,2023-05,2023,0.0,1704,0,,Frontier Developments Ltd.,False,True,False
354342113419,Frontier Developments Ltd.,Alexandra Business Park,Water,Potable water,kg CO2e,2023-06,2023,0.0,1704,0,,Frontier Developments Ltd.,False,True,False
354342113419,Frontier Developments Ltd.,Buona Vista Campus,Water,Potable water,kg CO2e,2023-06,2023,0.0,1704,0,,Frontier Developments Ltd.,False,True,False
354342113419,Frontier Developments Ltd.,Raffles Place Centre,Water,Potable water,kg CO2e,2023-06,2023,0.0,1704,0,,Frontier Developments Ltd.,False,True,False
354342113419,Frontier Developments Ltd.,Sentosa Cove Villas,Water,Potable water,kg CO2e,2023-06,2023,0.0,1704,0,,Frontier Developments Ltd.,False,True,False
354342113419,Frontier Developments Ltd.,Sentosa Cove Villas,Water,Potable water,kg CO2e,2023-07,2023,0.0,1704,0,,Frontier Developments Ltd.,False,True,False
354342113419,Frontier Developments Ltd.,Raffles Place Centre,Water,Potable water,kg CO2e,2023-07,2023,0.0,1704,0,,Frontier Developments Ltd.,False,True,False
354342113419,Frontier Developments Ltd.,Buona Vista Campus,Water,Potable water,kg CO2e,2023-07,2023,0.0,1704,0,,Frontier Developments Ltd.,False,True,False
354342113419,Frontier Developments Ltd.,Alexandra Business Park,Water,Potable water,kg CO2e,2023-07,2023,0.0,1704,0,,Frontier Developments Ltd.,False,True,False
354342113419,Frontier Developments Ltd.,Buona Vista Campus,Water,Potable water,kg CO2e,2023-08,2023,0.0,1704,0,,Frontier Developments Ltd.,False,True,False
354342113419,Frontier Developments Ltd.,Alexandra Business Park,Water,Potable water,kg CO2e,2023-08,2023,0.0,1704,0,,Frontier Developments Ltd.,False,True,False
354342113419,Frontier Developments Ltd.,Sentosa Cove Villas,Water,Potable water,kg CO2e,2023-08,2023,0.0,1704,0,,Frontier Developments Ltd.,False,True,False
354342113419,Frontier Developments Ltd.,Raffles Place Centre,Water,Potable water,kg CO2e,2023-08,2023,0.0,1704,0,,Frontier Developments Ltd.,False,True,False
354342113419,Frontier Developments Ltd.,Sentosa Cove Villas,Water,Potable water,kg CO2e,2023-09,2023,0.0,1704,0,,Frontier Developments Ltd.,False,True,False
354342113419,Frontier Developments Ltd.,Alexandra Business Park,Water,Potable water,kg CO2e,2023-09,2023,0.0,1704,0,,Frontier Developments Ltd.,False,True,False
354342113419,Frontier Developments Ltd.,Buona Vista Campus,Water,Potable water,kg CO2e,2023-09,2023,0.0,1704,0,,Frontier Developments Ltd.,False,True,False
354342113419,Frontier Developments Ltd.,Raffles Place Centre,Water,Potable water,kg CO2e,2023-09,2023,0.0,1704,0,,Frontier Developments Ltd.,False,True,False
354342113419,Frontier Developments Ltd.,Sentosa Cove Villas,Water,Potable water,kg CO2e,2023-10,2023,0.0,1704,0,,Frontier Developments Ltd.,False,True,False
354342113419,Frontier Developments Ltd.,Raffles Place Centre,Water,Potable water,kg CO2e,2023-10,2023,0.0,1704,0,,Frontier Developments Ltd.,False,True,False
354342113419,Frontier Developments Ltd.,Alexandra Business Park,Water,Potable water,kg CO2e,2023-10,2023,0.0,1704,0,,Frontier Developments Ltd.,False,True,False
354342113419,Frontier Developments Ltd.,Buona Vista Campus,Water,Potable water,kg CO2e,2023-10,2023,0.0,1704,0,,Frontier Developments Ltd.,False,True,False
354342113419,Frontier Developments Ltd.,Buona Vista Campus,Water,Potable water,kg CO2e,2023-11,2023,0.0,1704,0,,Frontier Developments Ltd.,False,True,False
354342113419,Frontier Developments Ltd.,Sentosa Cove Villas,Water,Potable water,kg CO2e,2023-11,2023,0.0,1704,0,,Frontier Developments Ltd.,False,True,False
354342113419,Frontier Developments Ltd.,Raffles Place Centre,Water,Potable water,kg CO2e,2023-11,2023,0.0,1704,0,,Frontier Developments Ltd.,False,True,False
354342113419,Frontier Developments Ltd.,Alexandra Business Park,Water,Potable water,kg CO2e,2023-11,2023,0.0,1704,0,,Frontier Developments Ltd.,False,True,False
354342113419,Frontier Developments Ltd.,Raffles Place Centre,Water,Potable water,kg CO2e,2023-12,2023,0.0,1704,0,,Frontier Developments Ltd.,False,True,False
214832269481,Crestline Real Estate Pte. Ltd.,Riverside Walk Mall,Water,Potable water,kg CO2e,2023-12,2023,18814.93924,1705,1,Frontier Developments Ltd.,Frontier Developments Ltd.,False,False,False
354342113419,Frontier Developments Ltd.,Buona Vista Campus,Water,Potable water,kg CO2e,2023-12,2023,0.0,1704,0,,Frontier Developments Ltd.,False,True,False
354342113419,Frontier Developments Ltd.,Sentosa Cove Villas,Water,Potable water,kg CO2e,2023-12,2023,2106.5657846,1704,0,,Frontier Developments Ltd.,False,False,False
214832269481,Crestline Real Estate Pte. Ltd.,City Plaza Commercial,Water,Potable water,kg CO2e,2023-12,2023,18814.93924,1705,1,Frontier Developments Ltd.,Frontier Developments Ltd.,False,False,False
214832269481,Crestline Real Estate Pte. Ltd.,Tanjong Pagar Plaza,Water,Potable water,kg CO2e,2023-12,2023,23749.31562,1705,1,Frontier Developments Ltd.,Frontier Developments Ltd.,False,False,False
223005401501,Delta Asset Management Ltd.,Melbourne Central Tower,Water,Potable water,kg CO2e,2023-12,2023,131.3584,1719,2,Kestrel Properties Pte. Ltd.,Frontier Developments Ltd.,False,False,False
354342113419,Frontier Developments Ltd.,Jurong Lake District Tower,Water,Potable water,kg CO2e,2023-12,2023,10.885195,1704,0,,Frontier Developments Ltd.,False,False,False
223005401501,Delta Asset Management Ltd.,Sydney Harbour Suites,Water,Potable water,kg CO2e,2023-12,2023,131.3584,1719,2,Kestrel Properties Pte. Ltd.,Frontier Developments Ltd.,False,False,False
354342113419,Frontier Developments Ltd.,Alexandra Business Park,Water,Potable water,kg CO2e,2023-12,2023,442.725935,1704,0,,Frontier Developments Ltd.,False,False,False
354342113419,Frontier Developments Ltd.,Maldives Beach Resort,Water,Potable water,kg CO2e,2023-12,2023,575.40075,1704,0,,Frontier Developments Ltd.,False,False,False
354342113419,Frontier Developments Ltd.,Orchard Grand Residences,Water,Potable water,kg CO2e,2023-12,2023,10.055712,1704,0,,Frontier Developments Ltd.,False,False,False
367469214295,Granite Capital Partners Pte. Ltd.,Marina Bay Tower,Water,Water supply,kg CO2e,2023-01,2023,0.0,1717,1,Frontier Developments Ltd.,Frontier Developments Ltd.,False,True,False
367469214295,Granite Capital Partners Pte. Ltd.,Marina Bay Tower,Water,Water supply,kg CO2e,2023-02,2023,0.0,1717,1,Frontier Developments Ltd.,Frontier Developments Ltd.,False,True,False
367469214295,Granite Capital Partners Pte. Ltd.,Marina Bay Tower,Water,Water supply,kg CO2e,2023-03,2023,0.0,1717,1,Frontier Developments Ltd.,Frontier Developments Ltd.,False,True,False
367469214295,Granite Capital Partners Pte. Ltd.,Marina Bay Tower,Water,Water supply,kg CO2e,2023-04,2023,0.0,1717,1,Frontier Developments Ltd.,Frontier Developments Ltd.,False,True,False
367469214295,Granite Capital Partners Pte. Ltd.,Marina Bay Tower,Water,Water supply,kg CO2e,2023-05,2023,0.0,1717,1,Frontier Developments Ltd.,Frontier Developments Ltd.,False,True,False
367469214295,Granite Capital Partners Pte. Ltd.,Marina Bay Tower,Water,Water supply,kg CO2e,2023-06,2023,0.0,1717,1,Frontier Developments Ltd.,Frontier Developments Ltd.,False,True,False
367469214295,Granite Capital Partners Pte. Ltd.,Marina Bay Tower,Water,Water supply,kg CO2e,2023-07,2023,0.0,1717,1,Frontier Developments Ltd.,Frontier Developments Ltd.,False,True,False
367469214295,Granite Capital Partners Pte. Ltd.,Marina Bay Tower,Water,Water supply,kg CO2e,2023-08,2023,0.0,1717,1,Frontier Developments Ltd.,Frontier Developments Ltd.,False,True,False
367469214295,Granite Capital Partners Pte. Ltd.,Marina Bay Tower,Water,Water supply,kg CO2e,2023-09,2023,0.0,1717,1,Frontier Developments Ltd.,Frontier Developments Ltd.,False,True,False
367469214295,Granite Capital Partners Pte. Ltd.,Marina Bay Tower,Water,Water supply,kg CO2e,2023-10,2023,0.0,1717,1,Frontier Developments Ltd.,Frontier Developments Ltd.,False,True,False
367469214295,Granite Capital Partners Pte. Ltd.,Marina Bay Tower,Water,Water supply,kg CO2e,2023-11,2023,0.0,1717,1,Frontier Developments Ltd.,Frontier Developments Ltd.,False,True,False
367469214295,Granite Capital Partners Pte. Ltd.,Marina Bay Tower,Water,Water supply,kg CO2e,2023-12,2023,0.0,1717,1,Frontier Developments Ltd.,Frontier Developments Ltd.,False,True,False
354342113419,Frontier Developments Ltd.,Sentosa Cove Villas,Electricity Consumption,Electricity,kg CO2e,2022-12,2022,949424.34899999,1704,0,,Frontier Developments Ltd.,False,False,False
214832269481,Crestline Real Estate Pte. Ltd.,City Plaza Commercial,Electricity Consumption,Electricity,kg CO2e,2022-12,2022,603722.630364,1705,1,Frontier Developments Ltd.,Frontier Developments Ltd.,False,False,False
223005401501,Delta Asset Management Ltd.,Melbourne Central Tower,Electricity Consumption,Electricity,kg CO2e,2022-12,2022,3762.591,1719,2,Kestrel Properties Pte. Ltd.,Frontier Developments Ltd.,False,False,False
354342113419,Frontier Developments Ltd.,Maldives Beach Resort,Electricity Consumption,Electricity,kg CO2e,2022-12,2022,5382.63599999,1704,0,,Frontier Developments Ltd.,False,False,False
214832269481,Crestline Real Estate Pte. Ltd.,Tanjong Pagar Plaza,Electricity Consumption,Electricity,kg CO2e,2022-12,2022,1309071.449607,1705,1,Frontier Developments Ltd.,Frontier Developments Ltd.,False,False,False
354342113419,Frontier Developments Ltd.,Jurong Lake District Tower,Electricity Consumption,Electricity,kg CO2e,2022-12,2022,47.294472,1704,0,,Frontier Developments Ltd.,False,False,False
354342113419,Frontier Developments Ltd.,Orchard Grand Residences,Electricity Consumption,Electricity,kg CO2e,2022-12,2022,170.309472,1704,0,,Frontier Developments Ltd.,False,False,False
354342113419,Frontier Developments Ltd.,Alexandra Business Park,Electricity Consumption,Electricity,kg CO2e,2022-12,2022,13088.37899999,1704,0,,Frontier Developments Ltd.,False,False,False
223005401501,Delta Asset Management Ltd.,Sydney Harbour Suites,Electricity Consumption,Electricity,kg CO2e,2022-12,2022,3762.591,1719,2,Kestrel Properties Pte. Ltd.,Frontier Developments Ltd.,False,False,False
214832269481,Crestline Real Estate Pte. Ltd.,Riverside Walk Mall,Electricity Consumption,Electricity,kg CO2e,2022-12,2022,2184249.07954499,1705,1,Frontier Developments Ltd.,Frontier Developments Ltd.,False,False,False
214832269481,Crestline Real Estate Pte. Ltd.,City Plaza Commercial,Stationary Asset Combustion,Diesel,kg CO2e,2022-12,2022,1354.10464285,1705,1,Frontier Developments Ltd.,Frontier Developments Ltd.,False,False,False
214832269481,Crestline Real Estate Pte. Ltd.,Tanjong Pagar Plaza,Stationary Asset Combustion,Diesel,kg CO2e,2022-12,2022,703.60339285,1705,1,Frontier Developments Ltd.,Frontier Developments Ltd.,False,False,False
214832269481,Crestline Real Estate Pte. Ltd.,Riverside Walk Mall,Stationary Asset Combustion,Diesel,kg CO2e,2022-12,2022,1008.94071428,1705,1,Frontier Developments Ltd.,Frontier Developments Ltd.,False,False,False
214832269481,Crestline Real Estate Pte. Ltd.,Riverside Walk Mall,Electricity Consumption,Electricity,kg CO2e,2021-12,2021,1940142.59677899,1705,1,Frontier Developments Ltd.,Frontier Developments Ltd.,False,False,False
354342113419,Frontier Developments Ltd.,Orchard Grand Residences,Electricity Consumption,Electricity,kg CO2e,2021-12,2021,251.705144,1704,0,,Frontier Developments Ltd.,False,False,False
354342113419,Frontier Developments Ltd.,Jurong Lake District Tower,Electricity Consumption,Electricity,kg CO2e,2021-12,2021,48.262,1704,0,,Frontier Developments Ltd.,False,False,False
223005401501,Delta Asset Management Ltd.,Melbourne Central Tower,Electricity Consumption,Electricity,kg CO2e,2021-12,2021,3558.91349999,1719,2,Kestrel Properties Pte. Ltd.,Frontier Developments Ltd.,False,False,False
214832269481,Crestline Real Estate Pte. Ltd.,Tanjong Pagar Plaza,Electricity Consumption,Electricity,kg CO2e,2021-12,2021,687116.64374599,1705,1,Frontier Developments Ltd.,Frontier Developments Ltd.,False,False,False
354342113419,Frontier Developments Ltd.,Alexandra Business Park,Electricity Consumption,Electricity,kg CO2e,2021-12,2021,13757.942,1704,0,,Frontier Developments Ltd.,False,False,False
214832269481,Crestline Real Estate Pte. Ltd.,City Plaza Commercial,Electricity Consumption,Electricity,kg CO2e,2021-12,2021,582409.33739,1705,1,Frontier Developments Ltd.,Frontier Developments Ltd.,False,False,False
223005401501,Delta Asset Management Ltd.,Sydney Harbour Suites,Electricity Consumption,Electricity,kg CO2e,2021-12,2021,3558.91349999,1719,2,Kestrel Properties Pte. Ltd.,Frontier Developments Ltd.,False,False,False
354342113419,Frontier Developments Ltd.,Maldives Beach Resort,Electricity Consumption,Electricity,kg CO2e,2021-12,2021,5171.80499999,1704,0,,Frontier Developments Ltd.,False,False,False
354342113419,Frontier Developments Ltd.,Sentosa Cove Villas,Electricity Consumption,Electricity,kg CO2e,2021-12,2021,908941.14999999,1704,0,,Frontier Developments Ltd.,False,False,False
214832269481,Crestline Real Estate Pte. Ltd.,City Plaza Commercial,Stationary Asset Combustion,Diesel,kg CO2e,2021-12,2021,1978.05482142,1705,1,Frontier Developments Ltd.,Frontier Developments Ltd.,False,False,False
214832269481,Crestline Real Estate Pte. Ltd.,Tanjong Pagar Plaza,Stationary Asset Combustion,Diesel,kg CO2e,2021-12,2021,1008.94071428,1705,1,Frontier Developments Ltd.,Frontier Developments Ltd.,False,False,False
367469214295,Granite Capital Partners Pte. Ltd.,Marina Bay Tower,Water,Water supply,kg CO2e,2021-01,2021,0.0,1717,1,Frontier Developments Ltd.,Frontier Developments Ltd.,False,True,False
367469214295,Granite Capital Partners Pte. Ltd.,Marina Bay Tower,Water,Water supply,kg CO2e,2021-02,2021,0.0,1717,1,Frontier Developments Ltd.,Frontier Developments Ltd.,False,True,False
367469214295,Granite Capital Partners Pte. Ltd.,Marina Bay Tower,Water,Water supply,kg CO2e,2021-03,2021,0.0,1717,1,Frontier Developments Ltd.,Frontier Developments Ltd.,False,True,False
367469214295,Granite Capital Partners Pte. Ltd.,Marina Bay Tower,Water,Water supply,kg CO2e,2021-04,2021,0.0,1717,1,Frontier Developments Ltd.,Frontier Developments Ltd.,False,True,False
367469214295,Granite Capital Partners Pte. Ltd.,Marina Bay Tower,Water,Water supply,kg CO2e,2021-05,2021,0.0,1717,1,Frontier Developments Ltd.,Frontier Developments Ltd.,False,True,False
367469214295,Granite Capital Partners Pte. Ltd.,Marina Bay Tower,Water,Water supply,kg CO2e,2021-06,2021,0.0,1717,1,Frontier Developments Ltd.,Frontier Developments Ltd.,False,True,False
367469214295,Granite Capital Partners Pte. Ltd.,Marina Bay Tower,Water,Water supply,kg CO2e,2021-07,2021,0.0,1717,1,Frontier Developments Ltd.,Frontier Developments Ltd.,False,True,False
367469214295,Granite Capital Partners Pte. Ltd.,Marina Bay Tower,Water,Water supply,kg CO2e,2021-08,2021,0.0,1717,1,Frontier Developments Ltd.,Frontier Developments Ltd.,False,True,False
367469214295,Granite Capital Partners Pte. Ltd.,Marina Bay Tower,Water,Water supply,kg CO2e,2021-09,2021,0.0,1717,1,Frontier Developments Ltd.,Frontier Developments Ltd.,False,True,False
367469214295,Granite Capital Partners Pte. Ltd.,Marina Bay Tower,Water,Water supply,kg CO2e,2021-10,2021,0.0,1717,1,Frontier Developments Ltd.,Frontier Developments Ltd.,False,True,False
367469214295,Granite Capital Partners Pte. Ltd.,Marina Bay Tower,Water,Water supply,kg CO2e,2021-11,2021,0.0,1717,1,Frontier Developments Ltd.,Frontier Developments Ltd.,False,True,False
367469214295,Granite Capital Partners Pte. Ltd.,Marina Bay Tower,Water,Water supply,kg CO2e,2021-12,2021,0.0,1717,1,Frontier Developments Ltd.,Frontier Developments Ltd.,False,True,False
214832269481,Crestline Real Estate Pte. Ltd.,City Plaza Commercial,Electricity Consumption,Electricity,kg CO2e,2020-12,2020,528978.52759399,1705,1,Frontier Developments Ltd.,Frontier Developments Ltd.,False,False,False
214832269481,Crestline Real Estate Pte. Ltd.,Riverside Walk Mall,Electricity Consumption,Electricity,kg CO2e,2020-12,2020,1659738.631265,1705,1,Frontier Developments Ltd.,Frontier Developments Ltd.,False,False,False
354342113419,Frontier Developments Ltd.,Orchard Grand Residences,Electricity Consumption,Electricity,kg CO2e,2020-12,2020,168.59364499,1704,0,,Frontier Developments Ltd.,False,False,False
223005401501,Delta Asset Management Ltd.,Sydney Harbour Suites,Electricity Consumption,Electricity,kg CO2e,2020-12,2020,3194.16978099,1719,2,Kestrel Properties Pte. Ltd.,Frontier Developments Ltd.,False,False,False
354342113419,Frontier Developments Ltd.,Alexandra Business Park,Electricity Consumption,Electricity,kg CO2e,2020-12,2020,14364.4545,1704,0,,Frontier Developments Ltd.,False,False,False
214832269481,Crestline Real Estate Pte. Ltd.,Tanjong Pagar Plaza,Electricity Consumption,Electricity,kg CO2e,2020-12,2020,698539.021851,1705,1,Frontier Developments Ltd.,Frontier Developments Ltd.,False,False,False
354342113419,Frontier Developments Ltd.,Maldives Beach Resort,Electricity Consumption,Electricity,kg CO2e,2020-12,2020,6170.01824999,1704,0,,Frontier Developments Ltd.,False,False,False
354342113419,Frontier Developments Ltd.,Jurong Lake District Tower,Electricity Consumption,Electricity,kg CO2e,2020-12,2020,35.883562,1704,0,,Frontier Developments Ltd.,False,False,False
223005401501,Delta Asset Management Ltd.,Melbourne Central Tower,Electricity Consumption,Electricity,kg CO2e,2020-12,2020,3194.16978099,1719,2,Kestrel Properties Pte. Ltd.,Frontier Developments Ltd.,False,False,False
354342113419,Frontier Developments Ltd.,Sentosa Cove Villas,Electricity Consumption,Electricity,kg CO2e,2020-12,2020,906146.835,1704,0,,Frontier Developments Ltd.,False,False,False
354342113419,Frontier Developments Ltd.,Alexandra Business Park,Stationary Asset Combustion,Diesel,kg CO2e,2020-12,2020,929.28749999,1704,0,,Frontier Developments Ltd.,False,False,False
214832269481,Crestline Real Estate Pte. Ltd.,Tanjong Pagar Plaza,Electricity Consumption,Electricity,kg CO2e,2019-01,2019,253051.04438999,1705,1,Frontier Developments Ltd.,Frontier Developments Ltd.,False,False,False
354342113419,Frontier Developments Ltd.,Sentosa Cove Villas,Electricity Consumption,Electricity,kg CO2e,2019-01,2019,0.0,1704,0,,Frontier Developments Ltd.,False,True,False
214832269481,Crestline Real Estate Pte. Ltd.,Riverside Walk Mall,Electricity Consumption,Electricity,kg CO2e,2019-01,2019,826502.19384,1705,1,Frontier Developments Ltd.,Frontier Developments Ltd.,False,False,False
214832269481,Crestline Real Estate Pte. Ltd.,City Plaza Commercial,Electricity Consumption,Electricity,kg CO2e,2019-01,2019,197519.60517999,1705,1,Frontier Developments Ltd.,Frontier Developments Ltd.,False,False,False
354342113419,Frontier Developments Ltd.,Maldives Beach Resort,Electricity Consumption,Electricity,kg CO2e,2019-02,2019,197519.60517999,1704,0,,Frontier Developments Ltd.,False,False,False
214832269481,Crestline Real Estate Pte. Ltd.,Tanjong Pagar Plaza,Electricity Consumption,Electricity,kg CO2e,2019-02,2019,200302.36346999,1705,1,Frontier Developments Ltd.,Frontier Developments Ltd.,False,False,False
214832269481,Crestline Real Estate Pte. Ltd.,City Plaza Commercial,Electricity Consumption,Electricity,kg CO2e,2019-02,2019,137538.44638,1705,1,Frontier Developments Ltd.,Frontier Developments Ltd.,False,False,False
354342113419,Frontier Developments Ltd.,Sentosa Cove Villas,Electricity Consumption,Electricity,kg CO2e,2019-02,2019,0.0,1704,0,,Frontier Developments Ltd.,False,True,False
214832269481,Crestline Real Estate Pte. Ltd.,Riverside Walk Mall,Electricity Consumption,Electricity,kg CO2e,2019-02,2019,695343.63212,1705,1,Frontier Developments Ltd.,Frontier Developments Ltd.,False,False,False
214832269481,Crestline Real Estate Pte. Ltd.,City Plaza Commercial,Electricity Consumption,Electricity,kg CO2e,2019-03,2019,203982.78268999,1705,1,Frontier Developments Ltd.,Frontier Developments Ltd.,False,False,False
214832269481,Crestline Real Estate Pte. Ltd.,Tanjong Pagar Plaza,Electricity Consumption,Electricity,kg CO2e,2019-03,2019,259214.93614999,1705,1,Frontier Developments Ltd.,Frontier Developments Ltd.,False,False,False
354342113419,Frontier Developments Ltd.,Sentosa Cove Villas,Electricity Consumption,Electricity,kg CO2e,2019-03,2019,0.0,1704,0,,Frontier Developments Ltd.,False,True,False
214832269481,Crestline Real Estate Pte. Ltd.,Riverside Walk Mall,Electricity Consumption,Electricity,kg CO2e,2019-03,2019,844532.46395,1705,1,Frontier Developments Ltd.,Frontier Developments Ltd.,False,False,False
214832269481,Crestline Real Estate Pte. Ltd.,Riverside Walk Mall,Electricity Consumption,Electricity,kg CO2e,2019-04,2019,779347.35683999,1705,1,Frontier Developments Ltd.,Frontier Developments Ltd.,False,False,False
214832269481,Crestline Real Estate Pte. Ltd.,Tanjong Pagar Plaza,Electricity Consumption,Electricity,kg CO2e,2019-04,2019,242760.76799,1705,1,Frontier Developments Ltd.,Frontier Developments Ltd.,False,False,False
354342113419,Frontier Developments Ltd.,Sentosa Cove Villas,Electricity Consumption,Electricity,kg CO2e,2019-04,2019,0.0,1704,0,,Frontier Developments Ltd.,False,True,False
214832269481,Crestline Real Estate Pte. Ltd.,City Plaza Commercial,Electricity Consumption,Electricity,kg CO2e,2019-04,2019,165603.74826,1705,1,Frontier Developments Ltd.,Frontier Developments Ltd.,False,False,False
214832269481,Crestline Real Estate Pte. Ltd.,Tanjong Pagar Plaza,Electricity Consumption,Electricity,kg CO2e,2019-05,2019,248990.44330999,1705,1,Frontier Developments Ltd.,Frontier Developments Ltd.,False,False,False
214832269481,Crestline Real Estate Pte. Ltd.,City Plaza Commercial,Electricity Consumption,Electricity,kg CO2e,2019-05,2019,177799.69881,1705,1,Frontier Developments Ltd.,Frontier Developments Ltd.,False,False,False
214832269481,Crestline Real Estate Pte. Ltd.,Riverside Walk Mall,Electricity Consumption,Electricity,kg CO2e,2019-05,2019,848349.06381,1705,1,Frontier Developments Ltd.,Frontier Developments Ltd.,False,False,False
354342113419,Frontier Developments Ltd.,Sentosa Cove Villas,Electricity Consumption,Electricity,kg CO2e,2019-05,2019,0.0,1704,0,,Frontier Developments Ltd.,False,True,False
214832269481,Crestline Real Estate Pte. Ltd.,City Plaza Commercial,Electricity Consumption,Electricity,kg CO2e,2019-06,2019,183451.44895,1705,1,Frontier Developments Ltd.,Frontier Developments Ltd.,False,False,False
214832269481,Crestline Real Estate Pte. Ltd.,Tanjong Pagar Plaza,Electricity Consumption,Electricity,kg CO2e,2019-06,2019,242597.65061,1705,1,Frontier Developments Ltd.,Frontier Developments Ltd.,False,False,False
214832269481,Crestline Real Estate Pte. Ltd.,Riverside Walk Mall,Electricity Consumption,Electricity,kg CO2e,2019-06,2019,835410.51241,1705,1,Frontier Developments Ltd.,Frontier Developments Ltd.,False,False,False
354342113419,Frontier Developments Ltd.,Sentosa Cove Villas,Electricity Consumption,Electricity,kg CO2e,2019-06,2019,0.0,1704,0,,Frontier Developments Ltd.,False,True,False
214832269481,Crestline Real Estate Pte. Ltd.,Riverside Walk Mall,Electricity Consumption,Electricity,kg CO2e,2019-07,2019,842734.58584,1705,1,Frontier Developments Ltd.,Frontier Developments Ltd.,False,False,False
214832269481,Crestline Real Estate Pte. Ltd.,Tanjong Pagar Plaza,Electricity Consumption,Electricity,kg CO2e,2019-07,2019,257878.44685,1705,1,Frontier Developments Ltd.,Frontier Developments Ltd.,False,False,False
354342113419,Frontier Developments Ltd.,Sentosa Cove Villas,Electricity Consumption,Electricity,kg CO2e,2019-07,2019,0.0,1704,0,,Frontier Developments Ltd.,False,True,False
214832269481,Crestline Real Estate Pte. Ltd.,City Plaza Commercial,Electricity Consumption,Electricity,kg CO2e,2019-07,2019,184720.75181999,1705,1,Frontier Developments Ltd.,Frontier Developments Ltd.,False,False,False
214832269481,Crestline Real Estate Pte. Ltd.,Tanjong Pagar Plaza,Electricity Consumption,Electricity,kg CO2e,2019-08,2019,242105.88945999,1705,1,Frontier Developments Ltd.,Frontier Developments Ltd.,False,False,False
354342113419,Frontier Developments Ltd.,Sentosa Cove Villas,Electricity Consumption,Electricity,kg CO2e,2019-08,2019,0.0,1704,0,,Frontier Developments Ltd.,False,True,False
214832269481,Crestline Real Estate Pte. Ltd.,City Plaza Commercial,Electricity Consumption,Electricity,kg CO2e,2019-08,2019,166436.43954,1705,1,Frontier Developments Ltd.,Frontier Developments Ltd.,False,False,False
214832269481,Crestline Real Estate Pte. Ltd.,Riverside Walk Mall,Electricity Consumption,Electricity,kg CO2e,2019-08,2019,803261.78316,1705,1,Frontier Developments Ltd.,Frontier Developments Ltd.,False,False,False
354342113419,Frontier Developments Ltd.,Sentosa Cove Villas,Electricity Consumption,Electricity,kg CO2e,2019-09,2019,0.0,1704,0,,Frontier Developments Ltd.,False,True,False
214832269481,Crestline Real Estate Pte. Ltd.,Riverside Walk Mall,Electricity Consumption,Electricity,kg CO2e,2019-09,2019,818704.27754999,1705,1,Frontier Developments Ltd.,Frontier Developments Ltd.,False,False,False
214832269481,Crestline Real Estate Pte. Ltd.,Tanjong Pagar Plaza,Electricity Consumption,Electricity,kg CO2e,2019-09,2019,234744.33117999,1705,1,Frontier Developments Ltd.,Frontier Developments Ltd.,False,False,False
214832269481,Crestline Real Estate Pte. Ltd.,City Plaza Commercial,Electricity Consumption,Electricity,kg CO2e,2019-09,2019,170805.80698999,1705,1,Frontier Developments Ltd.,Frontier Developments Ltd.,False,False,False
214832269481,Crestline Real Estate Pte. Ltd.,Riverside Walk Mall,Electricity Consumption,Electricity,kg CO2e,2019-10,2019,854141.39134,1705,1,Frontier Developments Ltd.,Frontier Developments Ltd.,False,False,False
214832269481,Crestline Real Estate Pte. Ltd.,Tanjong Pagar Plaza,Electricity Consumption,Electricity,kg CO2e,2019-10,2019,262255.99020999,1705,1,Frontier Developments Ltd.,Frontier Developments Ltd.,False,False,False
354342113419,Frontier Developments Ltd.,Sentosa Cove Villas,Electricity Consumption,Electricity,kg CO2e,2019-10,2019,0.0,1704,0,,Frontier Developments Ltd.,False,True,False
214832269481,Crestline Real Estate Pte. Ltd.,City Plaza Commercial,Electricity Consumption,Electricity,kg CO2e,2019-10,2019,201404.06222999,1705,1,Frontier Developments Ltd.,Frontier Developments Ltd.,False,False,False
354342113419,Frontier Developments Ltd.,Sentosa Cove Villas,Electricity Consumption,Electricity,kg CO2e,2019-11,2019,0.0,1704,0,,Frontier Developments Ltd.,False,True,False
214832269481,Crestline Real Estate Pte. Ltd.,Riverside Walk Mall,Electricity Consumption,Electricity,kg CO2e,2019-11,2019,807121.06625999,1705,1,Frontier Developments Ltd.,Frontier Developments Ltd.,False,False,False
214832269481,Crestline Real Estate Pte. Ltd.,City Plaza Commercial,Electricity Consumption,Electricity,kg CO2e,2019-11,2019,172066.54539999,1705,1,Frontier Developments Ltd.,Frontier Developments Ltd.,False,False,False
214832269481,Crestline Real Estate Pte. Ltd.,Tanjong Pagar Plaza,Electricity Consumption,Electricity,kg CO2e,2019-11,2019,234061.05987,1705,1,Frontier Developments Ltd.,Frontier Developments Ltd.,False,False,False
214832269481,Crestline Real Estate Pte. Ltd.,Tanjong Pagar Plaza,Electricity Consumption,Electricity,kg CO2e,2019-12,2019,214423.00257999,1705,1,Frontier Developments Ltd.,Frontier Developments Ltd.,False,False,False
354342113419,Frontier Developments Ltd.,Orchard Grand Residences,Electricity Consumption,Electricity,kg CO2e,2019-12,2019,241.991394,1704,0,,Frontier Developments Ltd.,False,False,False
223005401501,Delta Asset Management Ltd.,Sydney Harbour Suites,Electricity Consumption,Electricity,kg CO2e,2019-12,2019,5417.4264735,1719,2,Kestrel Properties Pte. Ltd.,Frontier Developments Ltd.,False,False,False
223005401501,Delta Asset Management Ltd.,Melbourne Central Tower,Electricity Consumption,Electricity,kg CO2e,2019-12,2019,5417.4264735,1719,2,Kestrel Properties Pte. Ltd.,Frontier Developments Ltd.,False,False,False
214832269481,Crestline Real Estate Pte. Ltd.,City Plaza Commercial,Electricity Consumption,Electricity,kg CO2e,2019-12,2019,161447.75202,1705,1,Frontier Developments Ltd.,Frontier Developments Ltd.,False,False,False
354342113419,Frontier Developments Ltd.,Alexandra Business Park,Electricity Consumption,Electricity,kg CO2e,2019-12,2019,23506.115894,1704,0,,Frontier Developments Ltd.,False,False,False
354342113419,Frontier Developments Ltd.,Jurong Lake District Tower,Electricity Consumption,Electricity,kg CO2e,2019-12,2019,36.946197,1704,0,,Frontier Developments Ltd.,False,False,False
354342113419,Frontier Developments Ltd.,Maldives Beach Resort,Electricity Consumption,Electricity,kg CO2e,2019-12,2019,14475.379125,1704,0,,Frontier Developments Ltd.,False,False,False
354342113419,Frontier Developments Ltd.,Sentosa Cove Villas,Electricity Consumption,Electricity,kg CO2e,2019-12,2019,1004387.026,1704,0,,Frontier Developments Ltd.,False,False,False
214832269481,Crestline Real Estate Pte. Ltd.,Riverside Walk Mall,Electricity Consumption,Electricity,kg CO2e,2019-12,2019,778133.57163,1705,1,Frontier Developments Ltd.,Frontier Developments Ltd.,False,False,False
354342113419,Frontier Developments Ltd.,Alexandra Business Park,Stationary Asset Combustion,Diesel,kg CO2e,2019-12,2019,0.0,1704,0,,Frontier Developments Ltd.,False,True,False
214832269481,Crestline Real Estate Pte. Ltd.,City Plaza Commercial,Water,Newater,kg CO2e,2019-01,2019,1536.72342,1705,1,Frontier Developments Ltd.,Frontier Developments Ltd.,False,False,False
214832269481,Crestline Real Estate Pte. Ltd.,Tanjong Pagar Plaza,Water,Newater,kg CO2e,2019-01,2019,1770.90374,1705,1,Frontier Developments Ltd.,Frontier Developments Ltd.,False,False,False
214832269481,Crestline Real Estate Pte. Ltd.,Riverside Walk Mall,Water,Newater,kg CO2e,2019-01,2019,1536.72342,1705,1,Frontier Developments Ltd.,Frontier Developments Ltd.,False,False,False
214832269481,Crestline Real Estate Pte. Ltd.,Riverside Walk Mall,Water,Newater,kg CO2e,2019-02,2019,1481.88695,1705,1,Frontier Developments Ltd.,Frontier Developments Ltd.,False,False,False
214832269481,Crestline Real Estate Pte. Ltd.,City Plaza Commercial,Water,Newater,kg CO2e,2019-02,2019,1481.88695,1705,1,Frontier Developments Ltd.,Frontier Developments Ltd.,False,False,False
214832269481,Crestline Real Estate Pte. Ltd.,Tanjong Pagar Plaza,Water,Newater,kg CO2e,2019-02,2019,1599.57162,1705,1,Frontier Developments Ltd.,Frontier Developments Ltd.,False,False,False
214832269481,Crestline Real Estate Pte. Ltd.,City Plaza Commercial,Water,Newater,kg CO2e,2019-03,2019,1322.24686,1705,1,Frontier Developments Ltd.,Frontier Developments Ltd.,False,False,False
214832269481,Crestline Real Estate Pte. Ltd.,Riverside Walk Mall,Water,Newater,kg CO2e,2019-03,2019,1322.24686,1705,1,Frontier Developments Ltd.,Frontier Developments Ltd.,False,False,False
214832269481,Crestline Real Estate Pte. Ltd.,Tanjong Pagar Plaza,Water,Newater,kg CO2e,2019-03,2019,1656.64458,1705,1,Frontier Developments Ltd.,Frontier Developments Ltd.,False,False,False
214832269481,Crestline Real Estate Pte. Ltd.,City Plaza Commercial,Water,Newater,kg CO2e,2019-04,2019,917.30062,1705,1,Frontier Developments Ltd.,Frontier Developments Ltd.,False,False,False
214832269481,Crestline Real Estate Pte. Ltd.,Tanjong Pagar Plaza,Water,Newater,kg CO2e,2019-04,2019,1827.75022,1705,1,Frontier Developments Ltd.,Frontier Developments Ltd.,False,False,False
214832269481,Crestline Real Estate Pte. Ltd.,Riverside Walk Mall,Water,Newater,kg CO2e,2019-04,2019,917.30062,1705,1,Frontier Developments Ltd.,Frontier Developments Ltd.,False,False,False
214832269481,Crestline Real Estate Pte. Ltd.,Tanjong Pagar Plaza,Water,Newater,kg CO2e,2019-05,2019,-1096.84264,1705,1,Frontier Developments Ltd.,Frontier Developments Ltd.,True,False,False
214832269481,Crestline Real Estate Pte. Ltd.,Riverside Walk Mall,Water,Newater,kg CO2e,2019-05,2019,962.2569,1705,1,Frontier Developments Ltd.,Frontier Developments Ltd.,False,False,False
214832269481,Crestline Real Estate Pte. Ltd.,City Plaza Commercial,Water,Newater,kg CO2e,2019-05,2019,962.2569,1705,1,Frontier Developments Ltd.,Frontier Developments Ltd.,False,False,False
214832269481,Crestline Real Estate Pte. Ltd.,City Plaza Commercial,Water,Newater,kg CO2e,2019-06,2019,463.80273,1705,1,Frontier Developments Ltd.,Frontier Developments Ltd.,False,False,False
214832269481,Crestline Real Estate Pte. Ltd.,Tanjong Pagar Plaza,Water,Newater,kg CO2e,2019-06,2019,1395.683,1705,1,Frontier Developments Ltd.,Frontier Developments Ltd.,False,False,False
214832269481,Crestline Real Estate Pte. Ltd.,Riverside Walk Mall,Water,Newater,kg CO2e,2019-06,2019,463.80273,1705,1,Frontier Developments Ltd.,Frontier Developments Ltd.,False,False,False
214832269481,Crestline Real Estate Pte. Ltd.,Tanjong Pagar Plaza,Water,Newater,kg CO2e,2019-07,2019,1644.98086,1705,1,Frontier Developments Ltd.,Frontier Developments Ltd.,False,False,False
214832269481,Crestline Real Estate Pte. Ltd.,City Plaza Commercial,Water,Newater,kg CO2e,2019-07,2019,977.8274,1705,1,Frontier Developments Ltd.,Frontier Developments Ltd.,False,False,False
214832269481,Crestline Real Estate Pte. Ltd.,Riverside Walk Mall,Water,Newater,kg CO2e,2019-07,2019,977.8274,1705,1,Frontier Developments Ltd.,Frontier Developments Ltd.,False,False,False
214832269481,Crestline Real Estate Pte. Ltd.,Tanjong Pagar Plaza,Water,Newater,kg CO2e,2019-08,2019,1495.44744,1705,1,Frontier Developments Ltd.,Frontier Developments Ltd.,False,False,False
214832269481,Crestline Real Estate Pte. Ltd.,Riverside Walk Mall,Water,Newater,kg CO2e,2019-08,2019,888.934,1705,1,Frontier Developments Ltd.,Frontier Developments Ltd.,False,False,False
214832269481,Crestline Real Estate Pte. Ltd.,City Plaza Commercial,Water,Newater,kg CO2e,2019-08,2019,888.934,1705,1,Frontier Developments Ltd.,Frontier Developments Ltd.,False,False,False
214832269481,Crestline Real Estate Pte. Ltd.,Tanjong Pagar Plaza,Water,Newater,kg CO2e,2019-09,2019,1545.27304,1705,1,Frontier Developments Ltd.,Frontier Developments Ltd.,False,False,False
214832269481,Crestline Real Estate Pte. Ltd.,City Plaza Commercial,Water,Newater,kg CO2e,2019-09,2019,971.00469,1705,1,Frontier Developments Ltd.,Frontier Developments Ltd.,False,False,False
214832269481,Crestline Real Estate Pte. Ltd.,Riverside Walk Mall,Water,Newater,kg CO2e,2019-09,2019,971.00469,1705,1,Frontier Developments Ltd.,Frontier Developments Ltd.,False,False,False
214832269481,Crestline Real Estate Pte. Ltd.,Riverside Walk Mall,Water,Newater,kg CO2e,2019-10,2019,-176.20144,1705,1,Frontier Developments Ltd.,Frontier Developments Ltd.,True,False,False
214832269481,Crestline Real Estate Pte. Ltd.,City Plaza Commercial,Water,Newater,kg CO2e,2019-10,2019,-176.20144,1705,1,Frontier Developments Ltd.,Frontier Developments Ltd.,True,False,False
214832269481,Crestline Real Estate Pte. Ltd.,Tanjong Pagar Plaza,Water,Newater,kg CO2e,2019-10,2019,1540.40372,1705,1,Frontier Developments Ltd.,Frontier Developments Ltd.,False,False,False
214832269481,Crestline Real Estate Pte. Ltd.,Riverside Walk Mall,Water,Newater,kg CO2e,2019-11,2019,331.99137,1705,1,Frontier Developments Ltd.,Frontier Developments Ltd.,False,False,False
214832269481,Crestline Real Estate Pte. Ltd.,Tanjong Pagar Plaza,Water,Newater,kg CO2e,2019-11,2019,1483.7271,1705,1,Frontier Developments Ltd.,Frontier Developments Ltd.,False,False,False
214832269481,Crestline Real Estate Pte. Ltd.,City Plaza Commercial,Water,Newater,kg CO2e,2019-11,2019,331.99137,1705,1,Frontier Developments Ltd.,Frontier Developments Ltd.,False,False,False
214832269481,Crestline Real Estate Pte. Ltd.,Tanjong Pagar Plaza,Water,Newater,kg CO2e,2019-12,2019,1292.80446,1705,1,Frontier Developments Ltd.,Frontier Developments Ltd.,False,False,False
214832269481,Crestline Real Estate Pte. Ltd.,Riverside Walk Mall,Water,Newater,kg CO2e,2019-12,2019,349.3454,1705,1,Frontier Developments Ltd.,Frontier Developments Ltd.,False,False,False
214832269481,Crestline Real Estate Pte. Ltd.,City Plaza Commercial,Water,Newater,kg CO2e,2019-12,2019,349.3454,1705,1,Frontier Developments Ltd.,Frontier Developments Ltd.,False,False,False
354342113419,Frontier Developments Ltd.,One Holland Village,Water,Potable water,kg CO2e,2019-01,2019,0.0,1704,0,,Frontier Developments Ltd.,False,True,False
214832269481,Crestline Real Estate Pte. Ltd.,Riverside Walk Mall,Water,Potable water,kg CO2e,2019-01,2019,1730.93002,1705,1,Frontier Developments Ltd.,Frontier Developments Ltd.,False,False,False
214832269481,Crestline Real Estate Pte. Ltd.,Tanjong Pagar Plaza,Water,Potable water,kg CO2e,2019-01,2019,1184.32054,1705,1,Frontier Developments Ltd.,Frontier Developments Ltd.,False,False,False
214832269481,Crestline Real Estate Pte. Ltd.,City Plaza Commercial,Water,Potable water,kg CO2e,2019-01,2019,1730.93002,1705,1,Frontier Developments Ltd.,Frontier Developments Ltd.,False,False,False
214832269481,Crestline Real Estate Pte. Ltd.,Clarke Quay Hotel,Water,Potable water,kg CO2e,2019-01,2019,0.0,1705,1,Frontier Developments Ltd.,Frontier Developments Ltd.,False,True,False
354342113419,Frontier Developments Ltd.,Raffles Place Centre,Water,Potable water,kg CO2e,2019-01,2019,0.0,1704,0,,Frontier Developments Ltd.,False,True,False
354342113419,Frontier Developments Ltd.,Buona Vista Campus,Water,Potable water,kg CO2e,2019-01,2019,0.0,1704,0,,Frontier Developments Ltd.,False,True,False
886833016361,Blue Ridge Properties Ltd.,Harbourfront Office Park,Water,Potable water,kg CO2e,2019-01,2019,0.0,1715,1,Frontier Developments Ltd.,Frontier Developments Ltd.,False,True,False
354342113419,Frontier Developments Ltd.,Sentosa Cove Villas,Water,Potable water,kg CO2e,2019-01,2019,0.0,1704,0,,Frontier Developments Ltd.,False,True,False
214832269481,Crestline Real Estate Pte. Ltd.,Novena Medical Hub,Water,Potable water,kg CO2e,2019-01,2019,0.0,1705,1,Frontier Developments Ltd.,Frontier Developments Ltd.,False,True,False
354342113419,Frontier Developments Ltd.,One Holland Village,Water,Potable water,kg CO2e,2019-02,2019,0.0,1704,0,,Frontier Developments Ltd.,False,True,False
214832269481,Crestline Real Estate Pte. Ltd.,Riverside Walk Mall,Water,Potable water,kg CO2e,2019-02,2019,1491.90869,1705,1,Frontier Developments Ltd.,Frontier Developments Ltd.,False,False,False
354342113419,Frontier Developments Ltd.,Buona Vista Campus,Water,Potable water,kg CO2e,2019-02,2019,0.0,1704,0,,Frontier Developments Ltd.,False,True,False
214832269481,Crestline Real Estate Pte. Ltd.,City Plaza Commercial,Water,Potable water,kg CO2e,2019-02,2019,1491.90869,1705,1,Frontier Developments Ltd.,Frontier Developments Ltd.,False,False,False
214832269481,Crestline Real Estate Pte. Ltd.,Novena Medical Hub,Water,Potable water,kg CO2e,2019-02,2019,0.0,1705,1,Frontier Developments Ltd.,Frontier Developments Ltd.,False,True,False
354342113419,Frontier Developments Ltd.,Raffles Place Centre,Water,Potable water,kg CO2e,2019-02,2019,0.0,1704,0,,Frontier Developments Ltd.,False,True,False
214832269481,Crestline Real Estate Pte. Ltd.,Tanjong Pagar Plaza,Water,Potable water,kg CO2e,2019-02,2019,7454.3061,1705,1,Frontier Developments Ltd.,Frontier Developments Ltd.,False,False,False
354342113419,Frontier Developments Ltd.,Sentosa Cove Villas,Water,Potable water,kg CO2e,2019-02,2019,0.0,1704,0,,Frontier Developments Ltd.,False,True,False
886833016361,Blue Ridge Properties Ltd.,Harbourfront Office Park,Water,Potable water,kg CO2e,2019-02,2019,0.0,1715,1,Frontier Developments Ltd.,Frontier Developments Ltd.,False,True,False
214832269481,Crestline Real Estate Pte. Ltd.,Clarke Quay Hotel,Water,Potable water,kg CO2e,2019-02,2019,0.0,1705,1,Frontier Developments Ltd.,Frontier Developments Ltd.,False,True,False
354342113419,Frontier Developments Ltd.,Raffles Place Centre,Water,Potable water,kg CO2e,2019-03,2019,0.0,1704,0,,Frontier Developments Ltd.,False,True,False
214832269481,Crestline Real Estate Pte. Ltd.,Riverside Walk Mall,Water,Potable water,kg CO2e,2019-03,2019,1798.47768,1705,1,Frontier Developments Ltd.,Frontier Developments Ltd.,False,False,False
354342113419,Frontier Developments Ltd.,Sentosa Cove Villas,Water,Potable water,kg CO2e,2019-03,2019,0.0,1704,0,,Frontier Developments Ltd.,False,True,False
214832269481,Crestline Real Estate Pte. Ltd.,City Plaza Commercial,Water,Potable water,kg CO2e,2019-03,2019,1798.47768,1705,1,Frontier Developments Ltd.,Frontier Developments Ltd.,False,False,False
886833016361,Blue Ridge Properties Ltd.,Harbourfront Office Park,Water,Potable water,kg CO2e,2019-03,2019,0.0,1715,1,Frontier Developments Ltd.,Frontier Developments Ltd.,False,True,False
214832269481,Crestline Real Estate Pte. Ltd.,Novena Medical Hub,Water,Potable water,kg CO2e,2019-03,2019,0.0,1705,1,Frontier Developments Ltd.,Frontier Developments Ltd.,False,True,False
354342113419,Frontier Developments Ltd.,Buona Vista Campus,Water,Potable water,kg CO2e,2019-03,2019,0.0,1704,0,,Frontier Developments Ltd.,False,True,False
214832269481,Crestline Real Estate Pte. Ltd.,Tanjong Pagar Plaza,Water,Potable water,kg CO2e,2019-03,2019,1660.55136,1705,1,Frontier Developments Ltd.,Frontier Developments Ltd.,False,False,False
214832269481,Crestline Real Estate Pte. Ltd.,Clarke Quay Hotel,Water,Potable water,kg CO2e,2019-03,2019,0.0,1705,1,Frontier Developments Ltd.,Frontier Developments Ltd.,False,True,False
354342113419,Frontier Developments Ltd.,One Holland Village,Water,Potable water,kg CO2e,2019-03,2019,0.0,1704,0,,Frontier Developments Ltd.,False,True,False
354342113419,Frontier Developments Ltd.,One Holland Village,Water,Potable water,kg CO2e,2019-04,2019,0.0,1704,0,,Frontier Developments Ltd.,False,True,False
214832269481,Crestline Real Estate Pte. Ltd.,City Plaza Commercial,Water,Potable water,kg CO2e,2019-04,2019,1949.9928,1705,1,Frontier Developments Ltd.,Frontier Developments Ltd.,False,False,False
886833016361,Blue Ridge Properties Ltd.,Harbourfront Office Park,Water,Potable water,kg CO2e,2019-04,2019,0.0,1715,1,Frontier Developments Ltd.,Frontier Developments Ltd.,False,True,False
354342113419,Frontier Developments Ltd.,Buona Vista Campus,Water,Potable water,kg CO2e,2019-04,2019,0.0,1704,0,,Frontier Developments Ltd.,False,True,False
214832269481,Crestline Real Estate Pte. Ltd.,Riverside Walk Mall,Water,Potable water,kg CO2e,2019-04,2019,1949.9928,1705,1,Frontier Developments Ltd.,Frontier Developments Ltd.,False,False,False
214832269481,Crestline Real Estate Pte. Ltd.,Tanjong Pagar Plaza,Water,Potable water,kg CO2e,2019-04,2019,1883.7474,1705,1,Frontier Developments Ltd.,Frontier Developments Ltd.,False,False,False
354342113419,Frontier Developments Ltd.,Sentosa Cove Villas,Water,Potable water,kg CO2e,2019-04,2019,0.0,1704,0,,Frontier Developments Ltd.,False,True,False
214832269481,Crestline Real Estate Pte. Ltd.,Clarke Quay Hotel,Water,Potable water,kg CO2e,2019-04,2019,0.0,1705,1,Frontier Developments Ltd.,Frontier Developments Ltd.,False,True,False
214832269481,Crestline Real Estate Pte. Ltd.,Novena Medical Hub,Water,Potable water,kg CO2e,2019-04,2019,0.0,1705,1,Frontier Developments Ltd.,Frontier Developments Ltd.,False,True,False
354342113419,Frontier Developments Ltd.,Raffles Place Centre,Water,Potable water,kg CO2e,2019-04,2019,0.0,1704,0,,Frontier Developments Ltd.,False,True,False
214832269481,Crestline Real Estate Pte. Ltd.,City Plaza Commercial,Water,Potable water,kg CO2e,2019-05,2019,1761.81623,1705,1,Frontier Developments Ltd.,Frontier Developments Ltd.,False,False,False
354342113419,Frontier Developments Ltd.,Sentosa Cove Villas,Water,Potable water,kg CO2e,2019-05,2019,0.0,1704,0,,Frontier Developments Ltd.,False,True,False
886833016361,Blue Ridge Properties Ltd.,Harbourfront Office Park,Water,Potable water,kg CO2e,2019-05,2019,0.0,1715,1,Frontier Developments Ltd.,Frontier Developments Ltd.,False,True,False
354342113419,Frontier Developments Ltd.,Raffles Place Centre,Water,Potable water,kg CO2e,2019-05,2019,0.0,1704,0,,Frontier Developments Ltd.,False,True,False
214832269481,Crestline Real Estate Pte. Ltd.,Tanjong Pagar Plaza,Water,Potable water,kg CO2e,2019-05,2019,1795.4202,1705,1,Frontier Developments Ltd.,Frontier Developments Ltd.,False,False,False
214832269481,Crestline Real Estate Pte. Ltd.,Novena Medical Hub,Water,Potable water,kg CO2e,2019-05,2019,0.0,1705,1,Frontier Developments Ltd.,Frontier Developments Ltd.,False,True,False
354342113419,Frontier Developments Ltd.,Buona Vista Campus,Water,Potable water,kg CO2e,2019-05,2019,0.0,1704,0,,Frontier Developments Ltd.,False,True,False
214832269481,Crestline Real Estate Pte. Ltd.,Clarke Quay Hotel,Water,Potable water,kg CO2e,2019-05,2019,0.0,1705,1,Frontier Developments Ltd.,Frontier Developments Ltd.,False,True,False
214832269481,Crestline Real Estate Pte. Ltd.,Riverside Walk Mall,Water,Potable water,kg CO2e,2019-05,2019,1761.81623,1705,1,Frontier Developments Ltd.,Frontier Developments Ltd.,False,False,False
354342113419,Frontier Developments Ltd.,One Holland Village,Water,Potable water,kg CO2e,2019-05,2019,0.0,1704,0,,Frontier Developments Ltd.,False,True,False
214832269481,Crestline Real Estate Pte. Ltd.,Clarke Quay Hotel,Water,Potable water,kg CO2e,2019-06,2019,0.0,1705,1,Frontier Developments Ltd.,Frontier Developments Ltd.,False,True,False
354342113419,Frontier Developments Ltd.,Sentosa Cove Villas,Water,Potable water,kg CO2e,2019-06,2019,0.0,1704,0,,Frontier Developments Ltd.,False,True,False
354342113419,Frontier Developments Ltd.,One Holland Village,Water,Potable water,kg CO2e,2019-06,2019,0.0,1704,0,,Frontier Developments Ltd.,False,True,False
214832269481,Crestline Real Estate Pte. Ltd.,Novena Medical Hub,Water,Potable water,kg CO2e,2019-06,2019,0.0,1705,1,Frontier Developments Ltd.,Frontier Developments Ltd.,False,True,False
354342113419,Frontier Developments Ltd.,Buona Vista Campus,Water,Potable water,kg CO2e,2019-06,2019,0.0,1704,0,,Frontier Developments Ltd.,False,True,False
214832269481,Crestline Real Estate Pte. Ltd.,Tanjong Pagar Plaza,Water,Potable water,kg CO2e,2019-06,2019,1617.0672,1705,1,Frontier Developments Ltd.,Frontier Developments Ltd.,False,False,False
214832269481,Crestline Real Estate Pte. Ltd.,Riverside Walk Mall,Water,Potable water,kg CO2e,2019-06,2019,1707.68751,1705,1,Frontier Developments Ltd.,Frontier Developments Ltd.,False,False,False
354342113419,Frontier Developments Ltd.,Raffles Place Centre,Water,Potable water,kg CO2e,2019-06,2019,0.0,1704,0,,Frontier Developments Ltd.,False,True,False
886833016361,Blue Ridge Properties Ltd.,Harbourfront Office Park,Water,Potable water,kg CO2e,2019-06,2019,0.0,1715,1,Frontier Developments Ltd.,Frontier Developments Ltd.,False,True,False
214832269481,Crestline Real Estate Pte. Ltd.,City Plaza Commercial,Water,Potable water,kg CO2e,2019-06,2019,1707.68751,1705,1,Frontier Developments Ltd.,Frontier Developments Ltd.,False,False,False
214832269481,Crestline Real Estate Pte. Ltd.,City Plaza Commercial,Water,Potable water,kg CO2e,2019-07,2019,1731.55284,1705,1,Frontier Developments Ltd.,Frontier Developments Ltd.,False,False,False
214832269481,Crestline Real Estate Pte. Ltd.,Clarke Quay Hotel,Water,Potable water,kg CO2e,2019-07,2019,0.0,1705,1,Frontier Developments Ltd.,Frontier Developments Ltd.,False,True,False
214832269481,Crestline Real Estate Pte. Ltd.,Novena Medical Hub,Water,Potable water,kg CO2e,2019-07,2019,0.0,1705,1,Frontier Developments Ltd.,Frontier Developments Ltd.,False,True,False
886833016361,Blue Ridge Properties Ltd.,Harbourfront Office Park,Water,Potable water,kg CO2e,2019-07,2019,0.0,1715,1,Frontier Developments Ltd.,Frontier Developments Ltd.,False,True,False
354342113419,Frontier Developments Ltd.,Sentosa Cove Villas,Water,Potable water,kg CO2e,2019-07,2019,0.0,1704,0,,Frontier Developments Ltd.,False,True,False
354342113419,Frontier Developments Ltd.,One Holland Village,Water,Potable water,kg CO2e,2019-07,2019,0.0,1704,0,,Frontier Developments Ltd.,False,True,False
354342113419,Frontier Developments Ltd.,Buona Vista Campus,Water,Potable water,kg CO2e,2019-07,2019,0.0,1704,0,,Frontier Developments Ltd.,False,True,False
354342113419,Frontier Developments Ltd.,Raffles Place Centre,Water,Potable water,kg CO2e,2019-07,2019,0.0,1704,0,,Frontier Developments Ltd.,False,True,False
214832269481,Crestline Real Estate Pte. Ltd.,Tanjong Pagar Plaza,Water,Potable water,kg CO2e,2019-07,2019,1907.13146,1705,1,Frontier Developments Ltd.,Frontier Developments Ltd.,False,False,False
214832269481,Crestline Real Estate Pte. Ltd.,Riverside Walk Mall,Water,Potable water,kg CO2e,2019-07,2019,1731.55284,1705,1,Frontier Developments Ltd.,Frontier Developments Ltd.,False,False,False
214832269481,Crestline Real Estate Pte. Ltd.,Clarke Quay Hotel,Water,Potable water,kg CO2e,2019-08,2019,0.0,1705,1,Frontier Developments Ltd.,Frontier Developments Ltd.,False,True,False
354342113419,Frontier Developments Ltd.,Buona Vista Campus,Water,Potable water,kg CO2e,2019-08,2019,0.0,1704,0,,Frontier Developments Ltd.,False,True,False
886833016361,Blue Ridge Properties Ltd.,Harbourfront Office Park,Water,Potable water,kg CO2e,2019-08,2019,0.0,1715,1,Frontier Developments Ltd.,Frontier Developments Ltd.,False,True,False
214832269481,Crestline Real Estate Pte. Ltd.,City Plaza Commercial,Water,Potable water,kg CO2e,2019-08,2019,1466.79772,1705,1,Frontier Developments Ltd.,Frontier Developments Ltd.,False,False,False
354342113419,Frontier Developments Ltd.,One Holland Village,Water,Potable water,kg CO2e,2019-08,2019,0.0,1704,0,,Frontier Developments Ltd.,False,True,False
354342113419,Frontier Developments Ltd.,Raffles Place Centre,Water,Potable water,kg CO2e,2019-08,2019,0.0,1704,0,,Frontier Developments Ltd.,False,True,False
214832269481,Crestline Real Estate Pte. Ltd.,Tanjong Pagar Plaza,Water,Potable water,kg CO2e,2019-08,2019,1739.13992,1705,1,Frontier Developments Ltd.,Frontier Developments Ltd.,False,False,False
214832269481,Crestline Real Estate Pte. Ltd.,Novena Medical Hub,Water,Potable water,kg CO2e,2019-08,2019,0.0,1705,1,Frontier Developments Ltd.,Frontier Developments Ltd.,False,True,False
214832269481,Crestline Real Estate Pte. Ltd.,Riverside Walk Mall,Water,Potable water,kg CO2e,2019-08,2019,1466.79772,1705,1,Frontier Developments Ltd.,Frontier Developments Ltd.,False,False,False
354342113419,Frontier Developments Ltd.,Sentosa Cove Villas,Water,Potable water,kg CO2e,2019-08,2019,0.0,1704,0,,Frontier Developments Ltd.,False,True,False
886833016361,Blue Ridge Properties Ltd.,Harbourfront Office Park,Water,Potable water,kg CO2e,2019-09,2019,0.0,1715,1,Frontier Developments Ltd.,Frontier Developments Ltd.,False,True,False
354342113419,Frontier Developments Ltd.,Raffles Place Centre,Water,Potable water,kg CO2e,2019-09,2019,0.0,1704,0,,Frontier Developments Ltd.,False,True,False
354342113419,Frontier Developments Ltd.,One Holland Village,Water,Potable water,kg CO2e,2019-09,2019,0.0,1704,0,,Frontier Developments Ltd.,False,True,False
214832269481,Crestline Real Estate Pte. Ltd.,Riverside Walk Mall,Water,Potable water,kg CO2e,2019-09,2019,2601.32097,1705,1,Frontier Developments Ltd.,Frontier Developments Ltd.,False,False,False
354342113419,Frontier Developments Ltd.,Buona Vista Campus,Water,Potable water,kg CO2e,2019-09,2019,0.0,1704,0,,Frontier Developments Ltd.,False,True,False
354342113419,Frontier Developments Ltd.,Sentosa Cove Villas,Water,Potable water,kg CO2e,2019-09,2019,0.0,1704,0,,Frontier Developments Ltd.,False,True,False
214832269481,Crestline Real Estate Pte. Ltd.,City Plaza Commercial,Water,Potable water,kg CO2e,2019-09,2019,2601.32097,1705,1,Frontier Developments Ltd.,Frontier Developments Ltd.,False,False,False
214832269481,Crestline Real Estate Pte. Ltd.,Tanjong Pagar Plaza,Water,Potable water,kg CO2e,2019-09,2019,1786.02128,1705,1,Frontier Developments Ltd.,Frontier Developments Ltd.,False,False,False
214832269481,Crestline Real Estate Pte. Ltd.,Clarke Quay Hotel,Water,Potable water,kg CO2e,2019-09,2019,0.0,1705,1,Frontier Developments Ltd.,Frontier Developments Ltd.,False,True,False
214832269481,Crestline Real Estate Pte. Ltd.,Novena Medical Hub,Water,Potable water,kg CO2e,2019-09,2019,0.0,1705,1,Frontier Developments Ltd.,Frontier Developments Ltd.,False,True,False
214832269481,Crestline Real Estate Pte. Ltd.,Riverside Walk Mall,Water,Potable water,kg CO2e,2019-10,2019,1422.40764,1705,1,Frontier Developments Ltd.,Frontier Developments Ltd.,False,False,False
354342113419,Frontier Developments Ltd.,One Holland Village,Water,Potable water,kg CO2e,2019-10,2019,0.0,1704,0,,Frontier Developments Ltd.,False,True,False
886833016361,Blue Ridge Properties Ltd.,Harbourfront Office Park,Water,Potable water,kg CO2e,2019-10,2019,0.0,1715,1,Frontier Developments Ltd.,Frontier Developments Ltd.,False,True,False
354342113419,Frontier Developments Ltd.,Sentosa Cove Villas,Water,Potable water,kg CO2e,2019-10,2019,0.0,1704,0,,Frontier Developments Ltd.,False,True,False
214832269481,Crestline Real Estate Pte. Ltd.,Tanjong Pagar Plaza,Water,Potable water,kg CO2e,2019-10,2019,2654.79856,1705,1,Frontier Developments Ltd.,Frontier Developments Ltd.,False,False,False
354342113419,Frontier Developments Ltd.,Buona Vista Campus,Water,Potable water,kg CO2e,2019-10,2019,0.0,1704,0,,Frontier Developments Ltd.,False,True,False
214832269481,Crestline Real Estate Pte. Ltd.,City Plaza Commercial,Water,Potable water,kg CO2e,2019-10,2019,1422.40764,1705,1,Frontier Developments Ltd.,Frontier Developments Ltd.,False,False,False
214832269481,Crestline Real Estate Pte. Ltd.,Clarke Quay Hotel,Water,Potable water,kg CO2e,2019-10,2019,0.0,1705,1,Frontier Developments Ltd.,Frontier Developments Ltd.,False,True,False
214832269481,Crestline Real Estate Pte. Ltd.,Novena Medical Hub,Water,Potable water,kg CO2e,2019-10,2019,0.0,1705,1,Frontier Developments Ltd.,Frontier Developments Ltd.,False,True,False
354342113419,Frontier Developments Ltd.,Raffles Place Centre,Water,Potable water,kg CO2e,2019-10,2019,0.0,1704,0,,Frontier Developments Ltd.,False,True,False
214832269481,Crestline Real Estate Pte. Ltd.,City Plaza Commercial,Water,Potable water,kg CO2e,2019-11,2019,1737.63949,1705,1,Frontier Developments Ltd.,Frontier Developments Ltd.,False,False,False
214832269481,Crestline Real Estate Pte. Ltd.,Clarke Quay Hotel,Water,Potable water,kg CO2e,2019-11,2019,0.0,1705,1,Frontier Developments Ltd.,Frontier Developments Ltd.,False,True,False
214832269481,Crestline Real Estate Pte. Ltd.,Novena Medical Hub,Water,Potable water,kg CO2e,2019-11,2019,0.0,1705,1,Frontier Developments Ltd.,Frontier Developments Ltd.,False,True,False
354342113419,Frontier Developments Ltd.,Raffles Place Centre,Water,Potable water,kg CO2e,2019-11,2019,0.0,1704,0,,Frontier Developments Ltd.,False,True,False
886833016361,Blue Ridge Properties Ltd.,Harbourfront Office Park,Water,Potable water,kg CO2e,2019-11,2019,0.0,1715,1,Frontier Developments Ltd.,Frontier Developments Ltd.,False,True,False
354342113419,Frontier Developments Ltd.,Sentosa Cove Villas,Water,Potable water,kg CO2e,2019-11,2019,0.0,1704,0,,Frontier Developments Ltd.,False,True,False
214832269481,Crestline Real Estate Pte. Ltd.,Riverside Walk Mall,Water,Potable water,kg CO2e,2019-11,2019,1737.63949,1705,1,Frontier Developments Ltd.,Frontier Developments Ltd.,False,False,False
354342113419,Frontier Developments Ltd.,Buona Vista Campus,Water,Potable water,kg CO2e,2019-11,2019,0.0,1704,0,,Frontier Developments Ltd.,False,True,False
354342113419,Frontier Developments Ltd.,One Holland Village,Water,Potable water,kg CO2e,2019-11,2019,0.0,1704,0,,Frontier Developments Ltd.,False,True,False
214832269481,Crestline Real Estate Pte. Ltd.,Tanjong Pagar Plaza,Water,Potable water,kg CO2e,2019-11,2019,1771.13022,1705,1,Frontier Developments Ltd.,Frontier Developments Ltd.,False,False,False
354342113419,Frontier Developments Ltd.,Buona Vista Campus,Water,Potable water,kg CO2e,2019-12,2019,0.0,1704,0,,Frontier Developments Ltd.,False,True,False
214832269481,Crestline Real Estate Pte. Ltd.,Tanjong Pagar Plaza,Water,Potable water,kg CO2e,2019-12,2019,1469.45886,1705,1,Frontier Developments Ltd.,Frontier Developments Ltd.,False,False,False
214832269481,Crestline Real Estate Pte. Ltd.,Riverside Walk Mall,Water,Potable water,kg CO2e,2019-12,2019,1537.57272,1705,1,Frontier Developments Ltd.,Frontier Developments Ltd.,False,False,False
214832269481,Crestline Real Estate Pte. Ltd.,Clarke Quay Hotel,Water,Potable water,kg CO2e,2019-12,2019,0.0,1705,1,Frontier Developments Ltd.,Frontier Developments Ltd.,False,True,False
886833016361,Blue Ridge Properties Ltd.,Harbourfront Office Park,Water,Potable water,kg CO2e,2019-12,2019,0.0,1715,1,Frontier Developments Ltd.,Frontier Developments Ltd.,False,True,False
214832269481,Crestline Real Estate Pte. Ltd.,City Plaza Commercial,Water,Potable water,kg CO2e,2019-12,2019,1537.57272,1705,1,Frontier Developments Ltd.,Frontier Developments Ltd.,False,False,False
214832269481,Crestline Real Estate Pte. Ltd.,Novena Medical Hub,Water,Potable water,kg CO2e,2019-12,2019,0.0,1705,1,Frontier Developments Ltd.,Frontier Developments Ltd.,False,True,False
354342113419,Frontier Developments Ltd.,Raffles Place Centre,Water,Potable water,kg CO2e,2019-12,2019,0.0,1704,0,,Frontier Developments Ltd.,False,True,False
354342113419,Frontier Developments Ltd.,Sentosa Cove Villas,Water,Potable water,kg CO2e,2019-12,2019,0.0,1704,0,,Frontier Developments Ltd.,False,True,False
354342113419,Frontier Developments Ltd.,One Holland Village,Water,Potable water,kg CO2e,2019-12,2019,0.0,1704,0,,Frontier Developments Ltd.,False,True,False
367469214295,Granite Capital Partners Pte. Ltd.,Marina Bay Tower,Water,Water supply,kg CO2e,2019-01,2019,0.0,1717,1,Frontier Developments Ltd.,Frontier Developments Ltd.,False,True,False
198912225902,Emerald Hospitality Group Pte. Ltd.,Suntec City Annexe,Water,Water supply,kg CO2e,2019-01,2019,0.0,1716,1,Frontier Developments Ltd.,Frontier Developments Ltd.,False,True,False
198912225902,Emerald Hospitality Group Pte. Ltd.,Lagoon Residences,Water,Water supply,kg CO2e,2019-01,2019,0.0,1716,1,Frontier Developments Ltd.,Frontier Developments Ltd.,False,True,False
198912225902,Emerald Hospitality Group Pte. Ltd.,Suntec City Annexe,Water,Water supply,kg CO2e,2019-02,2019,0.0,1716,1,Frontier Developments Ltd.,Frontier Developments Ltd.,False,True,False
367469214295,Granite Capital Partners Pte. Ltd.,Marina Bay Tower,Water,Water supply,kg CO2e,2019-02,2019,0.0,1717,1,Frontier Developments Ltd.,Frontier Developments Ltd.,False,True,False
198912225902,Emerald Hospitality Group Pte. Ltd.,Lagoon Residences,Water,Water supply,kg CO2e,2019-02,2019,0.0,1716,1,Frontier Developments Ltd.,Frontier Developments Ltd.,False,True,False
198912225902,Emerald Hospitality Group Pte. Ltd.,Suntec City Annexe,Water,Water supply,kg CO2e,2019-03,2019,0.0,1716,1,Frontier Developments Ltd.,Frontier Developments Ltd.,False,True,False
367469214295,Granite Capital Partners Pte. Ltd.,Marina Bay Tower,Water,Water supply,kg CO2e,2019-03,2019,0.0,1717,1,Frontier Developments Ltd.,Frontier Developments Ltd.,False,True,False
198912225902,Emerald Hospitality Group Pte. Ltd.,Lagoon Residences,Water,Water supply,kg CO2e,2019-03,2019,0.0,1716,1,Frontier Developments Ltd.,Frontier Developments Ltd.,False,True,False
367469214295,Granite Capital Partners Pte. Ltd.,Marina Bay Tower,Water,Water supply,kg CO2e,2019-04,2019,0.0,1717,1,Frontier Developments Ltd.,Frontier Developments Ltd.,False,True,False
198912225902,Emerald Hospitality Group Pte. Ltd.,Lagoon Residences,Water,Water supply,kg CO2e,2019-04,2019,0.0,1716,1,Frontier Developments Ltd.,Frontier Developments Ltd.,False,True,False
198912225902,Emerald Hospitality Group Pte. Ltd.,Suntec City Annexe,Water,Water supply,kg CO2e,2019-04,2019,0.0,1716,1,Frontier Developments Ltd.,Frontier Developments Ltd.,False,True,False
367469214295,Granite Capital Partners Pte. Ltd.,Marina Bay Tower,Water,Water supply,kg CO2e,2019-05,2019,0.0,1717,1,Frontier Developments Ltd.,Frontier Developments Ltd.,False,True,False
198912225902,Emerald Hospitality Group Pte. Ltd.,Suntec City Annexe,Water,Water supply,kg CO2e,2019-05,2019,0.0,1716,1,Frontier Developments Ltd.,Frontier Developments Ltd.,False,True,False
198912225902,Emerald Hospitality Group Pte. Ltd.,Lagoon Residences,Water,Water supply,kg CO2e,2019-05,2019,0.0,1716,1,Frontier Developments Ltd.,Frontier Developments Ltd.,False,True,False
198912225902,Emerald Hospitality Group Pte. Ltd.,Suntec City Annexe,Water,Water supply,kg CO2e,2019-06,2019,0.0,1716,1,Frontier Developments Ltd.,Frontier Developments Ltd.,False,True,False
367469214295,Granite Capital Partners Pte. Ltd.,Marina Bay Tower,Water,Water supply,kg CO2e,2019-06,2019,0.0,1717,1,Frontier Developments Ltd.,Frontier Developments Ltd.,False,True,False
198912225902,Emerald Hospitality Group Pte. Ltd.,Lagoon Residences,Water,Water supply,kg CO2e,2019-06,2019,0.0,1716,1,Frontier Developments Ltd.,Frontier Developments Ltd.,False,True,False
198912225902,Emerald Hospitality Group Pte. Ltd.,Lagoon Residences,Water,Water supply,kg CO2e,2019-07,2019,0.0,1716,1,Frontier Developments Ltd.,Frontier Developments Ltd.,False,True,False
367469214295,Granite Capital Partners Pte. Ltd.,Marina Bay Tower,Water,Water supply,kg CO2e,2019-07,2019,0.0,1717,1,Frontier Developments Ltd.,Frontier Developments Ltd.,False,True,False
198912225902,Emerald Hospitality Group Pte. Ltd.,Suntec City Annexe,Water,Water supply,kg CO2e,2019-07,2019,0.0,1716,1,Frontier Developments Ltd.,Frontier Developments Ltd.,False,True,False
198912225902,Emerald Hospitality Group Pte. Ltd.,Lagoon Residences,Water,Water supply,kg CO2e,2019-08,2019,0.0,1716,1,Frontier Developments Ltd.,Frontier Developments Ltd.,False,True,False
367469214295,Granite Capital Partners Pte. Ltd.,Marina Bay Tower,Water,Water supply,kg CO2e,2019-08,2019,0.0,1717,1,Frontier Developments Ltd.,Frontier Developments Ltd.,False,True,False
198912225902,Emerald Hospitality Group Pte. Ltd.,Suntec City Annexe,Water,Water supply,kg CO2e,2019-08,2019,0.0,1716,1,Frontier Developments Ltd.,Frontier Developments Ltd.,False,True,False
198912225902,Emerald Hospitality Group Pte. Ltd.,Lagoon Residences,Water,Water supply,kg CO2e,2019-09,2019,0.0,1716,1,Frontier Developments Ltd.,Frontier Developments Ltd.,False,True,False
198912225902,Emerald Hospitality Group Pte. Ltd.,Suntec City Annexe,Water,Water supply,kg CO2e,2019-09,2019,0.0,1716,1,Frontier Developments Ltd.,Frontier Developments Ltd.,False,True,False
367469214295,Granite Capital Partners Pte. Ltd.,Marina Bay Tower,Water,Water supply,kg CO2e,2019-09,2019,0.0,1717,1,Frontier Developments Ltd.,Frontier Developments Ltd.,False,True,False
198912225902,Emerald Hospitality Group Pte. Ltd.,Lagoon Residences,Water,Water supply,kg CO2e,2019-10,2019,0.0,1716,1,Frontier Developments Ltd.,Frontier Developments Ltd.,False,True,False
367469214295,Granite Capital Partners Pte. Ltd.,Marina Bay Tower,Water,Water supply,kg CO2e,2019-10,2019,0.0,1717,1,Frontier Developments Ltd.,Frontier Developments Ltd.,False,True,False
198912225902,Emerald Hospitality Group Pte. Ltd.,Suntec City Annexe,Water,Water supply,kg CO2e,2019-10,2019,0.0,1716,1,Frontier Developments Ltd.,Frontier Developments Ltd.,False,True,False
198912225902,Emerald Hospitality Group Pte. Ltd.,Suntec City Annexe,Water,Water supply,kg CO2e,2019-11,2019,0.0,1716,1,Frontier Developments Ltd.,Frontier Developments Ltd.,False,True,False
367469214295,Granite Capital Partners Pte. Ltd.,Marina Bay Tower,Water,Water supply,kg CO2e,2019-11,2019,0.0,1717,1,Frontier Developments Ltd.,Frontier Developments Ltd.,False,True,False
198912225902,Emerald Hospitality Group Pte. Ltd.,Lagoon Residences,Water,Water supply,kg CO2e,2019-11,2019,0.0,1716,1,Frontier Developments Ltd.,Frontier Developments Ltd.,False,True,False
198912225902,Emerald Hospitality Group Pte. Ltd.,Lagoon Residences,Water,Water supply,kg CO2e,2019-12,2019,0.0,1716,1,Frontier Developments Ltd.,Frontier Developments Ltd.,False,True,False
198912225902,Emerald Hospitality Group Pte. Ltd.,Suntec City Annexe,Water,Water supply,kg CO2e,2019-12,2019,0.0,1716,1,Frontier Developments Ltd.,Frontier Developments Ltd.,False,True,False
367469214295,Granite Capital Partners Pte. Ltd.,Marina Bay Tower,Water,Water supply,kg CO2e,2019-12,2019,0.0,1717,1,Frontier Developments Ltd.,Frontier Developments Ltd.,False,True,False
